parent	radius	flips	target_kind	target_index
0	1	0,1	base	131
0	1	4,5	base	11
0	1	6,7	base	22
0	1	22,31	base	16
0	1	31,39	base	12
0	1	38,39	base	14
0	4	4,17;3,25;35,37;20,38	base	123
1	1	2,3	base	132
1	1	19,20	base	21
1	1	18,22	base	9
1	1	21,23	base	24
1	1	18,32	base	2
1	1	32,39	base	7
1	4	12,19;0,28;29,38;15,39	base	28
2	1	2,3	base	89
2	1	18,19	base	22
2	1	20,21	base	11
2	1	22,36	base	10
2	1	36,39	base	1
2	1	38,39	base	8
2	4	12,18;0,27;28,37;15,38	base	47
3	1	2,3	base	77
3	1	4,5	base	7
3	1	20,21	base	4
3	1	20,22	base	21
3	1	21,23	base	21
3	1	24,25	base	13
4	1	2,3	base	78
4	1	4,5	base	8
4	1	22,23	base	14
4	1	20,34	base	22
4	1	21,35	base	22
4	1	34,35	base	3
5	1	2,3	base	79
5	1	4,5	base	9
5	1	20,21	base	15
5	1	32,33	base	6
5	1	32,36	base	21
5	1	33,37	base	21
5	4	5,16;0,24;18,37;35,38	base	33
5	4	4,17;1,25;19,36;34,39	base	33
6	1	2,3	base	80
6	1	4,5	base	10
6	1	20,21	base	16
6	1	34,38	base	22
6	1	35,39	base	22
6	1	38,39	base	5
6	4	5,16;0,24;18,35;33,36	base	61
6	4	4,17;1,25;19,34;32,37	base	61
7	1	2,3	base	92
7	1	18,19	base	8
7	1	20,21	base	3
7	1	18,22	base	1
7	1	19,23	base	1
7	1	24,25	base	17
8	1	2,3	base	95
8	1	18,19	base	4
8	1	20,21	base	18
8	1	22,38	base	2
8	1	23,39	base	2
8	1	38,39	base	7
9	1	2,3	base	93
9	1	18,19	base	5
9	1	20,21	base	19
9	1	36,37	base	10
9	1	36,38	base	1
9	1	37,39	base	1
9	4	11,18;1,29;26,33;15,38	base	30
9	4	10,19;0,28;27,32;14,39	base	30
10	1	2,3	base	94
10	1	18,19	base	6
10	1	20,21	base	20
10	1	36,40	base	2
10	1	37,41	base	2
10	1	40,41	base	9
10	4	11,18;1,29;26,33;15,36	base	44
10	4	10,19;0,28;27,32;14,37	base	44
11	1	0,1	base	187
11	1	5,7	base	2
11	1	20,21	base	0
11	1	24,30	base	20
11	1	30,39	base	24
11	1	38,39	base	18
11	4	15,20;3,27;31,33;16,38	base	59
12	1	0,1	base	130
12	1	4,5	base	24
12	1	6,7	base	21
12	1	19,23	base	15
12	1	19,32	base	0
12	1	32,38	base	13
12	4	5,17;2,28;22,38;34,39	base	227
13	1	0,1	base	126
13	1	4,5	base	17
13	1	6,7	base	3
13	1	20,21	base	14
13	1	20,24	base	12
13	1	21,25	base	12
14	1	0,1	base	127
14	1	4,5	base	18
14	1	6,7	base	4
14	1	22,32	base	0
14	1	23,33	base	0
14	1	32,33	base	13
15	1	0,1	base	128
15	1	4,5	base	19
15	1	6,7	base	5
15	1	30,31	base	16
15	1	30,38	base	12
15	1	31,39	base	12
15	4	5,16;2,24;32,37;20,39	base	124
15	4	4,17;3,25;33,36;21,38	base	124
16	1	0,1	base	129
16	1	4,5	base	20
16	1	6,7	base	6
16	1	36,38	base	0
16	1	37,39	base	0
16	1	38,39	base	15
16	4	5,16;2,24;30,35;20,37	base	125
16	4	4,17;3,25;31,34;21,36	base	125
17	1	0,1	base	166
17	1	6,7	base	7
17	1	14,15	base	18
17	1	22,23	base	13
17	1	14,24	base	24
17	1	15,25	base	24
18	1	0,1	base	169
18	1	6,7	base	8
18	1	20,21	base	14
18	1	22,28	base	11
18	1	23,29	base	11
18	1	28,29	base	17
19	1	0,1	base	167
19	1	6,7	base	9
19	1	20,21	base	15
19	1	26,27	base	20
19	1	26,38	base	24
19	1	27,39	base	24
19	4	15,20;3,29;31,32;19,38	base	53
19	4	14,21;2,28;30,33;18,39	base	53
20	1	0,1	base	168
20	1	6,7	base	10
20	1	20,21	base	16
20	1	36,38	base	11
20	1	37,39	base	11
20	1	38,39	base	19
20	4	15,20;3,27;29,30;19,36	base	63
20	4	14,21;2,26;28,31;18,37	base	63
21	1	0,3	base	86
21	1	4,5	base	1
21	1	20,21	base	5
21	1	22,23	base	12
21	1	20,36	base	22
21	1	36,37	base	3
21	4	5,14;1,27;19,37;35,38	base	51
22	1	0,3	base	85
22	1	4,5	base	2
22	1	21,22	base	0
22	1	20,33	base	6
22	1	33,39	base	21
22	1	36,39	base	4
22	4	5,14;1,26;19,36;35,37	base	49
23	1	0,1	complement	214
23	1	6,7	complement	213
23	1	8,9	complement	211
23	1	7,14	complement	215
23	1	6,15	complement	215
23	1	14,15	complement	203
23	1	30,31	complement	147
23	1	32,33	complement	252
24	1	0,1	base	118
24	1	4,7	base	1
24	1	21,22	base	12
24	1	15,25	base	19
24	1	15,28	base	11
24	1	28,39	base	17
24	4	16,21;3,29;32,35;17,39	base	57
25	1	0,2	base	140
25	1	18,22	base	54
25	1	17,29	base	45
25	1	21,34	base	37
25	1	17,37	base	121
25	1	35,37	base	27
25	1	36,40	base	26
26	1	0,2	base	137
26	1	18,23	base	56
26	1	17,30	base	48
26	1	21,35	base	32
26	1	22,36	base	25
26	1	17,38	base	217
26	1	37,38	base	28
27	1	0,2	base	139
27	1	17,23	base	29
27	1	20,23	base	25
27	1	18,24	base	55
27	1	17,31	base	46
27	1	22,36	base	38
27	1	37,40	base	28
28	1	0,2	base	136
28	1	17,24	base	30
28	1	20,24	base	26
28	1	18,25	base	57
28	1	17,32	base	47
28	1	22,37	base	51
28	1	23,38	base	27
28	4	3,20;10,21;33,37;13,40	base	1
29	1	0,2	base	138
29	1	17,22	base	52
29	1	21,34	base	50
29	1	29,35	base	60
29	1	19,37	base	121
29	1	35,37	base	27
29	1	36,40	base	30
30	1	0,2	base	87
30	1	17,23	base	53
30	1	21,35	base	33
30	1	22,36	base	29
30	1	30,37	base	44
30	1	19,38	base	217
30	1	37,38	base	28
30	4	3,19;10,20;31,35;13,40	base	9
31	1	0,2	base	160
31	1	6,17	base	60
31	1	19,23	base	228
31	1	20,35	base	119
31	1	34,38	base	61
31	1	35,39	base	35
31	1	37,39	base	50
31	4	6,12;1,27;28,31;16,35	base	186
32	1	0,1	base	104
32	1	6,14	base	26
32	1	20,24	base	226
32	1	19,33	base	36
32	1	22,35	base	37
32	1	19,38	base	219
32	1	37,38	base	51
33	1	0,1	base	158
33	1	6,14	base	30
33	1	19,24	base	124
33	1	22,35	base	50
33	1	33,37	base	61
33	1	21,38	base	219
33	1	37,38	base	51
33	4	6,12;2,29;28,34;16,38	base	303
33	4	3,21;17,23;14,36;13,39	base	5
34	1	0,2	base	164
34	1	6,17	base	45
34	1	19,22	base	222
34	1	33,36	base	119
34	1	34,36	base	35
34	1	33,38	base	37
34	1	35,39	base	36
35	1	0,2	base	161
35	1	6,17	base	46
35	1	20,23	base	34
35	1	19,24	base	223
35	1	23,35	base	31
35	1	35,38	base	38
35	1	36,39	base	49
36	1	0,2	base	102
36	1	6,17	base	48
36	1	19,23	base	122
36	1	21,33	base	34
36	1	35,37	base	120
36	1	36,37	base	49
36	1	35,39	base	32
37	1	0,2	base	165
37	1	6,17	base	25
37	1	20,23	base	220
37	1	19,33	base	34
37	1	19,37	base	218
37	1	35,37	base	38
37	1	36,39	base	32
38	1	0,2	base	163
38	1	6,17	base	27
38	1	19,24	base	50
38	1	21,24	base	37
38	1	20,25	base	221
38	1	19,35	base	35
38	1	37,39	base	51
39	1	6,15	base	171
39	1	25,39	base	254
39	1	17,40	base	305
39	1	39,41	base	188
40	1	0,5	complement	91
40	1	0,6	complement	143
40	1	3,14	complement	90
40	1	6,16	complement	133
40	1	18,31	complement	100
40	1	27,35	complement	42
40	1	34,36	complement	97
41	1	7,31	base	171
41	1	22,32	base	254
41	1	23,40	base	271
42	1	0,3	complement	40
42	1	17,20	base	74
42	1	21,32	base	119
42	1	34,37	base	43
42	1	35,39	base	121
42	1	33,41	base	60
42	1	39,41	base	45
43	1	0,3	base	90
43	1	17,21	base	75
43	1	20,33	base	42
43	1	22,34	base	120
43	1	36,39	base	217
43	1	35,41	base	44
43	1	39,41	base	48
44	1	0,3	base	134
44	1	17,22	base	63
44	1	21,34	base	60
44	1	23,35	base	61
44	1	19,36	base	43
44	1	36,40	base	47
44	1	37,40	base	30
44	4	12,18;2,19;28,35;11,38	base	10
45	1	0,3	base	143
45	1	17,21	base	64
45	1	20,31	base	34
45	1	33,36	base	42
45	1	34,36	base	46
45	1	33,37	base	25
45	1	35,40	base	48
46	1	0,3	base	142
46	1	18,22	base	45
46	1	17,23	base	58
46	1	21,33	base	35
46	1	22,35	base	60
46	1	35,37	base	27
46	1	36,40	base	47
47	1	0,3	base	141
47	1	18,23	base	48
47	1	17,24	base	59
47	1	22,34	base	49
47	1	21,36	base	46
47	1	23,37	base	44
47	1	37,38	base	28
47	4	2,18;10,20;31,34;13,40	base	2
48	1	0,3	base	88
48	1	17,22	base	65
48	1	20,32	base	36
48	1	21,34	base	45
48	1	35,37	base	43
48	1	36,37	base	47
48	1	35,38	base	26
49	1	0,1	base	157
49	1	6,16	base	47
49	1	21,23	base	36
49	1	19,25	base	123
49	1	22,35	base	35
49	1	23,37	base	61
49	1	37,38	base	51
49	4	2,21;17,24;16,36;13,39	base	22
50	1	0,3	base	162
50	1	6,17	base	29
50	1	19,23	base	224
50	1	33,35	base	31
50	1	20,37	base	218
50	1	35,37	base	38
50	1	36,39	base	33
50	4	6,12;1,28;27,31;16,37	base	286
51	1	0,1	base	156
51	1	6,17	base	28
51	1	19,24	base	33
51	1	22,24	base	32
51	1	20,26	base	227
51	1	19,33	base	49
51	1	23,37	base	38
51	4	2,22;16,25;17,38;13,39	base	21
52	1	0,1	base	110
52	1	4,7	base	29
52	1	26,33	base	62
52	1	22,35	base	224
52	1	20,37	base	73
52	1	33,37	base	55
52	1	36,40	base	53
53	1	0,1	base	70
53	1	4,7	base	30
53	1	27,34	base	63
53	1	23,36	base	124
53	1	20,37	base	52
53	1	21,38	base	76
53	1	34,38	base	57
53	4	16,18;2,21;30,36;19,40	base	19
54	1	0,1	base	112
54	1	4,7	base	25
54	1	16,26	base	64
54	1	22,34	base	220
54	1	16,37	base	73
54	1	36,37	base	55
54	1	35,40	base	56
55	1	0,1	base	111
55	1	4,7	base	27
55	1	16,24	base	52
55	1	21,24	base	54
55	1	16,28	base	58
55	1	23,36	base	221
55	1	37,40	base	57
56	1	0,1	base	72
56	1	4,7	base	26
56	1	16,27	base	65
56	1	23,35	base	226
56	1	21,36	base	54
56	1	16,38	base	76
56	1	37,38	base	57
57	1	0,1	base	71
57	1	4,7	base	28
57	1	16,25	base	53
57	1	22,25	base	56
57	1	16,29	base	59
57	1	24,37	base	227
57	1	21,38	base	55
57	4	17,19;2,22;32,37;20,40	base	24
58	1	0,1	base	106
58	1	4,7	base	46
58	1	20,23	base	64
58	1	23,33	base	62
58	1	22,35	base	223
58	1	33,37	base	55
58	1	36,40	base	59
59	1	0,1	base	68
59	1	4,7	base	47
59	1	21,24	base	65
59	1	24,34	base	63
59	1	23,36	base	123
59	1	20,37	base	58
59	1	34,38	base	57
59	4	16,18;2,21;30,36;19,40	base	11
60	1	0,2	base	133
60	1	18,22	base	62
60	1	21,32	base	31
60	1	17,35	base	42
60	1	34,39	base	44
60	1	35,40	base	46
60	1	36,40	base	29
61	1	0,3	base	159
61	1	6,14	base	44
61	1	19,24	base	125
61	1	22,34	base	31
61	1	21,36	base	120
61	1	36,40	base	49
61	1	37,40	base	33
61	4	6,12;2,28;29,33;17,36	base	304
61	4	1,21;15,23;14,35;13,38	base	6
62	1	0,2	base	96
62	1	4,7	base	60
62	1	22,32	base	228
62	1	20,35	base	74
62	1	35,39	base	58
62	1	36,39	base	52
62	1	34,40	base	63
63	1	0,2	base	66
63	1	4,7	base	44
63	1	23,33	base	125
63	1	20,35	base	62
63	1	21,36	base	75
63	1	36,40	base	59
63	1	37,40	base	53
63	4	16,18;1,21;29,33;19,39	base	20
64	1	0,2	base	107
64	1	4,7	base	45
64	1	21,33	base	222
64	1	31,36	base	74
64	1	35,36	base	58
64	1	31,37	base	54
64	1	34,40	base	65
65	1	0,2	base	69
65	1	4,7	base	48
65	1	22,34	base	122
65	1	20,35	base	64
65	1	32,37	base	75
65	1	36,37	base	59
65	1	32,38	base	56
66	1	2,5	base	134
66	1	13,16	base	63
66	1	17,33	base	96
66	1	24,35	base	184
66	1	23,36	base	67
66	1	36,40	base	68
66	1	37,40	base	70
66	4	18,20;0,23;25,35;19,38	base	168
67	1	2,5	base	90
67	1	13,16	base	75
67	1	17,32	base	97
67	1	23,34	base	180
67	1	36,39	base	109
67	1	35,41	base	66
67	1	39,41	base	69
68	1	1,5	base	141
68	1	13,15	base	59
68	1	23,25	base	69
68	1	24,33	base	154
68	1	16,36	base	106
68	1	25,37	base	66
68	1	37,38	base	71
68	4	18,19;0,23;28,33;21,39	base	187
69	1	1,5	base	88
69	1	13,16	base	65
69	1	23,32	base	185
69	1	17,33	base	107
69	1	35,37	base	67
69	1	36,37	base	68
69	1	35,38	base	72
70	1	1,5	base	87
70	1	13,15	base	53
70	1	24,33	base	155
70	1	16,35	base	110
70	1	28,37	base	66
70	1	23,38	base	109
70	1	37,38	base	71
70	4	18,19;0,23;27,33;21,39	base	167
71	1	1,5	base	136
71	1	13,15	base	57
71	1	20,26	base	70
71	1	24,26	base	72
71	1	20,30	base	68
71	1	25,35	base	113
71	1	16,37	base	111
71	4	18,19;0,24;29,35;22,39	base	118
72	1	1,5	base	137
72	1	13,15	base	56
72	1	20,28	base	69
72	1	24,33	base	182
72	1	16,35	base	112
72	1	20,38	base	109
72	1	37,38	base	71
73	1	0,2	base	108
73	1	5,6	base	121
73	1	23,32	base	74
73	1	22,34	base	83
73	1	36,37	base	76
73	1	32,41	base	54
73	1	35,41	base	52
74	1	0,2	base	97
74	1	5,6	base	42
74	1	22,32	base	84
74	1	34,36	base	75
74	1	35,37	base	73
74	1	33,41	base	62
74	1	37,41	base	64
75	1	0,2	base	67
75	1	5,6	base	43
75	1	20,32	base	74
75	1	23,34	base	82
75	1	36,37	base	76
75	1	35,41	base	63
75	1	37,41	base	65
76	1	0,2	base	109
76	1	5,6	base	217
76	1	20,33	base	73
76	1	24,34	base	75
76	1	22,36	base	81
76	1	34,41	base	56
76	1	37,41	base	53
77	1	2,3	base	92
77	1	16,17	base	3
77	1	20,22	base	86
77	1	21,23	base	86
77	1	22,23	base	78
77	1	24,25	base	126
78	1	2,3	base	95
78	1	16,17	base	4
78	1	22,23	base	127
78	1	20,34	base	85
78	1	21,35	base	85
78	1	34,35	base	77
79	1	2,3	base	93
79	1	16,17	base	5
79	1	20,21	base	128
79	1	32,34	base	86
79	1	33,35	base	86
79	1	34,35	base	80
79	4	3,8;0,24;18,33;37,38	base	158
79	4	2,9;1,25;19,32;36,39	base	158
80	1	2,3	base	94
80	1	16,17	base	6
80	1	20,21	base	129
80	1	32,38	base	85
80	1	33,39	base	85
80	1	38,39	base	79
80	4	3,8;0,24;18,33;35,36	base	159
80	4	2,9;1,25;19,32;34,37	base	159
81	1	0,2	base	99
81	1	3,6	base	219
81	1	7,19	base	76
81	1	27,31	base	82
81	1	22,33	base	83
81	1	31,41	base	226
81	1	37,41	base	124
81	4	7,14;5,26;29,34;18,41	base	317
82	1	0,2	base	180
82	1	3,6	base	120
82	1	7,19	base	75
82	1	22,31	base	84
82	1	36,37	base	81
82	1	35,41	base	125
82	1	37,41	base	122
82	4	7,14;5,26;28,32;18,41	base	316
83	1	0,2	base	98
83	1	3,6	base	218
83	1	7,19	base	73
83	1	26,31	base	84
83	1	36,37	base	81
83	1	31,41	base	220
83	1	35,41	base	224
83	4	7,15;5,25;28,32;18,41	base	284
84	1	0,2	base	179
84	1	3,6	base	119
84	1	7,19	base	74
84	1	34,36	base	82
84	1	35,37	base	83
84	1	33,41	base	228
84	1	37,41	base	222
84	4	7,15;5,25;27,30;18,41	base	283
85	1	2,3	base	89
85	1	13,14	base	22
85	1	21,24	base	131
85	1	20,34	base	80
85	1	34,41	base	86
85	1	36,41	base	78
85	4	3,8;0,27;19,36;35,38	base	157
86	1	2,3	base	132
86	1	16,17	base	21
86	1	20,21	base	79
86	1	24,25	base	130
86	1	21,35	base	85
86	1	34,35	base	77
86	4	3,8;0,27;19,34;36,39	base	156
87	1	12,14	base	30
87	1	18,23	base	70
87	1	22,34	base	158
87	1	17,36	base	138
87	1	35,37	base	134
87	1	21,38	base	135
87	1	37,38	base	136
87	4	15,19;0,21;26,34;16,39	base	93
88	1	11,14	base	48
88	1	18,22	base	69
88	1	21,33	base	102
88	1	17,34	base	143
88	1	35,37	base	141
88	1	36,37	base	90
88	1	36,40	base	137
89	1	12,13	base	2
89	1	18,19	base	85
89	1	22,24	base	187
89	1	23,37	base	94
89	1	37,41	base	132
89	1	38,41	base	95
89	4	4,19;0,28;30,36;17,38	base	141
90	1	12,14	base	43
90	1	18,22	base	67
90	1	21,33	base	105
90	1	17,34	complement	40
90	1	38,40	base	135
90	1	35,41	base	134
90	1	40,41	base	88
91	1	10,15	base	121
91	1	19,20	base	108
91	1	22,32	base	103
91	1	33,36	complement	40
91	1	35,37	base	135
91	1	34,41	base	138
91	1	36,41	base	140
92	1	12,13	base	7
92	1	18,19	base	95
92	1	20,21	base	77
92	1	18,22	base	132
92	1	19,23	base	132
92	1	26,27	base	166
93	1	12,13	base	9
93	1	18,19	base	79
93	1	22,23	base	167
93	1	36,37	base	94
93	1	36,38	base	132
93	1	37,39	base	132
93	4	5,18;1,27;32,35;15,38	base	87
93	4	4,19;0,26;33,34;14,39	base	87
94	1	12,13	base	10
94	1	18,19	base	80
94	1	22,23	base	168
94	1	36,40	base	89
94	1	37,41	base	89
94	1	40,41	base	93
94	4	5,18;1,27;32,35;15,36	base	134
94	4	4,19;0,26;33,34;14,37	base	134
95	1	12,13	base	8
95	1	18,19	base	78
95	1	24,25	base	169
95	1	20,38	base	89
95	1	21,39	base	89
95	1	38,39	base	92
96	1	2,5	base	133
96	1	13,15	base	62
96	1	23,34	base	116
96	1	20,35	base	97
96	1	31,38	base	66
96	1	35,40	base	106
96	1	36,40	base	110
97	1	2,5	complement	40
97	1	13,15	base	74
97	1	22,33	base	179
97	1	30,37	base	67
97	1	35,39	base	108
97	1	34,41	base	96
97	1	39,41	base	107
98	1	1,3	base	103
98	1	4,16	base	108
98	1	12,21	base	83
98	1	32,35	base	179
98	1	33,37	base	99
98	1	35,41	base	183
98	1	36,41	base	181
98	4	4,9;6,25;28,34;15,41	base	230
99	1	1,3	base	101
99	1	4,16	base	109
99	1	12,22	base	81
99	1	17,32	base	98
99	1	33,36	base	180
99	1	36,41	base	182
99	1	37,41	base	155
99	4	4,10;6,25;30,35;15,41	base	243
100	1	4,14	complement	40
100	1	12,17	base	119
100	1	19,23	base	179
100	1	33,35	base	105
100	1	38,39	base	103
100	1	34,41	base	160
100	1	39,41	base	164
100	4	4,6;3,26;31,32;16,41	base	215
101	1	4,15	base	135
101	1	9,19	base	219
101	1	20,23	base	99
101	1	18,30	base	103
101	1	35,37	base	105
101	1	36,41	base	158
101	1	37,41	base	104
101	4	4,6;2,26;32,34;14,41	base	206
102	1	4,15	base	88
102	1	12,17	base	36
102	1	19,23	base	185
102	1	18,33	base	164
102	1	35,37	base	157
102	1	36,37	base	105
102	1	36,39	base	104
103	1	4,15	base	91
103	1	8,18	base	218
103	1	20,22	base	98
103	1	33,36	base	100
103	1	35,37	base	101
103	1	34,41	base	162
103	1	36,41	base	165
103	4	4,6;2,25;30,32;14,41	base	195
104	1	4,14	base	137
104	1	9,20	base	32
104	1	17,25	base	182
104	1	19,34	base	165
104	1	22,36	base	102
104	1	22,38	base	101
104	1	37,38	base	156
105	1	4,15	base	90
105	1	7,20	base	120
105	1	19,24	base	180
105	1	21,30	base	100
105	1	35,39	base	159
105	1	37,41	base	101
105	1	39,41	base	102
105	4	4,6;2,25;33,34;13,39	base	207
106	1	1,5	base	142
106	1	13,16	base	58
106	1	20,24	base	107
106	1	23,33	base	115
106	1	24,36	base	96
106	1	36,37	base	111
106	1	32,40	base	68
107	1	1,5	base	143
107	1	13,16	base	64
107	1	22,31	base	117
107	1	34,36	base	97
107	1	35,36	base	106
107	1	34,37	base	112
107	1	30,40	base	69
108	1	2,3	base	91
108	1	13,16	base	73
108	1	22,34	base	98
108	1	29,35	base	97
108	1	33,37	base	109
108	1	35,41	base	112
108	1	36,41	base	110
109	1	2,3	base	135
109	1	12,17	base	76
109	1	16,32	base	108
109	1	23,35	base	99
109	1	30,36	base	67
109	1	36,41	base	72
109	1	37,41	base	70
110	1	1,5	base	138
110	1	13,16	base	52
110	1	23,34	base	181
110	1	29,36	base	96
110	1	20,37	base	108
110	1	36,37	base	111
110	1	32,40	base	70
111	1	1,5	base	139
111	1	13,16	base	55
111	1	18,25	base	110
111	1	21,25	base	112
111	1	18,31	base	106
111	1	24,36	base	114
111	1	34,40	base	71
112	1	1,5	base	140
112	1	13,16	base	54
112	1	18,29	base	107
112	1	23,34	base	183
112	1	18,37	base	108
112	1	36,37	base	111
112	1	32,40	base	72
113	1	1,6	base	156
113	1	5,18	base	71
113	1	12,20	base	227
113	1	19,26	base	155
113	1	21,26	base	182
113	1	19,36	base	154
113	1	15,37	base	114
113	4	0,21;22,25;18,31;24,39	base	130
114	1	1,6	base	163
114	1	5,17	base	111
114	1	12,19	base	221
114	1	18,25	base	181
114	1	20,25	base	183
114	1	18,36	base	115
114	1	34,39	base	113
115	1	1,6	base	161
115	1	4,17	base	106
115	1	12,18	base	223
115	1	19,24	base	117
115	1	24,35	base	116
115	1	35,38	base	114
115	1	32,39	base	154
116	1	1,6	base	160
116	1	4,17	base	96
116	1	12,18	base	228
116	1	19,35	base	179
116	1	31,38	base	184
116	1	35,40	base	115
116	1	37,40	base	181
116	4	4,9;3,30;27,34;15,35	base	232
117	1	1,6	base	164
117	1	4,17	base	107
117	1	12,18	base	222
117	1	33,36	base	179
117	1	34,36	base	115
117	1	33,38	base	183
117	1	30,39	base	185
118	1	3,5	base	132
118	1	12,14	base	24
118	1	23,24	base	130
118	1	19,25	base	167
118	1	19,33	base	187
118	1	33,39	base	166
118	4	10,24;0,28;31,37;18,39	base	71
119	1	0,1	base	100
119	1	6,16	base	42
119	1	20,22	base	84
119	1	34,35	base	120
119	1	36,38	base	218
119	1	33,41	base	31
119	1	38,41	base	34
119	4	6,12;3,26;25,32;14,41	base	189
120	1	0,3	base	105
120	1	6,17	base	43
120	1	19,23	base	82
120	1	21,31	base	119
120	1	37,39	base	219
120	1	35,40	base	61
120	1	39,40	base	36
120	4	6,9;1,27;28,33;16,40	base	153
121	1	0,3	base	91
121	1	19,20	base	73
121	1	21,33	base	218
121	1	29,34	base	42
121	1	36,37	base	217
121	1	34,41	base	25
121	1	35,41	base	29
122	1	0,3	base	185
122	1	2,8	base	36
122	1	7,17	base	65
122	1	20,34	base	222
122	1	32,37	base	82
122	1	36,37	base	123
122	1	32,38	base	226
123	1	0,3	base	154
123	1	2,8	base	49
123	1	7,17	base	59
123	1	22,25	base	122
123	1	25,34	base	125
123	1	20,36	base	223
123	1	34,38	base	227
123	4	1,22;21,24;17,37;19,39	base	0
124	1	0,3	base	155
124	1	2,8	base	33
124	1	7,17	base	53
124	1	28,34	base	125
124	1	20,36	base	224
124	1	22,38	base	81
124	1	34,38	base	227
124	4	7,14;4,30;26,35;18,38	base	315
124	4	1,22;21,24;17,37;19,39	base	15
125	1	0,3	base	184
125	1	2,8	base	61
125	1	7,17	base	63
125	1	20,34	base	228
125	1	22,36	base	82
125	1	36,39	base	123
125	1	37,39	base	124
125	4	7,14;4,29;26,33;18,36	base	314
125	4	1,22;21,24;17,35;19,38	base	16
126	1	0,1	base	166
126	1	4,5	base	77
126	1	14,15	base	13
126	1	20,21	base	127
126	1	21,26	base	130
126	1	20,27	base	130
127	1	0,1	base	169
127	1	4,5	base	78
127	1	14,15	base	14
127	1	25,34	base	131
127	1	24,35	base	131
127	1	34,35	base	126
128	1	0,1	base	167
128	1	4,5	base	79
128	1	14,15	base	15
128	1	32,33	base	129
128	1	33,36	base	130
128	1	32,37	base	130
128	4	1,10;3,27;20,37;31,38	base	155
128	4	0,11;2,26;21,36;30,39	base	155
129	1	0,1	base	168
129	1	4,5	base	80
129	1	14,15	base	16
129	1	35,38	base	131
129	1	34,39	base	131
129	1	38,39	base	128
129	4	1,10;3,27;20,35;31,36	base	184
129	4	0,11;2,26;21,34;30,37	base	184
130	1	2,3	base	118
130	1	4,5	base	86
130	1	15,17	base	12
130	1	22,25	base	128
130	1	22,32	base	131
130	1	32,37	base	126
130	4	2,12;0,27;20,37;36,38	base	113
131	1	2,3	base	187
131	1	4,5	base	85
131	1	15,17	base	0
131	1	24,34	base	129
131	1	34,39	base	130
131	1	36,39	base	127
131	4	2,12;0,26;20,36;35,37	base	154
132	1	10,13	base	1
132	1	18,19	base	86
132	1	20,24	base	93
132	1	21,25	base	118
132	1	20,38	base	89
132	1	38,39	base	92
132	4	9,18;1,28;30,37;14,39	base	136
133	1	12,15	base	60
133	1	18,22	base	96
133	1	23,32	base	160
133	1	20,35	complement	40
133	1	34,38	base	134
133	1	35,41	base	142
133	1	36,41	base	138
134	1	12,15	base	44
134	1	18,24	base	66
134	1	23,33	base	159
134	1	20,34	base	133
134	1	21,36	base	90
134	1	36,41	base	141
134	1	37,41	base	87
134	4	13,19;0,21;26,33;14,39	base	94
135	1	9,15	base	217
135	1	20,21	base	109
135	1	17,33	base	91
135	1	22,34	base	101
135	1	35,37	base	90
135	1	36,41	base	87
135	1	37,41	base	137
136	1	10,14	base	28
136	1	19,24	base	137
136	1	22,24	base	87
136	1	18,25	base	71
136	1	22,36	base	141
136	1	23,37	base	156
136	1	17,38	base	139
136	4	0,19;13,20;28,37;16,40	base	132
137	1	10,14	base	26
137	1	18,23	base	72
137	1	21,34	base	88
137	1	22,35	base	104
137	1	17,36	base	140
137	1	21,38	base	135
137	1	37,38	base	136
138	1	10,14	base	29
138	1	17,22	base	110
138	1	21,34	base	162
138	1	33,36	base	133
138	1	18,37	base	91
138	1	36,37	base	139
138	1	35,40	base	87
139	1	10,14	base	27
139	1	18,23	base	140
139	1	21,23	base	138
139	1	17,24	base	111
139	1	21,35	base	142
139	1	22,36	base	163
139	1	37,40	base	136
140	1	10,14	base	25
140	1	17,22	base	112
140	1	20,33	base	143
140	1	21,34	base	165
140	1	20,37	base	91
140	1	36,37	base	139
140	1	35,40	base	137
141	1	11,15	base	47
141	1	20,23	base	88
141	1	18,24	base	68
141	1	22,35	base	157
141	1	17,36	base	142
141	1	23,37	base	134
141	1	37,40	base	136
141	4	0,20;13,21;27,35;16,39	base	89
142	1	11,15	base	46
142	1	19,22	base	143
142	1	17,23	base	106
142	1	21,34	base	161
142	1	22,36	base	133
142	1	36,39	base	139
142	1	35,40	base	141
143	1	11,15	base	45
143	1	17,21	base	107
143	1	20,32	base	164
143	1	34,36	base	142
143	1	35,36	complement	40
143	1	35,39	base	140
143	1	33,40	base	88
144	1	0,1	base	214
144	1	22,23	base	324
144	1	30,31	base	147
144	1	32,33	base	297
144	1	34,35	base	148
144	1	34,36	base	287
144	1	35,37	base	287
144	1	36,37	base	145
145	1	0,1	base	212
145	1	22,23	base	323
145	1	30,31	base	144
145	1	32,33	base	146
145	1	34,35	base	295
145	1	36,37	base	149
146	1	0,1	base	213
146	1	22,23	base	322
146	1	30,31	base	147
146	1	32,33	base	296
146	1	34,35	base	150
146	1	38,39	base	145
147	1	0,1	complement	23
147	1	22,23	base	325
147	1	30,31	base	298
147	1	32,33	base	151
147	1	32,34	base	189
147	1	33,35	base	189
147	1	34,35	base	146
147	1	38,39	base	144
148	1	0,1	base	202
148	1	22,23	base	312
148	1	24,25	base	144
148	1	32,33	base	151
148	1	34,35	base	302
148	1	36,37	base	149
149	1	0,1	base	200
149	1	22,23	base	311
149	1	24,25	base	145
149	1	32,33	base	148
149	1	34,35	base	150
149	1	36,37	base	299
150	1	0,1	base	201
150	1	22,23	base	310
150	1	24,25	base	146
150	1	32,33	base	151
150	1	34,35	base	300
150	1	38,39	base	149
151	1	0,1	base	203
151	1	22,23	base	313
151	1	24,25	base	147
151	1	32,33	base	301
151	1	34,35	base	150
151	1	38,39	base	148
152	1	0,1	base	206
152	1	22,23	base	317
152	1	24,32	base	287
152	1	25,33	base	287
152	1	34,35	base	153
152	1	36,37	base	303
152	4	7,14;21,28;4,37;16,38	base	219
152	4	6,15;20,29;5,36;17,39	base	219
153	1	0,1	base	207
153	1	22,23	base	316
153	1	24,32	base	189
153	1	25,33	base	189
153	1	34,35	base	304
153	1	38,39	base	152
153	4	7,14;21,28;4,35;16,36	base	120
153	4	6,15;20,29;5,34;17,37	base	120
154	1	0,6	base	157
154	1	3,17	base	68
154	1	13,19	base	123
154	1	22,25	base	185
154	1	16,35	base	115
154	1	25,36	base	184
154	1	36,39	base	113
154	4	1,22;23,24;17,30;21,38	base	131
155	1	0,6	base	158
155	1	3,17	base	70
155	1	13,19	base	124
155	1	16,35	base	181
155	1	32,36	base	184
155	1	22,38	base	99
155	1	36,38	base	113
155	4	3,9;5,31;28,37;18,38	base	241
155	4	1,22;23,24;17,29;21,39	base	128
156	1	4,14	base	136
156	1	10,20	base	51
156	1	21,24	base	104
156	1	23,24	base	158
156	1	18,26	base	113
156	1	17,37	base	163
156	1	23,38	base	157
156	4	0,21;19,25;14,30;16,39	base	86
157	1	4,15	base	141
157	1	10,20	base	49
157	1	21,23	base	102
157	1	18,25	base	154
157	1	17,36	base	161
157	1	23,37	base	159
157	1	37,40	base	156
157	4	0,21;19,24;15,29;16,38	base	85
158	1	4,15	base	87
158	1	12,17	base	33
158	1	20,24	base	155
158	1	18,35	base	162
158	1	36,37	base	159
158	1	21,38	base	101
158	1	37,38	base	156
158	4	4,6;2,28;33,34;13,38	base	204
158	4	0,21;19,23;15,29;16,39	base	79
159	1	4,16	base	134
159	1	11,18	base	61
159	1	19,24	base	184
159	1	17,33	base	160
159	1	21,36	base	105
159	1	36,40	base	157
159	1	39,40	base	158
159	4	4,5;2,29;32,34;13,36	base	205
159	4	0,21;20,23;16,27;14,37	base	80
160	1	4,16	base	133
160	1	11,17	base	31
160	1	19,23	base	116
160	1	20,35	base	100
160	1	34,37	base	159
160	1	35,40	base	161
160	1	39,40	base	162
160	4	4,5;2,28;31,32;13,35	base	216
161	1	4,15	base	142
161	1	11,19	base	35
161	1	20,23	base	164
161	1	18,24	base	115
161	1	23,36	base	160
161	1	35,38	base	157
161	1	36,40	base	163
162	1	4,15	base	138
162	1	11,19	base	50
162	1	18,23	base	181
162	1	35,36	base	160
162	1	20,37	base	103
162	1	36,37	base	163
162	1	34,39	base	158
162	4	4,5;2,28;31,33;14,37	base	194
163	1	4,15	base	139
163	1	11,19	base	38
163	1	20,24	base	165
163	1	22,24	base	162
163	1	18,25	base	114
163	1	22,37	base	161
163	1	36,39	base	156
164	1	4,15	base	143
164	1	11,19	base	34
164	1	18,22	base	117
164	1	34,36	base	161
164	1	35,36	base	100
164	1	33,38	base	102
164	1	35,40	base	165
165	1	4,15	base	140
165	1	11,19	base	37
165	1	18,23	base	183
165	1	21,35	base	164
165	1	21,37	base	103
165	1	36,37	base	163
165	1	34,39	base	104
166	1	4,5	base	92
166	1	12,13	base	17
166	1	16,17	base	169
166	1	22,23	base	126
166	1	17,26	base	118
166	1	16,27	base	118
167	1	4,5	base	93
167	1	12,13	base	19
167	1	20,21	base	128
167	1	30,31	base	168
167	1	31,38	base	118
167	1	30,39	base	118
167	4	9,20;0,26;28,37;19,38	base	70
167	4	8,21;1,27;29,36;18,39	base	70
168	1	4,5	base	94
168	1	12,13	base	20
168	1	20,21	base	129
168	1	37,38	base	187
168	1	36,39	base	187
168	1	38,39	base	167
168	4	9,20;0,26;28,35;19,36	base	66
168	4	8,21;1,27;29,34;18,37	base	66
169	1	4,5	base	95
169	1	12,13	base	18
169	1	20,21	base	127
169	1	25,32	base	187
169	1	24,33	base	187
169	1	32,33	base	166
170	1	6,33	base	171
170	1	18,34	base	305
170	1	23,41	base	271
170	1	39,41	base	177
171	1	21,33	base	39
171	1	17,40	base	170
171	1	23,41	base	41
171	1	39,41	base	253
172	1	19,34	base	178
172	1	19,36	base	263
172	1	23,40	base	265
172	1	35,40	base	174
172	1	16,41	base	270
173	1	22,38	base	288
173	1	33,38	base	175
173	1	23,39	base	255
173	1	36,39	base	263
173	1	39,40	base	178
173	1	16,41	base	268
174	1	19,34	base	260
174	1	20,36	base	172
174	1	24,36	base	266
174	1	19,37	base	176
174	1	17,41	base	293
175	1	19,34	base	173
175	1	23,34	base	285
175	1	24,39	base	256
175	1	37,39	base	176
175	1	39,40	base	260
175	1	16,41	base	326
176	1	19,35	base	263
176	1	23,35	base	262
176	1	33,36	base	175
176	1	36,40	base	174
176	1	17,41	base	290
177	1	4,34	base	253
177	1	19,35	base	225
177	1	33,36	base	170
178	1	34,35	base	173
178	1	34,38	base	172
178	1	22,39	base	264
178	1	33,39	base	260
178	1	17,41	base	269
179	1	0,5	base	100
179	1	4,15	base	97
179	1	12,19	base	84
179	1	30,36	base	180
179	1	35,39	base	98
179	1	33,40	base	116
179	1	39,40	base	117
179	4	4,8;6,25;24,34;17,40	base	231
180	1	0,5	base	105
180	1	4,16	base	67
180	1	12,20	base	82
180	1	15,31	base	179
180	1	36,39	base	99
180	1	34,40	base	184
180	1	39,40	base	185
180	4	4,8;6,26;25,35;18,40	base	244
181	1	0,6	base	162
181	1	4,17	base	110
181	1	13,18	base	224
181	1	34,35	base	116
181	1	19,37	base	98
181	1	35,37	base	114
181	1	32,39	base	155
181	4	4,9;3,29;26,36;16,37	base	229
182	1	0,6	base	104
182	1	4,16	base	72
182	1	13,20	base	226
182	1	19,33	base	185
182	1	15,35	base	183
182	1	19,38	base	99
182	1	36,38	base	113
183	1	0,6	base	165
183	1	4,15	base	112
183	1	13,19	base	220
183	1	18,33	base	117
183	1	18,37	base	98
183	1	35,37	base	114
183	1	31,39	base	182
184	1	0,6	base	159
184	1	5,18	base	66
184	1	12,19	base	125
184	1	16,34	base	116
184	1	22,36	base	180
184	1	36,40	base	154
184	1	38,40	base	155
184	4	5,9;3,31;27,35;15,36	base	242
184	4	1,22;20,24;18,29;23,37	base	129
185	1	0,6	base	102
185	1	5,18	base	69
185	1	12,19	base	122
185	1	16,33	base	117
185	1	34,37	base	180
185	1	35,37	base	154
185	1	34,39	base	182
186	1	2,4	base	216
186	1	20,23	base	189
186	1	22,24	base	257
186	1	26,33	base	298
186	1	34,35	base	304
186	1	37,38	base	286
186	4	6,17;0,20;21,32;14,36	base	31
187	1	2,5	base	89
187	1	12,14	base	11
187	1	21,23	base	131
187	1	24,34	base	168
187	1	34,39	base	118
187	1	38,39	base	169
187	4	10,21;0,27;30,36;17,38	base	68
188	1	6,20	base	253
188	1	31,33	base	39
188	1	18,41	base	225
189	1	2,4	base	215
189	1	21,22	base	283
189	1	24,31	base	147
189	1	32,33	base	186
189	1	34,35	base	153
189	1	37,38	base	287
189	4	6,17;20,30;1,32;14,36	base	119
190	1	14,15	base	193
190	1	32,33	base	191
191	1	14,15	base	192
191	1	20,21	base	190
192	1	4,5	base	191
192	1	16,17	base	193
193	1	4,5	base	190
193	1	32,33	base	192
194	1	10,11	base	286
194	1	21,22	base	195
194	1	24,26	base	229
194	1	20,29	base	210
194	1	34,35	base	216
194	1	36,37	base	204
194	4	6,14;0,21;25,28;19,38	base	162
195	1	10,11	base	287
195	1	22,24	base	230
195	1	20,27	base	214
195	1	32,33	base	215
195	1	35,36	base	194
195	1	34,37	base	206
195	4	6,14;23,26;0,35;19,38	base	103
196	1	10,11	base	299
196	1	20,21	base	208
196	1	22,23	base	200
196	1	24,25	base	233
196	1	30,31	base	199
196	1	36,37	base	197
197	1	10,11	base	300
197	1	20,21	base	209
197	1	22,23	base	201
197	1	24,25	base	234
197	1	30,31	base	198
197	1	40,41	base	196
198	1	10,11	base	301
198	1	20,21	base	211
198	1	22,23	base	203
198	1	24,25	base	235
198	1	34,35	base	197
198	1	40,41	base	199
199	1	10,11	base	302
199	1	20,21	base	210
199	1	22,23	base	202
199	1	24,25	base	236
199	1	34,35	base	198
199	1	36,37	base	196
200	1	10,11	base	149
200	1	20,21	base	212
200	1	22,23	base	237
200	1	28,29	base	202
200	1	34,35	base	201
200	1	36,37	base	196
201	1	10,11	base	150
201	1	20,21	base	213
201	1	22,23	base	238
201	1	28,29	base	203
201	1	34,35	base	197
201	1	40,41	base	200
202	1	10,11	base	148
202	1	20,21	base	214
202	1	22,23	base	239
202	1	32,33	base	203
202	1	34,35	base	199
202	1	36,37	base	200
203	1	10,11	base	151
203	1	20,21	complement	23
203	1	22,23	base	240
203	1	32,33	base	198
203	1	34,35	base	201
203	1	40,41	base	202
204	1	10,11	base	303
204	1	22,23	base	206
204	1	24,25	base	241
204	1	20,30	base	194
204	1	21,31	base	194
204	1	36,37	base	205
204	4	7,14;0,23;27,28;18,38	base	158
204	4	6,15;1,22;26,29;19,39	base	158
205	1	10,11	base	304
205	1	22,23	base	207
205	1	24,25	base	242
205	1	20,30	base	216
205	1	21,31	base	216
205	1	40,41	base	204
205	4	7,14;0,23;27,28;18,36	base	159
205	4	6,15;1,22;26,29;19,37	base	159
206	1	10,11	base	152
206	1	22,23	base	243
206	1	20,28	base	195
206	1	21,29	base	195
206	1	34,35	base	207
206	1	36,37	base	204
206	4	7,14;25,26;0,37;18,38	base	101
206	4	6,15;24,27;1,36;19,39	base	101
207	1	10,11	base	153
207	1	22,23	base	244
207	1	20,28	base	215
207	1	21,29	base	215
207	1	34,35	base	205
207	1	40,41	base	206
207	4	7,14;25,26;0,35;18,36	base	105
207	4	6,15;24,27;1,34;19,37	base	105
208	1	10,11	base	295
208	1	20,21	base	212
208	1	22,23	base	245
208	1	28,29	base	210
208	1	34,35	base	209
208	1	36,37	base	196
209	1	10,11	base	296
209	1	20,21	base	213
209	1	22,23	base	246
209	1	28,29	base	211
209	1	34,35	base	197
209	1	40,41	base	208
210	1	10,11	base	297
210	1	20,21	base	214
210	1	22,23	base	248
210	1	32,33	base	211
210	1	34,35	base	199
210	1	34,36	base	194
210	1	35,37	base	194
210	1	36,37	base	208
211	1	10,11	base	298
211	1	20,21	complement	23
211	1	22,23	base	247
211	1	32,33	base	198
211	1	32,34	base	216
211	1	33,35	base	216
211	1	34,35	base	209
211	1	40,41	base	210
212	1	10,11	base	145
212	1	20,21	base	249
212	1	26,27	base	214
212	1	32,33	base	213
212	1	34,35	base	200
212	1	36,37	base	208
213	1	10,11	base	146
213	1	20,21	base	250
213	1	26,27	complement	23
213	1	32,33	base	201
213	1	34,35	base	209
213	1	40,41	base	212
214	1	10,11	base	144
214	1	20,21	base	251
214	1	30,31	complement	23
214	1	32,33	base	202
214	1	34,35	base	210
214	1	32,36	base	195
214	1	33,37	base	195
214	1	36,37	base	212
215	1	10,11	base	189
215	1	22,23	base	231
215	1	20,27	complement	23
215	1	33,34	base	216
215	1	32,35	base	207
215	1	39,40	base	195
215	4	7,13;21,25;1,34;18,37	base	100
216	1	10,13	base	186
216	1	20,23	base	215
216	1	24,26	base	232
216	1	19,33	base	211
216	1	34,35	base	205
216	1	39,40	base	194
216	4	6,17;2,20;25,28;22,36	base	160
217	1	0,4	base	135
217	1	19,20	base	76
217	1	21,33	base	121
217	1	22,35	base	219
217	1	30,36	base	43
217	1	36,41	base	26
217	1	37,41	base	30
218	1	0,3	base	103
218	1	6,16	base	121
218	1	20,22	base	83
218	1	31,34	base	119
218	1	36,37	base	219
218	1	34,41	base	37
218	1	35,41	base	50
218	4	6,13;4,26;24,33;14,41	base	287
219	1	0,4	base	101
219	1	6,16	base	217
219	1	20,23	base	81
219	1	22,31	base	218
219	1	33,36	base	120
219	1	36,41	base	32
219	1	37,41	base	33
219	4	6,13;3,27;25,35;14,41	base	152
220	1	0,2	base	183
220	1	1,8	base	37
220	1	6,18	base	54
220	1	17,28	base	222
220	1	17,37	base	83
220	1	36,37	base	221
220	1	35,39	base	226
221	1	0,2	base	114
221	1	1,8	base	38
221	1	6,18	base	55
221	1	17,25	base	224
221	1	23,25	base	220
221	1	17,30	base	223
221	1	37,39	base	227
222	1	0,2	base	117
222	1	1,8	base	34
222	1	6,17	base	64
222	1	29,36	base	84
222	1	35,36	base	223
222	1	29,37	base	220
222	1	34,39	base	122
223	1	0,2	base	115
223	1	1,8	base	35
223	1	6,17	base	58
223	1	22,24	base	222
223	1	24,31	base	228
223	1	31,37	base	221
223	1	36,39	base	123
224	1	0,2	base	181
224	1	1,8	base	50
224	1	6,17	base	52
224	1	28,31	base	228
224	1	22,37	base	83
224	1	31,37	base	221
224	1	36,39	base	124
224	4	6,14;4,30;27,35;18,37	base	258
225	1	7,18	base	177
225	1	3,33	base	188
225	1	30,35	base	305
226	1	0,3	base	182
226	1	1,8	base	32
226	1	6,18	base	56
226	1	19,27	base	122
226	1	21,35	base	220
226	1	19,38	base	81
226	1	37,38	base	227
227	1	0,3	base	113
227	1	1,8	base	51
227	1	6,18	base	57
227	1	19,26	base	124
227	1	23,26	base	226
227	1	19,29	base	123
227	1	21,37	base	221
227	4	2,23;22,24;18,38;20,39	base	12
228	1	0,3	base	116
228	1	1,8	base	31
228	1	7,17	base	62
228	1	22,35	base	84
228	1	35,38	base	223
228	1	36,38	base	224
228	1	34,39	base	125
228	4	7,14;4,29;25,33;18,35	base	257
229	1	4,5	base	194
229	1	17,18	base	258
229	1	21,22	base	230
229	1	16,29	base	248
229	1	35,36	base	232
229	1	34,37	base	241
229	4	8,15;1,22;23,27;25,39	base	181
230	1	4,5	base	195
230	1	17,18	base	284
230	1	16,27	base	251
230	1	33,34	base	231
230	1	35,36	base	229
230	1	32,37	base	243
230	4	8,15;21,25;1,36;23,39	base	98
231	1	4,5	base	215
231	1	16,17	base	283
231	1	15,31	base	252
231	1	33,34	base	232
231	1	32,35	base	244
231	1	37,38	base	230
231	4	13,14;22,26;0,33;24,36	base	179
232	1	4,5	base	216
232	1	16,17	base	257
232	1	22,24	base	231
232	1	15,33	base	247
232	1	34,35	base	242
232	1	37,38	base	229
232	4	13,14;0,22;23,28;26,36	base	116
233	1	4,5	base	196
233	1	16,17	base	245
233	1	18,19	base	307
233	1	22,23	base	237
233	1	30,31	base	236
233	1	36,37	base	234
234	1	4,5	base	197
234	1	16,17	base	246
234	1	18,19	base	306
234	1	22,23	base	238
234	1	30,31	base	235
234	1	36,37	base	233
235	1	4,5	base	198
235	1	16,17	base	247
235	1	18,19	base	309
235	1	22,23	base	240
235	1	34,35	base	234
235	1	36,37	base	236
236	1	4,5	base	199
236	1	16,17	base	248
236	1	18,19	base	308
236	1	22,23	base	239
236	1	34,35	base	235
236	1	36,37	base	233
237	1	4,5	base	200
237	1	16,17	base	249
237	1	18,19	base	311
237	1	28,29	base	239
237	1	34,35	base	238
237	1	36,37	base	233
238	1	4,5	base	201
238	1	16,17	base	250
238	1	18,19	base	310
238	1	28,29	base	240
238	1	34,35	base	234
238	1	36,37	base	237
239	1	4,5	base	202
239	1	16,17	base	251
239	1	18,19	base	312
239	1	32,33	base	240
239	1	34,35	base	236
239	1	36,37	base	237
240	1	4,5	base	203
240	1	16,17	base	252
240	1	18,19	base	313
240	1	32,33	base	235
240	1	34,35	base	238
240	1	36,37	base	239
241	1	4,5	base	204
241	1	18,19	base	315
241	1	22,23	base	243
241	1	16,30	base	229
241	1	17,31	base	229
241	1	36,37	base	242
241	4	9,14;0,23;25,28;27,39	base	155
241	4	8,15;1,22;24,29;26,38	base	155
242	1	4,5	base	205
242	1	18,19	base	314
242	1	22,23	base	244
242	1	16,30	base	232
242	1	17,31	base	232
242	1	36,37	base	241
242	4	9,14;0,23;25,28;27,39	base	184
242	4	8,15;1,22;24,29;26,38	base	184
243	1	4,5	base	206
243	1	18,19	base	317
243	1	16,28	base	230
243	1	17,29	base	230
243	1	34,35	base	244
243	1	36,37	base	241
243	4	9,14;23,26;0,37;25,39	base	99
243	4	8,15;22,27;1,36;24,38	base	99
244	1	4,5	base	207
244	1	18,19	base	316
244	1	16,28	base	231
244	1	17,29	base	231
244	1	34,35	base	242
244	1	36,37	base	243
244	4	9,14;23,26;0,35;25,39	base	180
244	4	8,15;22,27;1,34;24,38	base	180
245	1	4,5	base	208
245	1	16,17	base	319
245	1	20,21	base	249
245	1	28,29	base	248
245	1	34,35	base	233
245	1	36,37	base	246
246	1	4,5	base	209
246	1	16,17	base	318
246	1	20,21	base	250
246	1	28,29	base	247
246	1	34,35	base	234
246	1	36,37	base	245
247	1	4,5	base	211
247	1	16,17	base	321
247	1	20,21	base	252
247	1	32,33	base	235
247	1	32,34	base	232
247	1	33,35	base	232
247	1	34,35	base	246
247	1	36,37	base	248
248	1	4,5	base	210
248	1	16,17	base	320
248	1	20,21	base	251
248	1	32,33	base	236
248	1	34,35	base	247
248	1	32,36	base	229
248	1	33,37	base	229
248	1	36,37	base	245
249	1	4,5	base	212
249	1	16,17	base	323
249	1	26,27	base	251
249	1	32,33	base	237
249	1	34,35	base	250
249	1	36,37	base	245
250	1	4,5	base	213
250	1	16,17	base	322
250	1	26,27	base	252
250	1	32,33	base	238
250	1	34,35	base	246
250	1	36,37	base	249
251	1	4,5	base	214
251	1	16,17	base	324
251	1	30,31	base	239
251	1	32,33	base	252
251	1	34,35	base	248
251	1	30,36	base	230
251	1	31,37	base	230
251	1	36,37	base	249
252	1	4,5	complement	23
252	1	16,17	base	325
252	1	30,31	base	240
252	1	32,33	base	247
252	1	30,34	base	231
252	1	31,35	base	231
252	1	34,35	base	250
252	1	36,37	base	251
253	1	32,33	base	171
253	1	21,35	base	188
253	1	18,41	base	177
254	1	6,17	base	41
254	1	7,29	base	39
254	1	23,39	base	294
255	1	8,32	base	173
255	1	23,38	base	259
255	1	34,38	base	256
255	1	19,41	base	292
256	1	23,33	base	255
256	1	24,33	base	289
256	1	8,34	base	175
256	1	19,41	base	272
257	1	0,2	base	232
257	1	6,7	base	186
257	1	23,26	base	283
257	1	21,31	base	321
257	1	34,35	base	314
257	1	36,37	base	258
257	4	13,15;1,23;25,32;24,38	base	228
258	1	0,2	base	229
258	1	6,7	base	286
258	1	23,26	base	284
258	1	27,32	base	257
258	1	21,35	base	320
258	1	36,37	base	315
258	4	12,15;1,23;25,33;24,38	base	224
259	1	9,27	base	255
259	1	8,32	base	288
259	1	27,35	base	289
259	1	22,40	base	279
260	1	19,34	base	178
260	1	23,34	base	267
260	1	35,36	base	175
260	1	35,39	base	174
260	1	16,41	base	327
261	1	8,32	base	263
261	1	32,34	base	262
261	1	31,36	base	288
261	1	36,40	base	265
261	1	17,41	base	281
262	1	8,15	base	176
262	1	15,21	base	261
262	1	33,36	base	285
262	1	36,40	base	266
262	1	18,41	base	282
263	1	30,35	base	173
263	1	23,38	base	261
263	1	34,38	base	176
263	1	35,40	base	172
263	1	17,41	base	291
264	1	8,32	base	178
264	1	32,34	base	267
264	1	35,36	base	288
264	1	35,39	base	265
264	1	17,41	base	275
265	1	20,30	base	264
265	1	8,34	base	172
265	1	34,36	base	266
265	1	20,37	base	261
265	1	17,41	base	280
266	1	8,20	base	174
266	1	20,21	base	265
266	1	22,33	base	267
266	1	22,37	base	262
266	1	17,41	base	277
267	1	8,20	base	260
267	1	20,21	base	264
267	1	35,36	base	285
267	1	35,39	base	266
267	1	17,41	base	276
268	1	6,34	base	173
268	1	22,39	base	273
268	1	31,39	base	326
268	1	23,40	base	292
268	1	37,40	base	291
268	1	40,41	base	269
269	1	33,35	base	268
269	1	6,36	base	178
269	1	33,39	base	270
269	1	22,41	base	275
269	1	31,41	base	327
270	1	19,32	base	269
270	1	19,36	base	291
270	1	6,37	base	172
270	1	23,41	base	280
270	1	33,41	base	293
271	1	5,30	base	41
271	1	7,33	base	170
271	1	20,34	base	294
272	1	22,30	base	292
272	1	24,30	base	278
272	1	9,32	base	326
272	1	7,36	base	256
273	1	8,27	base	268
273	1	27,32	base	274
273	1	2,35	base	288
273	1	23,40	base	279
273	1	38,40	base	281
273	1	40,41	base	275
274	1	8,16	base	326
274	1	16,20	base	273
274	1	2,35	base	285
274	1	25,40	base	278
274	1	38,40	base	282
274	1	40,41	base	276
275	1	8,28	base	269
275	1	28,32	base	276
275	1	34,36	base	273
275	1	2,37	base	264
275	1	34,39	base	280
276	1	8,14	base	327
276	1	14,20	base	275
276	1	34,36	base	274
276	1	2,37	base	267
276	1	34,39	base	277
277	1	8,14	base	293
277	1	14,20	base	280
277	1	23,29	base	276
277	1	23,37	base	282
277	1	2,38	base	266
278	1	8,18	base	272
278	1	18,22	base	279
278	1	10,34	base	274
278	1	2,35	base	289
279	1	8,27	base	292
279	1	10,33	base	273
279	1	27,34	base	278
279	1	2,35	base	259
280	1	21,27	base	275
280	1	8,31	base	270
280	1	31,33	base	277
280	1	21,37	base	281
280	1	2,38	base	265
281	1	8,26	base	291
281	1	29,32	base	273
281	1	26,34	base	282
281	1	2,37	base	261
281	1	32,41	base	280
282	1	8,14	base	290
282	1	14,20	base	281
282	1	30,33	base	274
282	1	2,37	base	262
282	1	33,41	base	277
283	1	2,3	base	231
283	1	4,5	base	189
283	1	20,31	base	325
283	1	33,34	base	257
283	1	32,35	base	316
283	1	36,37	base	284
283	4	13,14;22,28;0,34;24,38	base	84
284	1	2,3	base	230
284	1	4,5	base	287
284	1	31,32	base	283
284	1	20,33	base	324
284	1	35,36	base	258
284	1	34,37	base	317
284	4	13,14;23,30;0,36;22,38	base	83
285	1	8,17	base	175
285	1	17,22	base	288
285	1	25,39	base	289
285	1	37,39	base	262
285	1	19,40	base	274
285	1	39,41	base	267
286	1	0,3	base	194
286	1	20,24	base	287
286	1	22,25	base	258
286	1	26,31	base	297
286	1	34,35	base	186
286	1	36,37	base	303
286	4	6,16;1,20;21,33;14,38	base	50
287	1	0,3	base	195
287	1	20,23	base	284
287	1	24,29	base	144
287	1	32,33	base	189
287	1	34,35	base	286
287	1	36,37	base	152
287	4	6,17;21,30;1,34;14,38	base	218
288	1	8,30	base	173
288	1	30,33	base	285
288	1	23,38	base	259
288	1	37,38	base	261
288	1	18,40	base	273
288	1	38,41	base	264
289	1	9,15	base	256
289	1	15,24	base	259
289	1	8,32	base	285
289	1	21,40	base	278
290	1	19,28	base	291
290	1	23,28	base	282
290	1	32,34	base	326
290	1	6,37	base	176
290	1	34,41	base	293
291	1	31,33	base	268
291	1	6,36	base	263
291	1	21,40	base	281
291	1	32,40	base	290
291	1	33,41	base	270
292	1	9,32	base	268
292	1	7,34	base	255
292	1	23,37	base	279
292	1	33,37	base	272
293	1	20,30	base	327
293	1	19,34	base	270
293	1	23,34	base	277
293	1	20,37	base	290
293	1	5,38	base	174
294	1	5,18	base	271
294	1	4,29	base	254
294	1	8,31	base	305
295	1	2,3	base	208
295	1	18,19	base	145
295	1	24,25	base	319
295	1	26,27	base	297
295	1	34,35	base	296
295	1	36,37	base	299
296	1	2,3	base	209
296	1	18,19	base	146
296	1	24,25	base	318
296	1	26,27	base	298
296	1	34,35	base	300
296	1	36,37	base	295
297	1	2,3	base	210
297	1	18,19	base	144
297	1	24,25	base	320
297	1	32,33	base	298
297	1	34,35	base	302
297	1	34,36	base	286
297	1	35,37	base	286
297	1	36,37	base	295
298	1	2,3	base	211
298	1	18,19	base	147
298	1	24,25	base	321
298	1	32,33	base	301
298	1	32,34	base	186
298	1	33,35	base	186
298	1	34,35	base	296
298	1	36,37	base	297
299	1	2,3	base	196
299	1	18,19	base	149
299	1	24,25	base	307
299	1	26,27	base	295
299	1	28,29	base	302
299	1	36,37	base	300
300	1	2,3	base	197
300	1	18,19	base	150
300	1	24,25	base	306
300	1	26,27	base	296
300	1	28,29	base	301
300	1	36,37	base	299
301	1	2,3	base	198
301	1	18,19	base	151
301	1	24,25	base	309
301	1	26,27	base	298
301	1	34,35	base	300
301	1	36,37	base	302
302	1	2,3	base	199
302	1	18,19	base	148
302	1	24,25	base	308
302	1	26,27	base	297
302	1	34,35	base	301
302	1	36,37	base	299
303	1	2,3	base	204
303	1	18,19	base	152
303	1	24,25	base	315
303	1	26,28	base	286
303	1	27,29	base	286
303	1	36,37	base	304
303	4	7,14;0,19;23,32;12,38	base	33
303	4	6,15;1,18;22,33;13,39	base	33
304	1	2,3	base	205
304	1	18,19	base	153
304	1	24,25	base	314
304	1	26,28	base	186
304	1	27,29	base	186
304	1	36,37	base	303
304	4	7,14;0,19;23,32;12,38	base	61
304	4	6,15;1,18;22,33;13,39	base	61
305	1	2,19	base	170
305	1	7,33	base	39
305	1	25,40	base	294
305	1	39,40	base	225
306	1	2,3	base	234
306	1	4,5	base	300
306	1	20,21	base	318
306	1	24,25	base	310
306	1	34,35	base	309
306	1	36,37	base	307
307	1	2,3	base	233
307	1	4,5	base	299
307	1	20,21	base	319
307	1	24,25	base	311
307	1	34,35	base	306
307	1	36,37	base	308
308	1	2,3	base	236
308	1	4,5	base	302
308	1	20,21	base	320
308	1	24,25	base	312
308	1	34,35	base	309
308	1	36,37	base	307
309	1	2,3	base	235
309	1	4,5	base	301
309	1	20,21	base	321
309	1	24,25	base	313
309	1	34,35	base	308
309	1	36,37	base	306
310	1	2,3	base	238
310	1	4,5	base	150
310	1	20,21	base	322
310	1	32,33	base	313
310	1	34,35	base	306
310	1	36,37	base	311
311	1	2,3	base	237
311	1	4,5	base	149
311	1	20,21	base	323
311	1	32,33	base	310
311	1	34,35	base	312
311	1	36,37	base	307
312	1	2,3	base	239
312	1	4,5	base	148
312	1	20,21	base	324
312	1	32,33	base	313
312	1	34,35	base	308
312	1	36,37	base	311
313	1	2,3	base	240
313	1	4,5	base	151
313	1	20,21	base	325
313	1	32,33	base	309
313	1	34,35	base	312
313	1	36,37	base	310
314	1	2,3	base	242
314	1	4,5	base	304
314	1	24,25	base	316
314	1	20,34	base	257
314	1	21,35	base	257
314	1	36,37	base	315
314	4	13,14;1,24;26,33;23,39	base	125
314	4	12,15;0,25;27,32;22,38	base	125
315	1	2,3	base	241
315	1	4,5	base	303
315	1	24,25	base	317
315	1	34,35	base	314
315	1	20,36	base	258
315	1	21,37	base	258
315	4	13,14;1,24;26,33;23,39	base	124
315	4	12,15;0,25;27,32;22,38	base	124
316	1	2,3	base	244
316	1	4,5	base	153
316	1	20,32	base	283
316	1	21,33	base	283
316	1	34,35	base	314
316	1	36,37	base	317
316	4	13,14;24,31;1,34;23,39	base	82
316	4	12,15;25,30;0,35;22,38	base	82
317	1	2,3	base	243
317	1	4,5	base	152
317	1	32,33	base	316
317	1	20,34	base	284
317	1	21,35	base	284
317	1	36,37	base	315
317	4	13,14;24,31;1,36;23,39	base	81
317	4	12,15;25,30;0,37;22,38	base	81
318	1	2,3	base	246
318	1	4,5	base	296
318	1	22,23	base	322
318	1	32,33	base	321
318	1	34,35	base	306
318	1	36,37	base	319
319	1	2,3	base	245
319	1	4,5	base	295
319	1	22,23	base	323
319	1	32,33	base	318
319	1	34,35	base	320
319	1	36,37	base	307
320	1	2,3	base	248
320	1	4,5	base	297
320	1	22,23	base	324
320	1	32,33	base	321
320	1	34,35	base	308
320	1	34,36	base	258
320	1	35,37	base	258
320	1	36,37	base	319
321	1	2,3	base	247
321	1	4,5	base	298
321	1	22,23	base	325
321	1	32,33	base	309
321	1	34,35	base	320
321	1	32,36	base	257
321	1	33,37	base	257
321	1	36,37	base	318
322	1	2,3	base	250
322	1	4,5	base	146
322	1	30,31	base	325
322	1	32,33	base	310
322	1	34,35	base	318
322	1	36,37	base	323
323	1	2,3	base	249
323	1	4,5	base	145
323	1	30,31	base	322
323	1	32,33	base	324
323	1	34,35	base	311
323	1	36,37	base	319
324	1	2,3	base	251
324	1	4,5	base	144
324	1	30,31	base	325
324	1	32,33	base	312
324	1	34,35	base	320
324	1	32,36	base	284
324	1	33,37	base	284
324	1	36,37	base	323
325	1	2,3	base	252
325	1	4,5	base	147
325	1	30,31	base	313
325	1	32,33	base	321
325	1	34,35	base	324
325	1	30,36	base	283
325	1	31,37	base	283
325	1	36,37	base	322
326	1	19,32	base	268
326	1	23,32	base	274
326	1	6,35	base	175
326	1	24,40	base	272
326	1	38,40	base	290
326	1	40,41	base	327
327	1	19,32	base	269
327	1	22,32	base	276
327	1	34,36	base	326
327	1	5,37	base	260
327	1	34,39	base	293
