# basis=1,sqrt3,sqrt5,sqrt15,sqrt11,sqrt33,sqrt55,sqrt165 scale=96
0 0 0 0 0 0 0 0 0 0 0 0 0 0 0 0
-40 0 0 0 0 8 0 0 0 24 0 0 -8 0 0 0
56 0 0 0 0 -8 0 0 0 -8 0 0 8 0 0 0
16 0 0 0 0 0 0 0 0 32 0 0 -16 0 0 0
16 0 0 0 0 0 0 0 0 -32 0 0 16 0 0 0
56 0 0 0 0 -8 0 0 0 8 0 0 -8 0 0 0
-40 0 0 0 0 8 0 0 0 -24 0 0 8 0 0 0
40 0 0 0 0 -8 0 0 0 -24 0 0 8 0 0 0
-56 0 0 0 0 8 0 0 0 8 0 0 -8 0 0 0
-16 0 0 0 0 0 0 0 0 -32 0 0 16 0 0 0
-16 0 0 0 0 0 0 0 0 32 0 0 -16 0 0 0
-56 0 0 0 0 8 0 0 0 -8 0 0 8 0 0 0
40 0 0 0 0 -8 0 0 0 24 0 0 -8 0 0 0
0 0 0 0 0 0 0 0 0 -16 0 0 16 0 0 0
-24 0 0 0 0 8 0 0 0 8 0 0 -8 0 0 0
24 0 0 0 0 -8 0 0 0 8 0 0 -8 0 0 0
96 0 0 0 0 -16 0 0 0 16 0 0 0 0 0 0
72 0 0 0 0 -8 0 0 0 40 0 0 -24 0 0 0
-24 0 0 0 0 8 0 0 0 -56 0 0 24 0 0 0
24 0 0 0 0 -8 0 0 0 -56 0 0 24 0 0 0
-72 0 0 0 0 8 0 0 0 40 0 0 -24 0 0 0
-96 0 0 0 0 16 0 0 0 16 0 0 0 0 0 0
16 0 0 0 0 0 0 0 0 16 0 0 0 0 0 0
32 0 0 0 0 0 0 0 0 0 0 0 0 0 0 0
16 0 0 0 0 0 0 0 0 -16 0 0 0 0 0 0
-16 0 0 0 0 0 0 0 0 -16 0 0 0 0 0 0
-32 0 0 0 0 0 0 0 0 0 0 0 0 0 0 0
-16 0 0 0 0 0 0 0 0 16 0 0 0 0 0 0
-40 0 0 0 0 8 0 0 0 8 0 0 8 0 0 0
32 0 0 0 0 0 0 0 0 -16 0 0 16 0 0 0
-8 0 0 0 0 8 0 0 0 24 0 0 -8 0 0 0
-8 0 0 0 0 8 0 0 0 -24 0 0 8 0 0 0
32 0 0 0 0 0 0 0 0 16 0 0 -16 0 0 0
-40 0 0 0 0 8 0 0 0 -8 0 0 -8 0 0 0
40 0 0 0 0 -8 0 0 0 -8 0 0 -8 0 0 0
-32 0 0 0 0 0 0 0 0 16 0 0 -16 0 0 0
8 0 0 0 0 -8 0 0 0 -24 0 0 8 0 0 0
8 0 0 0 0 -8 0 0 0 24 0 0 -8 0 0 0
-32 0 0 0 0 0 0 0 0 -16 0 0 16 0 0 0
40 0 0 0 0 -8 0 0 0 8 0 0 8 0 0 0
-24 0 0 0 0 8 0 0 0 -24 0 0 24 0 0 0
32 0 0 0 0 0 0 0 0 48 0 0 -16 0 0 0
88 0 0 0 0 -8 0 0 0 -8 0 0 8 0 0 0
-48 0 0 0 0 16 0 0 0 0 0 0 0 0 0 0
-24 0 0 0 0 8 0 0 0 24 0 0 -24 0 0 0
56 0 0 0 0 -8 0 0 0 -40 0 0 8 0 0 0
-56 0 0 0 0 8 0 0 0 -40 0 0 8 0 0 0
24 0 0 0 0 -8 0 0 0 24 0 0 -24 0 0 0
48 0 0 0 0 -16 0 0 0 0 0 0 0 0 0 0
-88 0 0 0 0 8 0 0 0 -8 0 0 8 0 0 0
-32 0 0 0 0 0 0 0 0 48 0 0 -16 0 0 0
24 0 0 0 0 -8 0 0 0 -24 0 0 24 0 0 0
0 0 0 0 0 0 0 0 0 32 0 0 0 0 0 0
16 0 0 0 0 0 0 0 0 0 0 0 16 0 0 0
-8 0 0 0 0 8 0 0 0 8 0 0 8 0 0 0
48 0 0 0 0 0 0 0 0 16 0 0 0 0 0 0
8 0 0 0 0 8 0 0 0 -8 0 0 8 0 0 0
8 0 0 0 0 8 0 0 0 8 0 0 -8 0 0 0
48 0 0 0 0 0 0 0 0 -16 0 0 0 0 0 0
-8 0 0 0 0 8 0 0 0 -8 0 0 -8 0 0 0
16 0 0 0 0 0 0 0 0 0 0 0 -16 0 0 0
0 0 0 0 0 0 0 0 0 -32 0 0 0 0 0 0
-16 0 0 0 0 0 0 0 0 0 0 0 -16 0 0 0
8 0 0 0 0 -8 0 0 0 -8 0 0 -8 0 0 0
-48 0 0 0 0 0 0 0 0 -16 0 0 0 0 0 0
-8 0 0 0 0 -8 0 0 0 8 0 0 -8 0 0 0
-8 0 0 0 0 -8 0 0 0 -8 0 0 8 0 0 0
-48 0 0 0 0 0 0 0 0 16 0 0 0 0 0 0
8 0 0 0 0 -8 0 0 0 8 0 0 8 0 0 0
-16 0 0 0 0 0 0 0 0 0 0 0 16 0 0 0
16 0 0 0 0 0 0 0 0 64 0 0 -16 0 0 0
104 0 0 0 0 -8 0 0 0 -24 0 0 8 0 0 0
88 0 0 0 0 -8 0 0 0 -40 0 0 8 0 0 0
-88 0 0 0 0 8 0 0 0 -40 0 0 8 0 0 0
-104 0 0 0 0 8 0 0 0 -24 0 0 8 0 0 0
-16 0 0 0 0 0 0 0 0 64 0 0 -16 0 0 0
56 0 0 0 0 -8 0 0 0 24 0 0 8 0 0 0
8 0 0 0 0 8 0 0 0 40 0 0 -8 0 0 0
64 0 0 0 0 0 0 0 0 -16 0 0 16 0 0 0
64 0 0 0 0 0 0 0 0 16 0 0 -16 0 0 0
8 0 0 0 0 8 0 0 0 -40 0 0 8 0 0 0
56 0 0 0 0 -8 0 0 0 -24 0 0 -8 0 0 0
-56 0 0 0 0 8 0 0 0 -24 0 0 -8 0 0 0
-8 0 0 0 0 -8 0 0 0 -40 0 0 8 0 0 0
-64 0 0 0 0 0 0 0 0 16 0 0 -16 0 0 0
-64 0 0 0 0 0 0 0 0 -16 0 0 16 0 0 0
-8 0 0 0 0 -8 0 0 0 40 0 0 -8 0 0 0
-56 0 0 0 0 8 0 0 0 24 0 0 8 0 0 0
-48 0 0 0 0 16 0 0 0 32 0 0 0 0 0 0
104 0 0 0 0 -8 0 0 0 8 0 0 8 0 0 0
64 0 0 0 0 0 0 0 0 48 0 0 -16 0 0 0
24 0 0 0 0 8 0 0 0 -40 0 0 24 0 0 0
72 0 0 0 0 -8 0 0 0 8 0 0 -24 0 0 0
-40 0 0 0 0 8 0 0 0 -56 0 0 8 0 0 0
40 0 0 0 0 -8 0 0 0 -56 0 0 8 0 0 0
-72 0 0 0 0 8 0 0 0 8 0 0 -24 0 0 0
-24 0 0 0 0 -8 0 0 0 -40 0 0 24 0 0 0
-64 0 0 0 0 0 0 0 0 48 0 0 -16 0 0 0
-104 0 0 0 0 8 0 0 0 8 0 0 8 0 0 0
48 0 0 0 0 -16 0 0 0 32 0 0 0 0 0 0
-24 0 0 0 0 8 0 0 0 24 0 0 8 0 0 0
48 0 0 0 0 0 0 0 0 0 0 0 16 0 0 0
24 0 0 0 0 8 0 0 0 24 0 0 -8 0 0 0
24 0 0 0 0 8 0 0 0 -24 0 0 8 0 0 0
48 0 0 0 0 0 0 0 0 0 0 0 -16 0 0 0
-24 0 0 0 0 8 0 0 0 -24 0 0 -8 0 0 0
24 0 0 0 0 -8 0 0 0 -24 0 0 -8 0 0 0
-48 0 0 0 0 0 0 0 0 0 0 0 -16 0 0 0
-24 0 0 0 0 -8 0 0 0 -24 0 0 8 0 0 0
-24 0 0 0 0 -8 0 0 0 24 0 0 -8 0 0 0
-48 0 0 0 0 0 0 0 0 0 0 0 16 0 0 0
24 0 0 0 0 -8 0 0 0 24 0 0 8 0 0 0
0 0 0 0 0 0 0 0 0 -48 0 0 48 0 0 0
-72 0 0 0 0 24 0 0 0 24 0 0 -24 0 0 0
72 0 0 0 0 -24 0 0 0 24 0 0 -24 0 0 0
88 0 0 0 0 -8 0 0 0 24 0 0 8 0 0 0
80 0 0 0 0 0 0 0 0 32 0 0 -16 0 0 0
-16 0 0 0 0 16 0 0 0 16 0 0 -16 0 0 0
-32 0 0 0 0 16 0 0 0 0 0 0 -16 0 0 0
-8 0 0 0 0 8 0 0 0 -56 0 0 8 0 0 0
8 0 0 0 0 -8 0 0 0 -56 0 0 8 0 0 0
32 0 0 0 0 -16 0 0 0 0 0 0 -16 0 0 0
16 0 0 0 0 -16 0 0 0 16 0 0 -16 0 0 0
-80 0 0 0 0 0 0 0 0 32 0 0 -16 0 0 0
-88 0 0 0 0 8 0 0 0 24 0 0 8 0 0 0
0 0 0 0 0 0 0 0 0 16 0 0 16 0 0 0
24 0 0 0 0 8 0 0 0 -8 0 0 -8 0 0 0
-24 0 0 0 0 -8 0 0 0 -8 0 0 -8 0 0 0
64 0 0 0 0 0 0 0 0 -32 0 0 32 0 0 0
-16 0 0 0 0 16 0 0 0 48 0 0 -16 0 0 0
-80 0 0 0 0 16 0 0 0 -16 0 0 -16 0 0 0
80 0 0 0 0 -16 0 0 0 -16 0 0 -16 0 0 0
16 0 0 0 0 -16 0 0 0 48 0 0 -16 0 0 0
-64 0 0 0 0 0 0 0 0 -32 0 0 32 0 0 0
32 0 0 0 0 0 0 0 0 16 0 0 16 0 0 0
8 0 0 0 0 8 0 0 0 24 0 0 8 0 0 0
40 0 0 0 0 8 0 0 0 -8 0 0 8 0 0 0
40 0 0 0 0 8 0 0 0 8 0 0 -8 0 0 0
8 0 0 0 0 8 0 0 0 -24 0 0 -8 0 0 0
32 0 0 0 0 0 0 0 0 -16 0 0 -16 0 0 0
-32 0 0 0 0 0 0 0 0 -16 0 0 -16 0 0 0
-8 0 0 0 0 -8 0 0 0 -24 0 0 -8 0 0 0
-40 0 0 0 0 -8 0 0 0 8 0 0 -8 0 0 0
-40 0 0 0 0 -8 0 0 0 -8 0 0 8 0 0 0
-8 0 0 0 0 -8 0 0 0 24 0 0 8 0 0 0
-32 0 0 0 0 0 0 0 0 16 0 0 16 0 0 0
32 0 0 0 0 0 0 0 0 80 0 0 -16 0 0 0
-32 0 0 0 0 0 0 0 0 80 0 0 -16 0 0 0
-40 0 0 0 0 8 0 0 0 40 0 0 8 0 0 0
-24 0 0 0 0 8 0 0 0 8 0 0 24 0 0 0
48 0 0 0 0 0 0 0 0 48 0 0 0 0 0 0
24 0 0 0 0 8 0 0 0 -8 0 0 24 0 0 0
0 0 0 0 0 16 0 0 0 16 0 0 0 0 0 0
96 0 0 0 0 0 0 0 0 0 0 0 0 0 0 0
0 0 0 0 0 16 0 0 0 -16 0 0 0 0 0 0
40 0 0 0 0 8 0 0 0 -40 0 0 8 0 0 0
80 0 0 0 0 0 0 0 0 0 0 0 -16 0 0 0
24 0 0 0 0 8 0 0 0 8 0 0 -24 0 0 0
48 0 0 0 0 0 0 0 0 -48 0 0 0 0 0 0
-24 0 0 0 0 8 0 0 0 -8 0 0 -24 0 0 0
24 0 0 0 0 -8 0 0 0 -8 0 0 -24 0 0 0
-48 0 0 0 0 0 0 0 0 -48 0 0 0 0 0 0
-24 0 0 0 0 -8 0 0 0 8 0 0 -24 0 0 0
-80 0 0 0 0 0 0 0 0 0 0 0 -16 0 0 0
-40 0 0 0 0 -8 0 0 0 -40 0 0 8 0 0 0
0 0 0 0 0 -16 0 0 0 -16 0 0 0 0 0 0
-96 0 0 0 0 0 0 0 0 0 0 0 0 0 0 0
0 0 0 0 0 -16 0 0 0 16 0 0 0 0 0 0
-24 0 0 0 0 -8 0 0 0 -8 0 0 24 0 0 0
-48 0 0 0 0 0 0 0 0 48 0 0 0 0 0 0
24 0 0 0 0 -8 0 0 0 8 0 0 24 0 0 0
40 0 0 0 0 -8 0 0 0 40 0 0 8 0 0 0
-8 0 0 0 0 8 0 0 0 40 0 0 8 0 0 0
64 0 0 0 0 0 0 0 0 16 0 0 16 0 0 0
56 0 0 0 0 8 0 0 0 24 0 0 -8 0 0 0
56 0 0 0 0 8 0 0 0 -24 0 0 8 0 0 0
64 0 0 0 0 0 0 0 0 -16 0 0 -16 0 0 0
-8 0 0 0 0 8 0 0 0 -40 0 0 -8 0 0 0
8 0 0 0 0 -8 0 0 0 -40 0 0 -8 0 0 0
-64 0 0 0 0 0 0 0 0 -16 0 0 -16 0 0 0
-56 0 0 0 0 -8 0 0 0 -24 0 0 8 0 0 0
-56 0 0 0 0 -8 0 0 0 24 0 0 -8 0 0 0
-64 0 0 0 0 0 0 0 0 16 0 0 16 0 0 0
8 0 0 0 0 -8 0 0 0 40 0 0 8 0 0 0
0 0 0 0 0 16 0 0 0 0 0 0 16 0 0 0
0 0 0 0 0 0 0 0 0 0 0 0 -32 0 0 0
0 0 0 0 0 -16 0 0 0 0 0 0 16 0 0 0
16 0 0 0 0 0 0 0 0 32 0 0 16 0 0 0
40 0 0 0 0 8 0 0 0 24 0 0 8 0 0 0
56 0 0 0 0 8 0 0 0 8 0 0 8 0 0 0
56 0 0 0 0 8 0 0 0 -8 0 0 -8 0 0 0
40 0 0 0 0 8 0 0 0 -24 0 0 -8 0 0 0
16 0 0 0 0 0 0 0 0 -32 0 0 -16 0 0 0
-16 0 0 0 0 0 0 0 0 -32 0 0 -16 0 0 0
-40 0 0 0 0 -8 0 0 0 -24 0 0 -8 0 0 0
-56 0 0 0 0 -8 0 0 0 -8 0 0 -8 0 0 0
-56 0 0 0 0 -8 0 0 0 8 0 0 8 0 0 0
-40 0 0 0 0 -8 0 0 0 24 0 0 8 0 0 0
-16 0 0 0 0 0 0 0 0 32 0 0 16 0 0 0
0 0 0 0 0 0 0 0 0 64 0 0 0 0 0 0
32 0 0 0 0 0 0 0 0 0 0 0 32 0 0 0
-16 0 0 0 0 16 0 0 0 16 0 0 16 0 0 0
96 0 0 0 0 0 0 0 0 32 0 0 0 0 0 0
16 0 0 0 0 16 0 0 0 -16 0 0 16 0 0 0
16 0 0 0 0 16 0 0 0 16 0 0 -16 0 0 0
96 0 0 0 0 0 0 0 0 -32 0 0 0 0 0 0
-16 0 0 0 0 16 0 0 0 -16 0 0 -16 0 0 0
32 0 0 0 0 0 0 0 0 0 0 0 -32 0 0 0
0 0 0 0 0 0 0 0 0 -64 0 0 0 0 0 0
-32 0 0 0 0 0 0 0 0 0 0 0 -32 0 0 0
16 0 0 0 0 -16 0 0 0 -16 0 0 -16 0 0 0
-96 0 0 0 0 0 0 0 0 -32 0 0 0 0 0 0
-16 0 0 0 0 -16 0 0 0 16 0 0 -16 0 0 0
-16 0 0 0 0 -16 0 0 0 -16 0 0 16 0 0 0
-96 0 0 0 0 0 0 0 0 32 0 0 0 0 0 0
16 0 0 0 0 -16 0 0 0 16 0 0 16 0 0 0
-32 0 0 0 0 0 0 0 0 0 0 0 32 0 0 0
80 0 0 0 0 0 0 0 0 -16 0 0 32 0 0 0
-64 0 0 0 0 16 0 0 0 -32 0 0 -16 0 0 0
64 0 0 0 0 -16 0 0 0 -32 0 0 -16 0 0 0
-80 0 0 0 0 0 0 0 0 -16 0 0 32 0 0 0
72 0 0 0 0 8 0 0 0 -56 0 0 24 0 0 0
120 0 0 0 0 -8 0 0 0 -8 0 0 -24 0 0 0
-120 0 0 0 0 8 0 0 0 -8 0 0 -24 0 0 0
-72 0 0 0 0 -8 0 0 0 -56 0 0 24 0 0 0
56 0 0 0 0 -8 0 0 0 56 0 0 8 0 0 0
72 0 0 0 0 -8 0 0 0 24 0 0 24 0 0 0
0 0 0 0 0 16 0 0 0 48 0 0 0 0 0 0
72 0 0 0 0 8 0 0 0 -24 0 0 24 0 0 0
72 0 0 0 0 8 0 0 0 24 0 0 -24 0 0 0
112 0 0 0 0 0 0 0 0 0 0 0 -16 0 0 0
56 0 0 0 0 8 0 0 0 -56 0 0 8 0 0 0
0 0 0 0 0 16 0 0 0 -48 0 0 0 0 0 0
72 0 0 0 0 -8 0 0 0 -24 0 0 -24 0 0 0
-72 0 0 0 0 8 0 0 0 -24 0 0 -24 0 0 0
0 0 0 0 0 -16 0 0 0 -48 0 0 0 0 0 0
-56 0 0 0 0 -8 0 0 0 -56 0 0 8 0 0 0
-112 0 0 0 0 0 0 0 0 0 0 0 -16 0 0 0
-72 0 0 0 0 -8 0 0 0 24 0 0 -24 0 0 0
-72 0 0 0 0 -8 0 0 0 -24 0 0 24 0 0 0
0 0 0 0 0 -16 0 0 0 48 0 0 0 0 0 0
-72 0 0 0 0 8 0 0 0 24 0 0 24 0 0 0
-56 0 0 0 0 8 0 0 0 56 0 0 8 0 0 0
-24 0 0 0 0 24 0 0 0 -8 0 0 24 0 0 0
0 0 0 0 0 0 0 0 0 16 0 0 -48 0 0 0
24 0 0 0 0 -24 0 0 0 -8 0 0 24 0 0 0
8 0 0 0 0 8 0 0 0 56 0 0 8 0 0 0
88 0 0 0 0 8 0 0 0 -24 0 0 8 0 0 0
32 0 0 0 0 16 0 0 0 0 0 0 -16 0 0 0
16 0 0 0 0 16 0 0 0 -16 0 0 -16 0 0 0
80 0 0 0 0 0 0 0 0 -32 0 0 -16 0 0 0
-80 0 0 0 0 0 0 0 0 -32 0 0 -16 0 0 0
-16 0 0 0 0 -16 0 0 0 -16 0 0 -16 0 0 0
-32 0 0 0 0 -16 0 0 0 0 0 0 -16 0 0 0
-88 0 0 0 0 -8 0 0 0 -24 0 0 8 0 0 0
-8 0 0 0 0 -8 0 0 0 56 0 0 8 0 0 0
112 0 0 0 0 0 0 0 0 -16 0 0 32 0 0 0
32 0 0 0 0 16 0 0 0 64 0 0 -16 0 0 0
-80 0 0 0 0 16 0 0 0 -48 0 0 -16 0 0 0
80 0 0 0 0 -16 0 0 0 -48 0 0 -16 0 0 0
-32 0 0 0 0 -16 0 0 0 64 0 0 -16 0 0 0
-112 0 0 0 0 0 0 0 0 -16 0 0 32 0 0 0
24 0 0 0 0 8 0 0 0 24 0 0 24 0 0 0
56 0 0 0 0 8 0 0 0 40 0 0 8 0 0 0
88 0 0 0 0 8 0 0 0 8 0 0 8 0 0 0
48 0 0 0 0 16 0 0 0 0 0 0 0 0 0 0
24 0 0 0 0 8 0 0 0 -24 0 0 -24 0 0 0
32 0 0 0 0 0 0 0 0 -48 0 0 -16 0 0 0
-32 0 0 0 0 0 0 0 0 -48 0 0 -16 0 0 0
-24 0 0 0 0 -8 0 0 0 -24 0 0 -24 0 0 0
-48 0 0 0 0 -16 0 0 0 0 0 0 0 0 0 0
-88 0 0 0 0 -8 0 0 0 8 0 0 8 0 0 0
-56 0 0 0 0 -8 0 0 0 40 0 0 8 0 0 0
-24 0 0 0 0 -8 0 0 0 24 0 0 24 0 0 0
48 0 0 0 0 0 0 0 0 80 0 0 0 0 0 0
96 0 0 0 0 0 0 0 0 64 0 0 0 0 0 0
144 0 0 0 0 0 0 0 0 16 0 0 0 0 0 0
144 0 0 0 0 0 0 0 0 -16 0 0 0 0 0 0
96 0 0 0 0 0 0 0 0 -64 0 0 0 0 0 0
48 0 0 0 0 0 0 0 0 -80 0 0 0 0 0 0
-48 0 0 0 0 0 0 0 0 -80 0 0 0 0 0 0
-96 0 0 0 0 0 0 0 0 -64 0 0 0 0 0 0
-144 0 0 0 0 0 0 0 0 -16 0 0 0 0 0 0
-144 0 0 0 0 0 0 0 0 16 0 0 0 0 0 0
-96 0 0 0 0 0 0 0 0 64 0 0 0 0 0 0
-48 0 0 0 0 0 0 0 0 80 0 0 0 0 0 0
-24 0 0 0 0 8 0 0 0 40 0 0 24 0 0 0
40 0 0 0 0 8 0 0 0 56 0 0 8 0 0 0
104 0 0 0 0 8 0 0 0 -8 0 0 8 0 0 0
48 0 0 0 0 16 0 0 0 -32 0 0 0 0 0 0
72 0 0 0 0 8 0 0 0 -8 0 0 -24 0 0 0
64 0 0 0 0 0 0 0 0 -48 0 0 -16 0 0 0
-64 0 0 0 0 0 0 0 0 -48 0 0 -16 0 0 0
-72 0 0 0 0 -8 0 0 0 -8 0 0 -24 0 0 0
-48 0 0 0 0 -16 0 0 0 -32 0 0 0 0 0 0
-104 0 0 0 0 -8 0 0 0 -8 0 0 8 0 0 0
-40 0 0 0 0 -8 0 0 0 56 0 0 8 0 0 0
24 0 0 0 0 -8 0 0 0 40 0 0 24 0 0 0
80 0 0 0 0 0 0 0 0 16 0 0 32 0 0 0
64 0 0 0 0 16 0 0 0 32 0 0 -16 0 0 0
-16 0 0 0 0 16 0 0 0 -48 0 0 -16 0 0 0
16 0 0 0 0 -16 0 0 0 -48 0 0 -16 0 0 0
-64 0 0 0 0 -16 0 0 0 32 0 0 -16 0 0 0
-80 0 0 0 0 0 0 0 0 16 0 0 32 0 0 0
88 0 0 0 0 8 0 0 0 40 0 0 8 0 0 0
104 0 0 0 0 8 0 0 0 24 0 0 8 0 0 0
16 0 0 0 0 0 0 0 0 -64 0 0 -16 0 0 0
-16 0 0 0 0 0 0 0 0 -64 0 0 -16 0 0 0
-104 0 0 0 0 -8 0 0 0 24 0 0 8 0 0 0
-88 0 0 0 0 -8 0 0 0 40 0 0 8 0 0 0
0 0 0 0 0 0 0 0 0 96 0 0 0 0 0 0
48 0 0 0 0 0 0 0 0 0 0 0 48 0 0 0
-24 0 0 0 0 24 0 0 0 24 0 0 24 0 0 0
144 0 0 0 0 0 0 0 0 48 0 0 0 0 0 0
24 0 0 0 0 24 0 0 0 -24 0 0 24 0 0 0
24 0 0 0 0 24 0 0 0 24 0 0 -24 0 0 0
144 0 0 0 0 0 0 0 0 -48 0 0 0 0 0 0
-24 0 0 0 0 24 0 0 0 -24 0 0 -24 0 0 0
48 0 0 0 0 0 0 0 0 0 0 0 -48 0 0 0
0 0 0 0 0 0 0 0 0 -96 0 0 0 0 0 0
-48 0 0 0 0 0 0 0 0 0 0 0 -48 0 0 0
24 0 0 0 0 -24 0 0 0 -24 0 0 -24 0 0 0
-144 0 0 0 0 0 0 0 0 -48 0 0 0 0 0 0
-24 0 0 0 0 -24 0 0 0 24 0 0 -24 0 0 0
-24 0 0 0 0 -24 0 0 0 -24 0 0 24 0 0 0
-144 0 0 0 0 0 0 0 0 48 0 0 0 0 0 0
24 0 0 0 0 -24 0 0 0 24 0 0 24 0 0 0
-48 0 0 0 0 0 0 0 0 0 0 0 48 0 0 0
64 0 0 0 0 0 0 0 0 32 0 0 32 0 0 0
80 0 0 0 0 16 0 0 0 16 0 0 -16 0 0 0
16 0 0 0 0 16 0 0 0 -48 0 0 -16 0 0 0
-16 0 0 0 0 -16 0 0 0 -48 0 0 -16 0 0 0
-80 0 0 0 0 -16 0 0 0 16 0 0 -16 0 0 0
-64 0 0 0 0 0 0 0 0 32 0 0 32 0 0 0
112 0 0 0 0 0 0 0 0 16 0 0 32 0 0 0
80 0 0 0 0 16 0 0 0 48 0 0 -16 0 0 0
-32 0 0 0 0 16 0 0 0 -64 0 0 -16 0 0 0
32 0 0 0 0 -16 0 0 0 -64 0 0 -16 0 0 0
-80 0 0 0 0 -16 0 0 0 48 0 0 -16 0 0 0
-112 0 0 0 0 0 0 0 0 16 0 0 32 0 0 0
72 0 0 0 0 -8 0 0 0 56 0 0 24 0 0 0
120 0 0 0 0 8 0 0 0 8 0 0 -24 0 0 0
-120 0 0 0 0 -8 0 0 0 8 0 0 -24 0 0 0
-72 0 0 0 0 8 0 0 0 56 0 0 24 0 0 0
24 0 0 0 0 24 0 0 0 8 0 0 24 0 0 0
0 0 0 0 0 0 0 0 0 -16 0 0 -48 0 0 0
-24 0 0 0 0 -24 0 0 0 8 0 0 24 0 0 0
16 0 0 0 0 0 0 0 0 48 0 0 32 0 0 0
24 0 0 0 0 8 0 0 0 56 0 0 24 0 0 0
96 0 0 0 0 16 0 0 0 -16 0 0 0 0 0 0
64 0 0 0 0 16 0 0 0 -32 0 0 -16 0 0 0
72 0 0 0 0 8 0 0 0 -40 0 0 -24 0 0 0
-72 0 0 0 0 -8 0 0 0 -40 0 0 -24 0 0 0
-64 0 0 0 0 -16 0 0 0 -32 0 0 -16 0 0 0
-96 0 0 0 0 -16 0 0 0 -16 0 0 0 0 0 0
-24 0 0 0 0 -8 0 0 0 56 0 0 24 0 0 0
-16 0 0 0 0 0 0 0 0 48 0 0 32 0 0 0
-48 0 0 0 0 16 0 0 0 16 0 0 48 0 0 0
48 0 0 0 0 16 0 0 0 -16 0 0 48 0 0 0
0 0 0 0 0 32 0 0 0 32 0 0 0 0 0 0
0 0 0 0 0 32 0 0 0 -32 0 0 0 0 0 0
48 0 0 0 0 16 0 0 0 16 0 0 -48 0 0 0
-48 0 0 0 0 16 0 0 0 -16 0 0 -48 0 0 0
48 0 0 0 0 -16 0 0 0 -16 0 0 -48 0 0 0
-48 0 0 0 0 -16 0 0 0 16 0 0 -48 0 0 0
0 0 0 0 0 -32 0 0 0 -32 0 0 0 0 0 0
0 0 0 0 0 -32 0 0 0 32 0 0 0 0 0 0
-48 0 0 0 0 -16 0 0 0 -16 0 0 48 0 0 0
48 0 0 0 0 -16 0 0 0 16 0 0 48 0 0 0
32 0 0 0 0 0 0 0 0 -80 0 0 -16 0 0 0
-32 0 0 0 0 0 0 0 0 -80 0 0 -16 0 0 0
0 0 0 0 0 0 0 0 0 48 0 0 48 0 0 0
72 0 0 0 0 24 0 0 0 -24 0 0 -24 0 0 0
-72 0 0 0 0 -24 0 0 0 -24 0 0 -24 0 0 0
84 0 6 0 0 -14 0 0 0 -14 0 12 0 0 -6 0
-63 0 15 0 0 7 0 -3 0 -35 0 -9 21 0 3 0
21 0 -21 0 0 -7 0 3 0 49 0 3 -21 0 -3 0
-21 0 9 0 0 7 0 -3 0 -21 0 -3 21 0 3 0
-42 0 0 0 0 14 0 0 0 0 0 -6 0 0 6 0
-21 0 -9 0 0 7 0 3 0 21 0 -3 -21 0 3 0
21 0 -9 0 0 -7 0 3 0 21 0 3 -21 0 -3 0
42 0 0 0 0 -14 0 0 0 0 0 6 0 0 -6 0
21 0 9 0 0 -7 0 -3 0 -21 0 3 21 0 -3 0
0 0 -12 0 0 0 0 0 0 28 0 0 0 0 0 0
42 0 -6 0 0 0 0 0 0 14 0 6 0 0 0 0
42 0 6 0 0 0 0 0 0 -14 0 6 0 0 0 0
0 0 12 0 0 0 0 0 0 -28 0 0 0 0 0 0
-42 0 6 0 0 0 0 0 0 -14 0 -6 0 0 0 0
-42 0 -6 0 0 0 0 0 0 14 0 -6 0 0 0 0
63 0 3 0 0 -7 0 -3 0 -7 0 9 21 0 -3 0
-42 0 -12 0 0 14 0 0 0 28 0 -6 0 0 6 0
21 0 15 0 0 7 0 -3 0 -35 0 3 21 0 3 0
21 0 -15 0 0 7 0 3 0 35 0 3 -21 0 3 0
-42 0 12 0 0 14 0 0 0 -28 0 -6 0 0 6 0
63 0 -3 0 0 -7 0 3 0 7 0 9 -21 0 -3 0
-63 0 -3 0 0 7 0 3 0 7 0 -9 -21 0 3 0
42 0 -12 0 0 -14 0 0 0 28 0 6 0 0 -6 0
-21 0 -3 0 0 7 0 -3 0 7 0 -3 21 0 3 0
21 0 3 0 0 7 0 -3 0 -7 0 3 21 0 3 0
0 0 -6 0 0 14 0 0 0 14 0 0 0 0 6 0
0 0 6 0 0 14 0 0 0 -14 0 0 0 0 6 0
21 0 -3 0 0 7 0 3 0 7 0 3 -21 0 3 0
-21 0 3 0 0 7 0 3 0 -7 0 -3 -21 0 3 0
21 0 3 0 0 -7 0 3 0 -7 0 3 -21 0 -3 0
-21 0 -3 0 0 -7 0 3 0 7 0 -3 -21 0 -3 0
0 0 6 0 0 -14 0 0 0 -14 0 0 0 0 -6 0
0 0 -6 0 0 -14 0 0 0 14 0 0 0 0 -6 0
-21 0 3 0 0 -7 0 -3 0 -7 0 -3 21 0 -3 0
21 0 -3 0 0 -7 0 -3 0 7 0 3 21 0 -3 0
0 0 -24 0 0 0 0 0 0 56 0 0 0 0 0 0
84 0 12 0 0 0 0 0 0 -28 0 12 0 0 0 0
-84 0 12 0 0 0 0 0 0 -28 0 -12 0 0 0 0
42 0 12 0 0 0 0 -6 0 -28 0 6 42 0 0 0
-21 0 15 0 0 21 0 -3 0 -35 0 -3 21 0 9 0
-21 0 -15 0 0 21 0 3 0 35 0 -3 -21 0 9 0
42 0 -12 0 0 0 0 6 0 28 0 6 -42 0 0 0
21 0 -15 0 0 -21 0 3 0 35 0 3 -21 0 -9 0
63 0 -9 0 0 -7 0 -3 0 21 0 9 21 0 -3 0
0 0 -18 0 0 14 0 0 0 42 0 0 0 0 6 0
63 0 9 0 0 7 0 -3 0 -21 0 9 21 0 3 0
63 0 -9 0 0 7 0 3 0 21 0 9 -21 0 3 0
0 0 18 0 0 14 0 0 0 -42 0 0 0 0 6 0
63 0 9 0 0 -7 0 3 0 -21 0 9 -21 0 -3 0
-63 0 9 0 0 7 0 3 0 -21 0 -9 -21 0 3 0
0 0 18 0 0 -14 0 0 0 -42 0 0 0 0 -6 0
-63 0 -9 0 0 -7 0 3 0 21 0 -9 -21 0 -3 0
-63 0 9 0 0 -7 0 -3 0 -21 0 -9 21 0 -3 0
0 0 -18 0 0 -14 0 0 0 42 0 0 0 0 -6 0
-63 0 -9 0 0 7 0 -3 0 21 0 -9 21 0 3 0
0 0 6 0 0 0 0 -6 0 -14 0 0 42 0 0 0
-21 0 3 0 0 21 0 -3 0 -7 0 -3 21 0 9 0
-21 0 -3 0 0 21 0 3 0 7 0 -3 -21 0 9 0
0 0 -6 0 0 0 0 6 0 14 0 0 -42 0 0 0
21 0 -3 0 0 -21 0 3 0 7 0 3 -21 0 -9 0
21 0 3 0 0 -21 0 -3 0 -7 0 3 21 0 -9 0
-42 0 6 0 0 14 0 -6 0 -14 0 -6 42 0 6 0
0 0 12 0 0 14 0 -6 0 -28 0 0 42 0 6 0
-42 0 -6 0 0 28 0 0 0 14 0 -6 0 0 12 0
-42 0 6 0 0 28 0 0 0 -14 0 -6 0 0 12 0
0 0 -12 0 0 14 0 6 0 28 0 0 -42 0 6 0
-42 0 -6 0 0 14 0 6 0 14 0 -6 -42 0 6 0
42 0 -6 0 0 -14 0 6 0 14 0 6 -42 0 -6 0
0 0 -12 0 0 -14 0 6 0 28 0 0 -42 0 -6 0
42 0 6 0 0 -28 0 0 0 -14 0 6 0 0 -12 0
42 0 -6 0 0 -28 0 0 0 14 0 6 0 0 -12 0
0 0 12 0 0 -14 0 -6 0 -28 0 0 42 0 -6 0
42 0 6 0 0 -14 0 -6 0 -14 0 6 42 0 -6 0
21 0 -9 0 0 7 0 -3 0 21 0 3 21 0 3 0
42 0 0 0 0 14 0 0 0 0 0 6 0 0 6 0
21 0 9 0 0 7 0 3 0 -21 0 3 -21 0 3 0
-21 0 9 0 0 -7 0 3 0 -21 0 -3 -21 0 -3 0
-42 0 0 0 0 -14 0 0 0 0 0 -6 0 0 -6 0
-21 0 -9 0 0 -7 0 -3 0 21 0 -3 21 0 -3 0
63 0 -3 0 0 7 0 -3 0 7 0 9 21 0 3 0
42 0 12 0 0 14 0 0 0 -28 0 6 0 0 6 0
-63 0 3 0 0 -7 0 3 0 -7 0 -9 -21 0 -3 0
-42 0 12 0 0 -14 0 0 0 -28 0 -6 0 0 -6 0
-42 0 -12 0 0 -14 0 0 0 28 0 -6 0 0 -6 0
21 0 -15 0 0 -7 0 -3 0 35 0 3 21 0 -3 0
42 0 0 0 0 0 0 -6 0 0 0 6 42 0 0 0
-21 0 -9 0 0 21 0 -3 0 21 0 -3 21 0 9 0
21 0 9 0 0 21 0 -3 0 -21 0 3 21 0 9 0
21 0 -9 0 0 21 0 3 0 21 0 3 -21 0 9 0
-21 0 9 0 0 21 0 3 0 -21 0 -3 -21 0 9 0
42 0 0 0 0 0 0 6 0 0 0 6 -42 0 0 0
-42 0 0 0 0 0 0 6 0 0 0 -6 -42 0 0 0
21 0 9 0 0 -21 0 3 0 -21 0 3 -21 0 -9 0
-21 0 -9 0 0 -21 0 3 0 21 0 -3 -21 0 -9 0
-21 0 9 0 0 -21 0 -3 0 -21 0 -3 21 0 -9 0
21 0 -9 0 0 -21 0 -3 0 21 0 3 21 0 -9 0
-42 0 0 0 0 0 0 -6 0 0 0 -6 42 0 0 0
0 0 0 0 0 14 0 -6 0 0 0 0 42 0 6 0
0 0 0 0 0 14 0 6 0 0 0 0 -42 0 6 0
0 0 0 0 0 -14 0 6 0 0 0 0 -42 0 -6 0
0 0 0 0 0 -14 0 -6 0 0 0 0 42 0 -6 0
0 0 -6 0 0 0 0 -6 0 14 0 0 42 0 0 0
21 0 -3 0 0 21 0 -3 0 7 0 3 21 0 9 0
21 0 3 0 0 21 0 3 0 -7 0 3 -21 0 9 0
0 0 6 0 0 0 0 6 0 -14 0 0 -42 0 0 0
-21 0 3 0 0 -21 0 3 0 -7 0 -3 -21 0 -9 0
-21 0 -3 0 0 -21 0 -3 0 7 0 -3 21 0 -9 0
-42 0 -6 0 0 14 0 -6 0 14 0 -6 42 0 6 0
42 0 6 0 0 14 0 -6 0 -14 0 6 42 0 6 0
0 0 -12 0 0 28 0 0 0 28 0 0 0 0 12 0
0 0 12 0 0 28 0 0 0 -28 0 0 0 0 12 0
42 0 -6 0 0 14 0 6 0 14 0 6 -42 0 6 0
-42 0 6 0 0 14 0 6 0 -14 0 -6 -42 0 6 0
42 0 6 0 0 -14 0 6 0 -14 0 6 -42 0 -6 0
-42 0 -6 0 0 -14 0 6 0 14 0 -6 -42 0 -6 0
0 0 12 0 0 -28 0 0 0 -28 0 0 0 0 -12 0
0 0 -12 0 0 -28 0 0 0 28 0 0 0 0 -12 0
-42 0 6 0 0 -14 0 -6 0 -14 0 -6 42 0 -6 0
42 0 -6 0 0 -14 0 -6 0 14 0 6 42 0 -6 0
42 0 -12 0 0 0 0 -6 0 28 0 6 42 0 0 0
21 0 15 0 0 21 0 3 0 -35 0 3 -21 0 9 0
-21 0 15 0 0 -21 0 3 0 -35 0 -3 -21 0 -9 0
-21 0 -15 0 0 -21 0 -3 0 35 0 -3 21 0 -9 0
0 0 -12 0 0 14 0 -6 0 28 0 0 42 0 6 0
42 0 -6 0 0 14 0 -6 0 14 0 6 42 0 6 0
42 0 -6 0 0 28 0 0 0 14 0 6 0 0 12 0
42 0 6 0 0 28 0 0 0 -14 0 6 0 0 12 0
42 0 6 0 0 14 0 6 0 -14 0 6 -42 0 6 0
0 0 12 0 0 14 0 6 0 -28 0 0 -42 0 6 0
0 0 12 0 0 -14 0 6 0 -28 0 0 -42 0 -6 0
-42 0 6 0 0 -14 0 6 0 -14 0 -6 -42 0 -6 0
-42 0 6 0 0 -28 0 0 0 -14 0 -6 0 0 -12 0
-42 0 -6 0 0 -28 0 0 0 14 0 -6 0 0 -12 0
-42 0 -6 0 0 -14 0 -6 0 14 0 -6 42 0 -6 0
0 0 -12 0 0 -14 0 -6 0 28 0 0 42 0 -6 0
