0	interface:0	0	3ffdfffdfdfbfffef
1	interface:1	1	3ffbfffffffffffef
2	interface:2	2	3fff7ff7fefffffef
3	interface:3	3	3ffffffffff7ffdef
4	interface:4	4	3ffdfffffffbfbfef
5	interface:5	5	3ffffffffffffffef
6	interface:6	6	3fff7ffff77feffef
7	interface:7	7	3ffefffffbfffbfef
8	interface:8	8	3fffffffff7ffffef
9	interface:9	9	3ffffffbfff9fffef
10	interface:10	10	3fffefffff7fbffef
11	interface:11	11	3ffffffffffffffff
12	interface:12	12	3ffffffffffffffef
13	interface:13	13	3feffffffffbfffef
14	interface:14	14	3ffffffff3fffffef
15	interface:15	15	3ffbffffffffbfdef
16	interface:16	16	3ffffffffffffffef
17	interface:17	17	2fffffffffffeffef
18	interface:18	18	3ffef7f5fffbeffef
19	interface:19	19	3ffffffbfbfbfffe7
20	interface:20	20	3ffffffff3fffffef
21	interface:21	21	3ffdfff7f9fefffef
22	interface:22	22	3ffffffff3fffff6f
23	interface:23	23	3fffffb7fbffbffef
24	interface:24	24	3fffffffff7ffffef
25	interface:25	25	3fbffffdff7ffffef
26	interface:26	26	3f7ffffffffffffef
27	interface:27	27	3ffffffdfffbfffef
28	interface:28	28	3ffffffffbfffffef
29	interface:29	29	3ffffffefffbfffff
30	interface:30	30	3ffffffffffffff7f
31	interface:31	31	3ffdfff7feffffeef
32	interface:32	32	3ffffffffffffffef
33	interface:33	33	3ffffffffffffffef
34	interface:34	34	3ffff7fffffbfffef
35	interface:35	35	3ffffff7fffffffef
36	interface:36	36	3ffffff7f3fffbfef
37	interface:37	37	3ffffffffffffffef
38	interface:38	38	3ffedffffffbfff6f
39	interface:39	39	3ffffffffffffffff
40	interface:40	40	3ffbfffbff7bfffef
41	interface:41	41	3f7ffffffb7bfffef
42	interface:42	42	3fffffffffffbffef
43	interface:43	43	3fffffffff7ffffef
44	interface:44	44	3ffffffffbffbdfef
45	interface:45	45	3ffffffffbfffffef
46	interface:46	47	3fffffffffbffffff
47	interface:47	48	3ffffffffffffffff
48	interface:48	49	3ffffffffffffffcf
49	interface:49	50	3ffffffffffffbfef
50	interface:50	51	3ffffffffffffffff
51	interface:51	52	3ffffffffffffbdef
52	interface:52	53	3ffffff7fffbfffef
53	interface:53	54	3ffffffffffffffef
54	interface:54	55	3ffffffffffbfffff
55	interface:55	56	3fffffffffffbffed
56	interface:56	57	3ffdfffffffff7fef
57	interface:57	58	3fffffffff9ffffef
58	interface:58	60	3fefffffbffffffef
59	interface:59	61	3fffffb7fbffbffef
60	interface:60	62	3fffffffbfffff7ef
61	interface:61	63	3ffffffffdfffffef
62	interface:62	64	3ffffffffefffffef
63	interface:63	66	3feffffffffffffff
64	interface:64	67	3ffffffffffffffef
65	interface:65	68	3ffef7fffefbfffef
66	interface:66	69	3fffffffffffbffed
67	interface:67	70	3ffffffffffbfffef
68	interface:68	71	3ffffffffbfffdfef
69	interface:69	72	3ffffffffffffffef
70	interface:70	73	37fefffbfbf9bffef
71	interface:71	74	3fffbffffffffffff
72	interface:72	75	3ffeffffffffaffef
73	interface:73	76	3ffffff7fffffbfff
74	interface:74	77	3ffeffffffbbfffef
75	interface:75	78	3fbefffdfdffeffef
76	interface:76	79	3ffdfff7fbfffffff
77	interface:77	80	3ffffffffffffbfff
78	interface:78	81	3ffffffffffffffff
79	interface:79	82	3ffffffbfffbfffff
80	interface:80	83	3ffffffffffffffef
81	interface:81	84	3ffffffffffffffef
82	interface:82	85	3ffffffffffbffffb
83	interface:83	86	3ffffffffffffffef
84	interface:84	87	3dffbffffffffffff
85	interface:85	88	1fffffffffeffffef
86	interface:86	89	3ffbfffffffdfffef
87	interface:87	90	3ffffffffbfffffef
88	interface:88	91	3ffffefffffffffef
89	interface:89	92	3ffefffffffffffef
90	interface:90	93	3ffffffffffffffef
91	interface:91	94	3fffffffff7ffffef
92	interface:92	95	3ffffffffb9ffffef
93	interface:93	96	3fffffffbffffffff
94	interface:94	97	3ffffffffbfbfffef
95	interface:95	98	3ffffffffbfffffff
96	interface:96	99	3ffffffffbfefffef
97	interface:97	100	3fffffffffffbbfef
98	interface:98	101	3ffffffffdfbfbfef
99	interface:99	102	3ffffffffffeebfef
100	interface:100	103	3ffffff7fffffff6f
101	interface:101	104	3feeffffffffeffef
102	interface:102	105	3ffffffffffffffff
103	interface:103	106	3ffbfffffffffbfef
104	interface:104	107	3f7fffffbbfffffef
105	interface:105	109	3ffffffffffffffef
106	interface:106	110	3ffffff7fbfaedfef
107	interface:107	111	3f7fbfffffe7effef
108	interface:108	112	3ffffffffffffffef
109	interface:109	113	3effffffffffbbfef
110	interface:110	114	3fffbffffbfffffef
111	interface:111	115	3ffffffffffbdbfef
112	interface:112	116	3ffffffffffbeffef
113	interface:113	117	3ffffffff6fffffef
114	interface:114	118	3ffdfffffbfffffcf
115	interface:115	119	3fffffffbfffeffff
116	interface:116	120	3ffffffdffffeffef
117	interface:117	121	3ffffffffffbfffff
118	interface:118	122	3ffffffffefbeffef
119	interface:119	123	3ffdfffdfafffcfcf
120	interface:120	124	3f7fffffffffeffef
121	interface:121	125	3ffffffff7fffffef
122	interface:122	126	3ff5fffdfefffffff
123	interface:123	127	3ffffffffbfffdfef
124	interface:124	128	3ffffffffffffffef
125	interface:125	129	3feffffffffffffff
126	interface:126	130	3ffffffffffbbbfef
127	interface:127	131	3ffffffffeffeffef
128	interface:128	132	3ffffff7edfffffef
129	interface:129	133	3ffffffffffffffef
130	interface:130	134	3ffffffeffdffffef
131	interface:131	135	3ffff7fffffffffef
132	interface:132	136	3ffffffffbfffffff
133	interface:133	137	3ffff7fffffffffef
134	interface:134	138	3ffffffffbfdfffef
135	interface:135	139	3fffeffffffffffff
136	interface:136	140	3ffffffffffffffef
137	interface:137	141	3ffffffbfffffffef
138	interface:138	142	3ffffffffffffffff
139	interface:139	143	3ffffffffffbfffef
140	interface:140	144	3fffffffdffffffef
141	interface:141	145	3ffffffffffffffff
142	interface:142	146	3ffffff7fffffffef
143	interface:143	147	3ffffffffffffffef
144	interface:144	148	3fdffff7fbffeffef
145	interface:145	149	3fffbffffdfffbfef
146	interface:146	150	3ffffffffffffbfef
147	interface:147	151	3ffdfffffffffbfef
148	interface:148	153	3ffffffffffffffef
149	interface:149	154	3ffffffffffffffef
150	interface:150	155	3ffbfffffffffffef
151	interface:151	156	3ffffffffbfffffef
152	interface:152	157	3ffffffffffbfffef
153	interface:153	158	3ffffffffffffffef
154	interface:154	159	3ffdfff7fffbfffef
155	interface:155	160	3ffffffffffdfffff
156	interface:156	161	3fefffffeffffffef
157	interface:157	162	3fff7fffff79fffeb
158	interface:158	163	3fffffdffffffffff
159	interface:159	164	3fffffffffffeffff
160	interface:160	165	3ffffffffff7ffdef
161	interface:161	166	3ffffffbfffafffef
162	interface:162	167	3ffffffffffffffef
163	interface:163	168	3ffffffffffffffff
164	interface:164	169	3fffbffffff9fffef
165	interface:165	170	3ffffffffffffffef
166	interface:166	171	3ffffffffffdfffef
167	interface:167	172	3ffbfffffbfffffff
168	interface:168	173	3fffffff3bbffffef
169	interface:169	174	3ffffffffffffffef
170	interface:170	175	3fff7ffffffffffed
171	interface:171	176	3fffffffffffe7fef
172	interface:172	177	3ffffffffffffffef
173	interface:173	178	3ffffffffffbfffff
174	interface:174	179	3ffffffffffffffff
175	interface:175	180	3ffffffffbfffffcf
176	interface:176	181	3ffffffffefafffef
177	interface:177	182	3efeffffffffeffef
178	interface:178	183	3ffffffefffffffef
179	interface:179	184	3fffeffffffffffef
180	interface:180	185	3ffffffffffffffef
181	interface:181	186	3ffffffffffffffef
182	interface:182	187	3f7ffffffffffffef
183	interface:183	188	3ffffffffffffffef
184	interface:184	189	3ffffffdffffeffef
185	interface:185	190	3ffffffffffffffef
186	interface:186	191	3ffffffffefffffef
187	interface:187	192	3ffffffffbfffdfef
188	interface:188	193	3f7ffffffefffbfef
189	interface:189	194	3ffefffffffffbfef
190	interface:190	195	3fffffffffffffdff
191	interface:191	196	3dfffffffffffffef
192	interface:192	197	3ffffffffeffb6fff
193	interface:193	198	3ffffffffffefffef
194	interface:194	199	3ffffffffffffffff
195	interface:195	200	3ffffffffffffffff
196	interface:196	201	3ffedff7fb7bfff6f
197	interface:197	202	3ffffff7fffffffef
198	interface:198	203	3ffdfffffffffffef
199	interface:199	204	3ffffffffffbfffcf
200	interface:200	205	3ffffffffffffffef
201	interface:201	206	3fffffffff7ffffef
202	interface:202	207	3ffffffffffffffef
203	interface:203	208	3ffffffffdfffffef
204	interface:204	209	3ffffffffffffffef
205	interface:205	211	3efffffffbfbbffef
206	interface:206	212	3ffffffffffffffff
207	interface:207	213	3ffffdfdffffeffef
208	interface:208	215	3ffefff7fefffbfef
209	interface:209	216	3ffffffffffffffef
210	interface:210	217	3ffffffdffffeffff
211	interface:211	218	3ffffffffffff7fff
212	interface:212	220	3ffffffffffffffff
213	interface:213	221	3ffffffdfffffbfef
214	interface:214	222	3ffffffffefffffef
215	interface:215	223	3ffffffffffffffcf
216	interface:216	224	3ffffffbfb7ffffef
217	interface:217	225	3ffffffffffffffff
218	interface:218	226	3ffffffffffffffff
219	interface:219	227	3ffeffffffffeffff
220	interface:220	228	3ffffffffffffffef
221	interface:221	229	3f7ffff7fffff37ef
222	interface:222	230	3ffdbff3fbfffffef
223	interface:223	231	3fffffffffbffffef
224	interface:224	232	3ffffffffffffffef
225	interface:225	233	3ffffffffffffffef
226	interface:226	234	3ffffffefffffffe7
227	interface:227	235	3ffffffffffffffef
228	interface:228	237	3ffffefffefffffe7
229	interface:229	238	3ffefffbfbfffffef
230	interface:230	239	3ffdfffefefeffdef
231	interface:231	240	3ffffffffffbfbfff
232	interface:232	241	3ffffffffffffffff
233	interface:233	242	3ffffffffbfffbfcf
234	interface:234	243	3fffffbff3fffffef
235	interface:235	244	3ffffffffefffffef
236	interface:236	245	2ffff7fffbfafbfef
237	interface:237	246	3ffffffff3fffffff
238	interface:238	247	3ffdfffffbfffffcf
239	interface:239	248	3f7efffffbfffffff
240	interface:240	249	3ffbfffffffffffff
241	interface:241	250	3f7efffbfffeeffef
242	interface:242	251	3ffffffffffffff6f
243	interface:243	252	3ffffffffffffffef
244	interface:244	253	3ffbeafffbfbfffcf
245	interface:245	254	2ffffffffbfffffef
246	interface:246	255	3ffffffffffffffef
247	interface:247	256	3ffefffffffffffaf
248	interface:248	258	3fffffffff79fffef
249	interface:249	259	3ffffffffffbfffff
250	interface:250	260	3ffdffffff7ffffff
251	interface:251	261	3fbffffbfbfffffcf
252	interface:252	262	3ffffff7fdfffffef
253	interface:253	263	3ffffff7fffffffef
254	interface:254	264	3ffffffffffefffef
255	interface:255	265	3ffffffffffffbfff
256	interface:256	266	3fffffffffffeffef
257	interface:257	267	3ffffffffffffffef
258	interface:258	268	3ffff7fffffffffef
259	interface:259	269	3ffffffffdffbbfe7
260	interface:260	270	3ffffffffffffffef
261	interface:261	271	3ffff7fffffbfffef
262	interface:262	272	3fffbffffffffffef
263	interface:263	273	3bfffffffffbfffff
264	interface:264	274	3ffff7fffbfffffef
265	interface:265	275	3ffffffffeffeffef
266	interface:266	276	3ffdf7f7fff7fffef
267	interface:267	277	3ffdfffdfbfefffef
268	interface:268	278	3ffffffffffffffef
269	interface:269	279	2ffffffbfbf9effef
270	interface:270	280	3ffffffffffffffef
271	interface:271	281	3fffffffebfdf7fef
272	interface:272	282	3ffffffdfffffbfef
273	interface:273	283	3fbfffffff7feffef
274	interface:274	284	3ffffffffffdfff7f
275	interface:275	285	3ffeeffffffbfffef
276	interface:276	286	3f7ffffff7fffffef
277	interface:277	287	3fffffffffdbfffff
278	interface:278	288	3fffdffffffffff7f
279	interface:279	289	3ffffffffffffffef
280	interface:280	290	3fffffffbffffffef
281	interface:281	291	3ffffffbfbfffffcf
282	interface:282	292	3ffffffffffbfffef
283	interface:283	293	3fffffffff7ffffef
284	interface:284	295	3ffffffffefffffef
285	interface:285	296	3ffffffff37feffef
286	interface:286	297	3ffffffffffbfbfef
287	interface:287	298	3ffffffffffffffed
288	interface:288	299	3ffffffffffffffcf
289	interface:289	300	3ffffffffffffffff
290	interface:290	302	3fffffffffbffffef
291	interface:291	303	3ffffffffffffffef
292	interface:292	304	3ffffffffffffffef
293	interface:293	305	3ffffffffffffffef
294	interface:294	306	3ffffffffffffffef
295	interface:295	307	3fffffffff7feffed
296	interface:296	308	3ffffffffdfbfbfef
297	interface:297	309	3ffffffffffffffef
298	interface:298	310	3ffffffffffffffef
299	interface:299	311	3ffffffffffffffef
300	interface:300	312	3ffffff7ffffeffef
301	interface:301	314	3ffeffff3efffffef
302	interface:302	315	3ffffffffffffffef
303	interface:303	316	3f7effffffffeffef
304	interface:304	317	3ffffffffffbfdfef
305	interface:305	318	3ffffff7fbfbffecd
306	interface:306	319	3fffffffffffeffef
307	interface:307	320	3ffffffffffffffef
308	interface:308	322	3ffffff7fbfffffef
309	interface:309	323	3ffffffffff7ffdff
310	interface:310	324	3fffbffffffbfffef
311	interface:311	325	3ffef7fbfbfbffdef
312	interface:312	326	3ffffff7ffbfefdef
313	interface:313	327	3ffffffffffffffef
314	interface:314	328	3ffffffffffffffff
315	interface:315	329	3ffffffffffbeffef
316	interface:316	330	3ffffffdfffffffef
317	interface:317	332	3ffef7fffffbfffef
318	interface:318	333	3ffdfffffefffffff
319	interface:319	334	3ffffffffffbfffef
320	interface:320	335	3ffffffffffffffef
321	interface:321	336	3ffffffffffffbfef
322	interface:322	337	3ffffffffffffffef
323	interface:323	338	3ffffffffffbfbfef
324	interface:324	339	3ffffffffffffffef
325	interface:325	340	3ffffffffffffffef
326	interface:326	341	3fffffffff7ffffef
327	interface:327	342	3fff7ffdfffffffef
328	interface:328	343	3ffef7ffff7afffef
329	interface:329	345	3ffbfffffdfbfbfef
330	interface:330	346	3efffffffffffbfef
331	interface:331	347	3ffffffffffbfbfef
332	interface:332	348	3ffffffdf7fffffef
333	interface:333	349	3ffffffffbfff9fef
334	interface:334	350	3fffffffff7ffffef
335	interface:335	351	3fffffffff7ffffed
336	interface:336	352	3fffffffff7ffffef
337	interface:337	353	3fffffffff7ffffef
338	interface:338	354	3ffffffffffffbfef
339	interface:339	355	3ffffffffffffffed
340	interface:340	356	3ffffffffffffffef
341	interface:341	357	3ffffffffe7ffffef
342	interface:342	358	3ffdfff7f9fdfbfef
343	interface:343	359	3ffffffdfbfdfffef
344	interface:344	360	3ffffffbfffbfffef
345	interface:345	361	3ffdfffffbfffffef
346	interface:346	362	3ffdf7fffffff9fef
347	interface:347	363	3ffefffffffbeffef
348	interface:348	364	3ffffffffefff7fff
349	interface:349	365	3ffffffffffffffef
350	interface:350	366	3ffffffffffffffff
351	interface:351	367	3ffefffffffffffef
352	interface:352	368	3ffffffffdfffbfff
353	interface:353	369	3ffffffffffffbfef
354	interface:354	370	3ffffffffffdfffff
355	interface:355	372	3ffffffffff9f7fef
356	interface:356	373	3effffffffffeffef
357	interface:357	374	3ffef7fffffffffef
358	interface:358	375	3ffffffffffffffef
359	interface:359	376	3ffffffffffffbfef
360	interface:360	377	3ffffffffffffffef
361	interface:361	378	3ffffffffffdfffef
362	interface:362	379	3ffdf7fffbffebfef
363	interface:363	380	3ffffffffffffffef
364	interface:364	381	3ffffffffffffffef
365	interface:365	382	3ffffffffffffbfed
366	interface:366	383	3fffffffff7ffbfef
367	interface:367	384	3ffffffffffffffef
368	interface:368	385	3ffffffffffffffed
369	interface:369	386	3ffffffffffffffef
370	interface:370	387	3ffffffffb7ffffef
371	interface:371	388	3ffffffffffffbfef
372	interface:372	389	3ffffffffffffffef
373	interface:373	390	3ffffffffffffffef
374	interface:374	391	3efffffffffffbfef
375	interface:375	392	3ffefffffff9fbfef
376	interface:376	393	3ffffffff7fffffef
377	interface:377	394	3ffffffffffffffef
378	interface:378	395	3ffef7f3fffdfffef
379	interface:379	396	3ffffffffafdfdfcf
380	interface:380	397	3ffdfffffffffffef
381	interface:381	399	3ffeffffff7feffef
382	interface:382	400	3ffeffffff7bfffef
383	interface:383	401	3ffffffbfffffffef
384	interface:384	402	3ffffffffffffffef
385	interface:385	403	3ffffffffffefffef
386	interface:386	404	3ffffffdfffdfffef
387	interface:387	405	3ffffffffffffdfef
388	interface:388	406	3ffff7fffffffdfef
389	interface:389	407	3ffffffffffffbfef
390	interface:390	408	3ffffffffffffbfef
391	interface:391	409	3ffffffffdfffbfef
392	interface:392	410	3ffffffffffbfffef
393	interface:393	411	3fffffffff7ffffef
394	interface:394	412	3ffffffffffffffef
395	interface:395	413	3efffffffbfffdfef
396	interface:396	414	3ffffffffffffffef
397	interface:397	415	3bff7ffffffffffcf
398	interface:398	416	3ffffffffdfffbfef
399	interface:399	417	3effffffffffeffef
400	interface:400	418	3efffffffbfffffef
401	interface:401	419	3ffffffbfffefffff
402	interface:402	420	3fffffffff7ffffef
403	interface:403	421	3ffffffbfbfffffef
404	interface:404	422	3ffffffffbfffbfef
405	interface:405	423	3ffffffffb7ffffef
406	interface:406	424	3ffffffffffffffef
407	interface:407	425	3ffffffffffffffef
408	interface:408	426	3ffffffffefffbfef
409	interface:409	427	3ffffffffffbf7fef
410	interface:410	428	3ffffffffffffffef
411	interface:411	429	3fffffbffefbf7fef
412	interface:412	430	3fffffffff7bfffef
413	interface:413	431	3ffffffffa7ffffef
414	interface:414	432	3ffffffffbfbfffcf
415	interface:415	434	3ffefffffdfbfbfef
416	interface:416	435	3ffdfffffffffffef
417	interface:417	437	3ffffffffefff3fef
418	interface:418	438	3ffffffffffffffef
419	interface:419	440	3ffffffffffffffef
420	interface:420	441	3ffdfffffefffffef
421	interface:421	442	3ffffffffefff7fff
422	interface:422	443	3ffffffffffffffef
423	interface:423	444	3ffffffffbfffffef
424	interface:424	445	3ffffffffffbeffef
425	interface:425	446	3ffffffffffffffef
426	interface:426	447	3ffffffffffffffed
427	interface:427	450	3ffffffffffffffef
428	interface:428	451	3ffffffffffffffef
429	interface:429	452	3ffffffffffffffef
430	interface:430	453	3ffffff7fffefffef
431	interface:431	454	3ffffffffffbfbfef
432	interface:432	455	3ffffffbfdfefffef
433	interface:433	456	3ffffffff7fffffef
434	interface:434	457	3ffffffff9fff7fef
435	interface:435	458	3ffffffffffffffcf
436	interface:436	459	3ffffffffffbfffef
437	interface:437	460	3ffffffdfefff7fef
438	interface:438	461	3ffffffffffffffcf
439	interface:439	462	3fff7ffff7fefffef
440	interface:440	463	3ffffffffffffffef
441	interface:441	464	3ffffffffffffffef
442	interface:442	465	3fff7fffff7ffffef
443	interface:443	467	3ffffffffffffffef
444	interface:444	468	3ffffffff7fffffef
445	interface:445	469	3ffffffffffff3fef
446	interface:446	470	3ffffffffffbe7fef
447	interface:447	471	3ffffffffdfefffef
448	interface:448	472	3ffffffffffffffef
449	interface:449	473	3ffffffffffffffff
450	interface:450	474	3fffffffbfbffffef
451	interface:451	475	3ffffffffffffffef
452	interface:452	476	3ffffffffffffbfef
453	interface:453	477	3ffffffffffffffef
454	interface:454	478	3ffffffeffbbfffff
455	interface:455	479	3fefeffffffffffef
456	interface:456	480	3ffffdfbffffffffb
457	interface:457	481	3ffffffffffffffef
458	interface:458	482	3ffff7fffffffffff
459	interface:459	483	3ffffffffffffffef
460	interface:460	484	3ffffff7fffffffff
461	interface:461	485	3ffffffffffffffef
462	interface:462	486	3ffffffdfffffffff
463	interface:463	487	3ffffffbda7ffbdef
464	interface:464	488	3ffff7fffbfffffcf
465	interface:465	489	3ffff7fffffffbf6f
466	interface:466	490	3ffbfffffb7ffffee
467	interface:467	491	3fffffffff7bfffef
468	interface:468	492	3ffffffffff7fffff
469	interface:469	493	3ffffffffefffffef
470	interface:470	494	3ffffdfbfdfbfffe3
471	interface:471	495	3ffffffffffffbfcf
472	interface:472	496	3ffffffffffffffcf
473	interface:473	498	3ffffffffdfff7fef
474	interface:474	499	3ffffffffffff7fff
475	interface:475	501	3ffffff7fffffbfef
476	interface:476	502	3ffffffffffbfffef
477	interface:477	503	3ffffffffefefffef
478	interface:478	504	3ffffffffffffffff
479	interface:479	505	3ffffffffffbfffef
480	interface:480	506	3fffffffff7ffffef
481	interface:481	507	1ffffffffffffffed
482	interface:482	508	3fff7fb7fbfbfffef
483	interface:483	509	3ffffffffffffffef
484	interface:484	46,59	3ffffffffffffffef
485	interface:485	46,65	3ffffffffffffffef
486	interface:486	46,236	3fbffffffffbfffef
487	interface:487	46	3ffffffffffffffef
488	interface:488	59	3ffffffffffffffed
489	interface:489	65	3ffffff7fffffffef
490	interface:490	108	3ffffffff7fbfffef
491	interface:491	152	3ffdfffffffffffef
492	interface:492	210,214	3ffdfffffffffffef
493	interface:493	210	3f7ffffffffffbfcf
494	interface:494	214	3ffff7fffffffffef
495	interface:495	219	3bffffffffffd7fef
496	interface:496	236	3ffffffffffffffef
497	interface:497	257	3ffffffffffffffef
498	interface:498	294	3ffffffffffffffef
499	interface:499	301	3ffffffffffff9fef
500	interface:500	313	3fffffbfffffeffef
501	interface:501	321	3dffbffffffffffef
502	interface:502	331	3ffffffffffffdfef
503	interface:503	344	3efffffffffffffef
504	interface:504	371	3ffffffffffffffef
505	interface:505	371	3fff7ffbfeffebfef
506	interface:506	398	3ffffffffffffffef
507	interface:507	433	3ffffffffffffffef
508	interface:508	436	3ffffffbfbfffffef
509	interface:509	439	3ffffffffbfffffef
510	interface:510	448	3ffffffffffffffef
511	interface:511	449	3ffffffff3fffffef
512	interface:512	466	3ffdfffff7fffffef
513	interface:513	497	3ffffffffffffffef
514	interface:514	500	3ffffff7fffffbfef
515	interface:515	108,152,257	3ffffefffbbffffef
516	profile:0	46	3ffbfffffffbfffef
517	profile:1	65	3ffef7fdf3ffeffef
518	profile:2	108	3ffffffffffffbfef
519	profile:3	210	3fffffffffbefffef
520	profile:4	219	3ffff6f7fa7bfffcf
521	profile:5	301	3ffffffffffefffef
522	profile:6	371	3ffdfffffbfcfdfcf
523	profile:7	436	3ffffffdfffffbfef
524	profile:8	449	3ffff7fffffffffcf
525	profile:9	59,439	3ffffffffbfffbfef
526	profile:10	257	3ffff7fbfffabbfef
527	profile:11	439,448	3ffdfffffffffffef
528	profile:12	439,497	3ffffffff9fefffef
529	profile:13	59	3ffffffffffffffef
530	profile:14	398,433,439	3ffffffffff9f7fef
531	whole:0	59	3ffffffff7fafffef
532	whole:1	236	3fffffffbffffffef
533	whole:2	257	3ffbfffbfffbfffef
534	whole:3	294	3efffffffbfffffef
535	whole:4	313	3fbff7fefffffffef
536	whole:5	321	3ffffffffffffffef
537	whole:6	331	3ffffffbfbfffffef
538	whole:7	398	3ffffffff3fffbfef
539	whole:8	448	3ffffffffffffffef
540	whole:9	466	3ffffffffffff7fef
541	whole:10	214,344	3ffffffffffffbfef
542	whole:11	344,433	3ffffff7fbfdfffcf
543	whole:12	433,439	3ffefff7fbfdfffcf
