record	roots	branches_unsat	base_clauses	source_clauses	source_reported_proof_bytes
0	43	903	233742	251845	1211700
1	43	903	233907	252010	1117642
2	43	903	233548	251651	1127752
3	43	903	234134	252237	1157688
4	43	903	232901	251004	1088074
5	43	903	233804	251907	1192266
6	43	903	233657	251760	1156264
7	43	903	233520	251623	1137459
8	43	903	233948	252051	1171908
9	43	903	234062	252165	1120398
10	43	903	233917	252020	1168315
11	43	903	233741	251844	1160078
12	43	903	233699	251802	1190873
13	43	903	233434	251537	1049136
14	43	903	233587	251690	1155415
15	43	903	233625	251728	1213895
16	43	903	233942	252045	1280075
17	43	903	233323	251426	1139950
18	43	903	233439	251542	1186482
19	43	903	233614	251717	1127069
20	43	903	233653	251756	1152103
21	43	903	233899	252002	1138858
22	43	903	234030	252133	1191431
23	43	903	233498	251601	1073294
24	43	903	233326	251429	1126998
25	43	903	233730	251833	1195969
26	43	903	233074	251177	1126192
27	43	903	233671	251774	1140800
28	43	903	233713	251816	1265125
29	43	903	233652	251755	1145254
30	43	903	233708	251811	1125252
31	43	903	233463	251566	1116818
32	43	903	233757	251860	1193583
33	43	903	233230	251333	1153050
34	43	903	233139	251242	1020111
35	43	903	234064	252167	1149376
36	43	903	233208	251311	1218660
37	43	903	233663	251766	1068893
38	43	903	233559	251662	1048264
39	43	903	233523	251626	1060476
40	43	903	233685	251788	1208597
41	43	903	233680	251783	1212759
42	43	903	233666	251769	1066701
43	43	903	233335	251438	1130316
44	43	903	233452	251555	1073562
45	43	903	233628	251731	1163400
46	43	903	233654	251757	1192302
47	43	903	234021	252124	1252781
48	43	903	233841	251944	1144175
49	43	903	233124	251227	1122604
50	43	903	233553	251656	1135808
51	43	903	233113	251216	1071958
52	43	903	233707	251810	1142008
53	43	903	233281	251384	1081263
54	43	903	233714	251817	1153731
55	43	903	233517	251620	1132217
56	43	903	233352	251455	1055517
57	43	903	233720	251823	1281409
58	43	903	233751	251854	1142961
59	43	903	232999	251102	1077988
60	43	903	233666	251769	1078598
61	43	903	233446	251549	1062767
62	43	903	233365	251468	1107036
63	43	903	233571	251674	1119580
64	43	903	233350	251453	1101443
65	43	903	233131	251234	1080646
66	43	903	233046	251149	1109140
67	43	903	233484	251587	1096433
68	43	903	233708	251811	1195347
69	43	903	233798	251901	1138657
70	43	903	233177	251280	1202631
71	43	903	233876	251979	1215683
72	43	903	233550	251653	1072950
73	43	903	233022	251125	1102108
74	43	903	233809	251912	1071022
75	43	903	233608	251711	1176231
76	43	903	233535	251638	1170697
77	43	903	233272	251375	1093524
78	43	903	234011	252114	1179315
79	43	903	233784	251887	1151401
80	43	903	233707	251810	1225095
81	43	903	233495	251598	1036789
82	43	903	233876	251979	1176153
83	43	903	233252	251355	1051131
84	43	903	233468	251571	1263844
85	43	903	233793	251896	1101495
86	43	903	233571	251674	1143282
87	43	903	233760	251863	1203572
88	43	903	233417	251520	1118641
89	43	903	233330	251433	1086280
90	43	903	233578	251681	1103561
91	43	903	233575	251678	1124351
92	43	903	233365	251468	1148467
93	43	903	233294	251397	1074763
94	43	903	233050	251153	1194826
95	43	903	233881	251984	1063773
96	43	903	232998	251101	1026922
97	43	903	233269	251372	1132558
98	43	903	233745	251848	1113008
99	43	903	233968	252071	1209681
100	43	903	233789	251892	1187219
101	43	903	233443	251546	1162300
102	43	903	233345	251448	1097246
103	43	903	233968	252071	1112497
104	43	903	233185	251288	1046955
105	43	903	233607	251710	1117293
106	43	903	233415	251518	1080668
107	43	903	233619	251722	1089139
108	43	903	233335	251438	1060663
109	43	903	234049	252152	1133271
110	43	903	233745	251848	1281286
111	43	903	234136	252239	1198280
112	43	903	233734	251837	1099229
113	43	903	233132	251235	1171169
114	43	903	233836	251939	1164146
115	43	903	233244	251347	1099917
116	43	903	233406	251509	1163348
117	43	903	233610	251713	1190774
118	43	903	233719	251822	1199214
119	43	903	233788	251891	1127578
120	43	903	233501	251604	1095554
121	43	903	233537	251640	1160366
122	43	903	233833	251936	1140142
123	43	903	233762	251865	1225581
124	43	903	233793	251896	1161064
125	43	903	233665	251768	1169839
126	43	903	233063	251166	1091704
127	43	903	233845	251948	1218245
128	43	903	234049	252152	1118396
129	43	903	233516	251619	1109206
130	43	903	233251	251354	1160338
131	43	903	234040	252143	1165280
132	43	903	233561	251664	1102475
133	43	903	233806	251909	1156707
134	43	903	233040	251143	1131718
135	43	903	233773	251876	1155871
136	43	903	233873	251976	1272038
137	43	903	233615	251718	1067140
138	43	903	233309	251412	1082971
139	43	903	232967	251070	1069686
140	43	903	233503	251606	1101018
141	43	903	233960	252063	1125769
142	43	903	233619	251722	1147660
143	43	903	233452	251555	1177946
144	43	903	233376	251479	1108158
145	43	903	233323	251426	1035624
146	43	903	233676	251779	1047924
147	43	903	233779	251882	1108875
148	43	903	233595	251698	1159879
149	43	903	233738	251841	1135537
150	43	903	233608	251711	1180398
151	43	903	233334	251437	1128796
152	43	903	233355	251458	1080918
153	43	903	233456	251559	1314653
154	43	903	233602	251705	1142813
155	43	903	233734	251837	1093601
156	43	903	233762	251865	1068535
157	43	903	233539	251642	1127515
158	43	903	233839	251942	1237878
159	43	903	233484	251587	1127407
160	43	903	233722	251825	1134745
161	43	903	233751	251854	1086573
162	43	903	233474	251577	1154464
163	43	903	233317	251420	1038625
164	43	903	233083	251186	1087572
165	43	903	233449	251552	1224979
166	43	903	233667	251770	1184402
167	43	903	233103	251206	1092991
168	43	903	233610	251713	1183810
169	43	903	233799	251902	1138872
170	43	903	233468	251571	1188916
171	43	903	233764	251867	1151383
172	43	903	233656	251759	1115274
173	43	903	233627	251730	1078983
174	43	903	233490	251593	1204514
175	43	903	233349	251452	1216504
176	43	903	233907	252010	1179862
177	43	903	233453	251556	1121088
178	43	903	233941	252044	1167225
179	43	903	233635	251738	1189780
180	43	903	233588	251691	1134091
181	43	903	233363	251466	1124822
182	43	903	232873	250976	1033117
183	43	903	233287	251390	1131444
184	43	903	233423	251526	1105754
185	43	903	233811	251914	1167322
186	43	903	233785	251888	1187781
187	43	903	233474	251577	1145150
188	43	903	232906	251009	1068299
189	43	903	233574	251677	1058095
190	43	903	233778	251881	1087534
191	43	903	233576	251679	1172324
192	43	903	233176	251279	1104520
193	43	903	233283	251386	1074256
194	43	903	233870	251973	1170810
195	43	903	233868	251971	1157411
196	43	903	233326	251429	1052007
197	43	903	233503	251606	1155722
198	43	903	233424	251527	1105367
199	43	903	234106	252209	1176792
200	43	903	233323	251426	1230025
201	43	903	233655	251758	1093384
202	43	903	233969	252072	1251886
203	43	903	233667	251770	1117438
204	43	903	233523	251626	1280416
205	43	903	233778	251881	1129428
206	43	903	233553	251656	1108412
207	43	903	233897	252000	1098933
208	43	903	233573	251676	1170560
209	43	903	233182	251285	1018954
210	43	903	233284	251387	1104158
211	43	903	233376	251479	1100707
212	43	903	233498	251601	1165269
213	43	903	232691	250794	1035842
214	43	903	233946	252049	1197773
215	43	903	233443	251546	1187529
216	43	903	233602	251705	1176361
217	43	903	233682	251785	1190616
218	43	903	233621	251724	1228456
219	43	903	233448	251551	1077964
220	43	903	233663	251766	1118795
221	43	903	233417	251520	1163283
222	43	903	233452	251555	1160936
223	43	903	233729	251832	1074074
224	43	903	234068	252171	1115716
225	43	903	233758	251861	1136567
226	43	903	233621	251724	1117231
227	43	903	233708	251811	1209183
228	43	903	233653	251756	1102365
229	43	903	233613	251716	1146135
230	43	903	233919	252022	1103625
231	43	903	233585	251688	1181628
232	43	903	233690	251793	1119159
233	43	903	233738	251841	1118572
234	43	903	233160	251263	1124764
235	43	903	233669	251772	1067474
236	43	903	233552	251655	1152692
237	43	903	233614	251717	1164602
238	43	903	233848	251951	1246492
239	43	903	233187	251290	1034058
240	43	903	233618	251721	1150660
241	43	903	233298	251401	1119453
242	43	903	233659	251762	1082231
243	43	903	233605	251708	1077739
244	43	903	233615	251718	1137761
245	43	903	233990	252093	1222804
246	43	903	233465	251568	1160154
247	43	903	233723	251826	1134656
248	43	903	233837	251940	1195778
249	43	903	233596	251699	1160512
250	43	903	233755	251858	1188175
251	43	903	233527	251630	1224423
252	43	903	233998	252101	1167249
253	43	903	233554	251657	1162230
254	43	903	233783	251886	1064964
255	43	903	234064	252167	1095868
256	43	903	233516	251619	1155351
257	43	903	233799	251902	1162580
258	43	903	233495	251598	1163836
259	43	903	233130	251233	1067683
260	43	903	233907	252010	1270406
261	43	903	233411	251514	1143763
262	43	903	233284	251387	1132673
263	43	903	233839	251942	1190684
264	43	903	233499	251602	1174101
265	43	903	233329	251432	1064255
266	43	903	233582	251685	1218140
267	43	903	233615	251718	1102122
268	43	903	233862	251965	1198469
269	43	903	233924	252027	1215055
270	43	903	232755	250858	1116123
271	43	903	233973	252076	1155767
272	43	903	233520	251623	1233750
273	43	903	233690	251793	1151410
274	43	903	233197	251300	1099775
275	43	903	233682	251785	1134096
276	43	903	233196	251299	1034453
277	43	903	233143	251246	1126134
278	43	903	233272	251375	1134506
279	43	903	233474	251577	1136550
280	43	903	233306	251409	1117201
281	43	903	233559	251662	1200054
282	43	903	233722	251825	1108955
283	43	903	233065	251168	1051899
284	43	903	233452	251555	1040526
285	43	903	234198	252301	1168720
286	43	903	233651	251754	1132153
287	43	903	233478	251581	1084407
288	43	903	233546	251649	1104630
289	43	903	233097	251200	1192335
290	43	903	233931	252034	1167202
291	43	903	233320	251423	1089325
292	43	903	233702	251805	1062796
293	43	903	233071	251174	1093848
294	43	903	233316	251419	1082486
295	43	903	233469	251572	1157796
296	43	903	233808	251911	1154406
297	43	903	233373	251476	1153093
298	43	903	233737	251840	1165577
299	43	903	232997	251100	1014260
300	43	903	233442	251545	1119950
301	43	903	233464	251567	1092740
302	43	903	233836	251939	1110952
303	43	903	233271	251374	1270933
304	43	903	234021	252124	1232661
305	43	903	233033	251136	1051819
306	43	903	233554	251657	1216741
307	43	903	233103	251206	1128369
308	43	903	233695	251798	1181037
309	43	903	233448	251551	1175917
310	43	903	233657	251760	1108580
311	43	903	233672	251775	1147267
312	43	903	233431	251534	1165430
313	43	903	233232	251335	1173124
314	43	903	232699	250802	1140353
315	43	903	233479	251582	1122921
316	43	903	233298	251401	1234504
317	43	903	233446	251549	1116974
318	43	903	233508	251611	1111286
319	43	903	233230	251333	1060836
320	43	903	233479	251582	1103462
321	43	903	233232	251335	1133716
322	43	903	233275	251378	1029919
323	43	903	233378	251481	1070361
324	43	903	234051	252154	1273446
325	43	903	233650	251753	1235734
326	43	903	233453	251556	1090323
327	43	903	233868	251971	1161977
328	43	903	233681	251784	1146197
329	43	903	233605	251708	1223853
330	43	903	233237	251340	1069143
331	43	903	233949	252052	1262396
332	43	903	233455	251558	1124972
333	43	903	232797	250900	1061502
334	43	903	233513	251616	1120883
335	43	903	233619	251722	1126802
336	43	903	233571	251674	1106068
337	43	903	233137	251240	1066264
338	43	903	233294	251397	1011250
339	43	903	233801	251904	1231910
340	43	903	232987	251090	1135336
341	43	903	233347	251450	1095260
342	43	903	233570	251673	1164769
343	43	903	233690	251793	1138503
344	43	903	233825	251928	1178563
345	43	903	233275	251378	1057893
346	43	903	233586	251689	1307667
347	43	903	234040	252143	1167367
348	43	903	233956	252059	1185945
349	43	903	232997	251100	1028418
350	43	903	233328	251431	1124623
351	43	903	233949	252052	1200649
352	43	903	234137	252240	1162011
353	43	903	233781	251884	1160026
354	43	903	233411	251514	1071032
355	43	903	233703	251806	1133857
356	43	903	233610	251713	1114761
357	43	903	233140	251243	1104669
358	43	903	233676	251779	1257483
359	43	903	233977	252080	1215882
360	43	903	233489	251592	1097532
361	43	903	233837	251940	1110541
362	43	903	233498	251601	1188884
363	43	903	234124	252227	1128848
364	43	903	233402	251505	1107189
365	43	903	233608	251711	1227681
366	43	903	233805	251908	1100676
367	43	903	234058	252161	1166119
368	43	903	233949	252052	1144898
369	43	903	233666	251769	1089774
370	43	903	233344	251447	1126963
371	43	903	233595	251698	1121914
372	43	903	233568	251671	1117455
373	43	903	233470	251573	1171642
374	43	903	233244	251347	1066803
375	43	903	233813	251916	1195677
376	43	903	233784	251887	1133850
377	43	903	233690	251793	1117239
378	43	903	233514	251617	1157960
379	43	903	233598	251701	1116500
380	43	903	233714	251817	1307333
381	43	903	233537	251640	1152108
382	43	903	233518	251621	1148634
383	43	903	233742	251845	1196138
384	43	903	233679	251782	1138349
385	43	903	233152	251255	1148531
386	43	903	233655	251758	1045266
387	43	903	233122	251225	1073183
388	43	903	233292	251395	1055957
389	43	903	233778	251881	1117319
390	43	903	233349	251452	1119431
391	43	903	233887	251990	1163546
392	43	903	233545	251648	1172462
393	43	903	233352	251455	1110781
394	43	903	233337	251440	1160853
395	43	903	233033	251136	1014704
396	43	903	233367	251470	1098505
397	43	903	233469	251572	1149199
398	43	903	233513	251616	1122956
399	43	903	233503	251606	1100700
400	43	903	233578	251681	1147373
401	43	903	233710	251813	1238046
402	43	903	233571	251674	1139271
403	43	903	233598	251701	1072942
404	43	903	233879	251982	1282937
405	43	903	233680	251783	1189538
406	43	903	233552	251655	1150597
407	43	903	233551	251654	1107782
408	43	903	234137	252240	1335742
409	43	903	233396	251499	1019717
410	43	903	233919	252022	1128975
411	43	903	233263	251366	1064413
412	43	903	233250	251353	1063500
413	43	903	233458	251561	1123283
414	43	903	233528	251631	1112163
415	43	903	233843	251946	1212525
416	43	903	233810	251913	1184562
417	43	903	233436	251539	1066773
418	43	903	233367	251470	1158807
419	43	903	233011	251114	1090826
420	43	903	233162	251265	1113311
421	43	903	233413	251516	1088893
422	43	903	233559	251662	1149837
423	43	903	233651	251754	1132958
424	43	903	233806	251909	1243013
425	43	903	233363	251466	1108386
426	43	903	233519	251622	1211493
427	43	903	233186	251289	1153874
428	43	903	233525	251628	1133594
429	43	903	233972	252075	1257201
430	43	903	233724	251827	1088042
431	43	903	233979	252082	1318680
432	43	903	233421	251524	1128252
433	43	903	233808	251911	1165132
434	43	903	233572	251675	1121832
435	43	903	233278	251381	1116053
436	43	903	233439	251542	1152500
437	43	903	233554	251657	1054591
438	43	903	233562	251665	1158165
439	43	903	232699	250802	1126309
440	43	903	233843	251946	1135803
441	43	903	233185	251288	1119760
442	43	903	233581	251684	1118891
443	43	903	233274	251377	1102990
444	43	903	233539	251642	1166984
445	43	903	233285	251388	1146176
446	43	903	233344	251447	1200437
447	43	903	233569	251672	1196913
448	43	903	233433	251536	1113813
449	43	903	233441	251544	1113485
450	43	903	233364	251467	1148735
451	43	903	233234	251337	1104662
452	43	903	233672	251775	1169161
453	43	903	233630	251733	1059051
454	43	903	233682	251785	1126087
455	43	903	233294	251397	1103396
456	43	903	233744	251847	1132948
457	43	903	233720	251823	1104876
458	43	903	233079	251182	1078880
459	43	903	233504	251607	1122347
460	43	903	233457	251560	1176497
461	43	903	233427	251530	1103632
462	43	903	233486	251589	1048896
463	43	903	232691	250794	1060461
464	43	903	233707	251810	1086894
465	43	903	233755	251858	1123301
466	43	903	233812	251915	1048899
467	43	903	233474	251577	1155418
468	43	903	233198	251301	1080496
469	43	903	233423	251526	1158380
470	43	903	233285	251388	1207825
471	43	903	233610	251713	1175819
472	43	903	233700	251803	1173679
473	43	903	233476	251579	1213011
474	43	903	233801	251904	1203593
475	43	903	233533	251636	1107695
476	43	903	233551	251654	1180350
477	43	903	233257	251360	1191872
478	43	903	233583	251686	1179578
479	43	903	233808	251911	1101282
480	43	903	233758	251861	1128489
481	43	903	233637	251740	1086217
482	43	903	233850	251953	1108139
483	43	903	233979	252082	1338375
484	43	903	233474	251577	1144544
485	43	903	233348	251451	1066963
486	43	903	233612	251715	1285020
487	43	903	233604	251707	1167231
488	43	903	232955	251058	1111704
489	43	903	233526	251629	1130101
490	43	903	233679	251782	1250318
491	43	903	233198	251301	1176660
492	43	903	233460	251563	1055279
493	43	903	233458	251561	1080636
494	43	903	233016	251119	1181035
495	43	903	233890	251993	1173113
496	43	903	233523	251626	1080928
497	43	903	233785	251888	1200647
498	43	903	233269	251372	1161849
499	43	903	233487	251590	1132592
500	43	903	233352	251455	1101005
501	43	903	233437	251540	1212831
502	43	903	233310	251413	1147289
503	43	903	233563	251666	1072514
504	43	903	233279	251382	1127636
505	43	903	233861	251964	1160017
506	43	903	233847	251950	1200636
507	43	903	233599	251702	1119934
508	43	903	233697	251800	1164004
509	43	903	233861	251964	1139519
510	43	903	233337	251440	1181080
511	43	903	233611	251714	1145098
512	43	903	233330	251433	1085582
513	43	903	233595	251698	1103769
514	43	903	233301	251404	1116354
515	43	903	233785	251888	1136172
516	43	903	232996	251099	1115358
517	43	903	233539	251642	1065724
518	43	903	233353	251456	1252194
519	43	903	233345	251448	1072256
520	43	903	233655	251758	1054365
521	43	903	233368	251471	1134241
522	43	903	233675	251778	1120838
523	43	903	233634	251737	1126602
524	43	903	233785	251888	1073467
525	43	903	233631	251734	1200825
526	43	903	233678	251781	1158176
527	43	903	233777	251880	1180811
528	43	903	233160	251263	1039763
529	43	903	233550	251653	1098422
530	43	903	233121	251224	1061238
531	43	903	233568	251671	1145344
532	43	903	233931	252034	1239587
533	43	903	233337	251440	1152155
534	43	903	233887	251990	1147996
535	43	903	233152	251255	1123848
536	43	903	233560	251663	1112170
537	43	903	233738	251841	1205158
538	43	903	233785	251888	1187214
539	43	903	233910	252013	1173693
540	43	903	233230	251333	1084353
541	43	903	233583	251686	1105492
542	43	903	233614	251717	1156146
543	43	903	232910	251013	1009146
544	43	903	233435	251538	1076945
545	43	903	233846	251949	1139620
546	43	903	233314	251417	1091029
547	43	903	233508	251611	1105748
548	43	903	233554	251657	1094289
549	43	903	233755	251858	1077462
550	43	903	233426	251529	1196573
551	43	903	233680	251783	1096748
552	43	903	233330	251433	1149823
553	43	903	233828	251931	1236969
554	43	903	233421	251524	1153409
555	43	903	233723	251826	1180460
556	43	903	233261	251364	1084909
557	43	903	233487	251590	1206523
558	43	903	233589	251692	1222160
559	43	903	233575	251678	1150280
560	43	903	233583	251686	1080732
561	43	903	233487	251590	1145611
562	43	903	233376	251479	1080666
563	43	903	233766	251869	1110399
564	43	903	233416	251519	1138464
565	43	903	233514	251617	1215909
566	43	903	233602	251705	1086398
567	43	903	233367	251470	1097205
568	43	903	233932	252035	1117169
569	43	903	233560	251663	1116731
570	43	903	233916	252019	1147382
571	43	903	233539	251642	1143582
572	43	903	233673	251776	1287692
573	43	903	233486	251589	1107040
574	43	903	233657	251760	1140211
575	43	903	233841	251944	1171365
576	43	903	233641	251744	1121524
577	43	903	233179	251282	1169611
578	43	903	233631	251734	1134264
579	43	903	233621	251724	1114350
580	43	903	233321	251424	1081336
581	43	903	233628	251731	1137066
582	43	903	233602	251705	1175372
583	43	903	233802	251905	1166411
584	43	903	233737	251840	1163301
585	43	903	233787	251890	1234536
586	43	903	233678	251781	1150609
587	43	903	233763	251866	1221635
588	43	903	233442	251545	1296284
589	43	903	233051	251154	1062769
590	43	903	233627	251730	1134693
591	43	903	233663	251766	1163562
592	43	903	233230	251333	1116163
593	43	903	233723	251826	1238869
594	43	903	233825	251928	1204315
595	43	903	233527	251630	1121846
596	43	903	233660	251763	1136703
597	43	903	233452	251555	1073096
598	43	903	233669	251772	1121696
599	43	903	233627	251730	1022648
600	43	903	233774	251877	1198253
601	43	903	233751	251854	1141552
602	43	903	233707	251810	1161059
603	43	903	233983	252086	1178969
604	43	903	233313	251416	1120534
605	43	903	233763	251866	1105056
606	43	903	233423	251526	1145155
607	43	903	233960	252063	1215009
608	43	903	233813	251916	1230276
609	43	903	233229	251332	1106375
610	43	903	233419	251522	1091993
611	43	903	233665	251768	1192518
612	43	903	233672	251775	1149124
613	43	903	233865	251968	1066300
614	43	903	233300	251403	1085516
615	43	903	233692	251795	1098253
616	43	903	233187	251290	1121644
617	43	903	233921	252024	1120438
618	43	903	233813	251916	1187469
619	43	903	233942	252045	1218372
620	43	903	233505	251608	1095779
621	43	903	233139	251242	1050818
622	43	903	233657	251760	1156363
623	43	903	233538	251641	1101893
624	43	903	232942	251045	1078110
625	43	903	233635	251738	1130401
626	43	903	233824	251927	1145256
627	43	903	232906	251009	997608
628	43	903	233711	251814	1070230
629	43	903	233305	251408	1131531
630	43	903	233033	251136	1077294
631	43	903	233764	251867	1192554
632	43	903	233565	251668	1271507
633	43	903	233785	251888	1175207
634	43	903	233637	251740	1228677
635	43	903	232987	251090	1057039
636	43	903	233560	251663	1125115
637	43	903	233476	251579	1156429
638	43	903	233763	251866	1153617
639	43	903	233769	251872	1174145
640	43	903	233276	251379	1203853
641	43	903	233737	251840	1268176
642	43	903	233913	252016	1251379
643	43	903	233802	251905	1149172
644	43	903	233665	251768	1122922
645	43	903	233727	251830	1144888
646	43	903	233615	251718	1147409
647	43	903	233545	251648	1183183
648	43	903	233223	251326	1071938
649	43	903	233279	251382	1122310
650	43	903	233951	252054	1067094
651	43	903	233668	251771	1125768
652	43	903	233767	251870	1201321
653	43	903	233457	251560	1107222
654	43	903	233607	251710	1138757
655	43	903	233654	251757	1065778
656	43	903	233736	251839	1180022
657	43	903	233234	251337	1073429
658	43	903	233632	251735	1170364
659	43	903	233539	251642	1142471
660	43	903	233490	251593	1033243
661	43	903	233390	251493	1040016
662	43	903	233850	251953	1138720
663	43	903	233406	251509	1127963
664	43	903	233753	251856	1134304
665	43	903	233198	251301	1185946
666	43	903	233344	251447	1151064
667	43	903	233708	251811	1137883
668	43	903	233078	251181	1227928
669	43	903	233676	251779	1150585
670	43	903	233476	251579	1103351
671	43	903	233406	251509	1116863
672	43	903	232979	251082	1062370
673	43	903	233549	251652	1188335
674	43	903	233490	251593	1111975
675	43	903	234007	252110	1166707
676	43	903	233363	251466	1145505
677	43	903	233413	251516	1092945
678	43	903	233294	251397	1177839
679	43	903	233614	251717	1099378
680	43	903	233743	251846	1093330
681	43	903	234124	252227	1148659
682	43	903	233843	251946	1218069
683	43	903	233595	251698	1205229
684	43	903	233518	251621	1164765
685	43	903	233365	251468	1084032
686	43	903	233269	251372	1106459
687	43	903	233722	251825	1200038
688	43	903	233557	251660	1327899
689	43	903	233730	251833	1196415
690	43	903	233539	251642	1150266
691	43	903	233621	251724	1190288
692	43	903	233628	251731	1319413
693	43	903	233884	251987	1211076
694	43	903	233285	251388	1084342
695	43	903	233486	251589	1067171
696	43	903	233506	251609	1095611
697	43	903	233393	251496	1094008
698	43	903	233232	251335	1128282
699	43	903	233819	251922	1088850
700	43	903	233332	251435	1046263
701	43	903	233363	251466	1092854
702	43	903	233942	252045	1184091
703	43	903	233084	251187	1106728
704	43	903	233723	251826	1240873
705	43	903	233115	251218	1067588
706	43	903	233618	251721	1180065
707	43	903	233713	251816	1144709
708	43	903	233320	251423	1116713
709	43	903	233170	251273	1095210
710	43	903	233016	251119	1262122
711	43	903	233487	251590	1165924
712	43	903	233956	252059	1163870
713	43	903	233343	251446	1046219
714	43	903	233187	251290	1106964
715	43	903	233794	251897	1141138
716	43	903	233394	251497	1120061
717	43	903	233632	251735	1114007
718	43	903	233084	251187	1039910
719	43	903	233534	251637	1103271
720	43	903	233515	251618	1072513
721	43	903	233514	251617	1193968
722	43	903	233035	251138	1104482
723	43	903	233709	251812	1109150
724	43	903	233584	251687	1125334
725	43	903	233906	252009	1075125
726	43	903	233640	251743	1200846
727	43	903	233078	251181	1053151
728	43	903	233680	251783	1142641
729	43	903	233633	251736	1194197
730	43	903	233603	251706	1188022
731	43	903	233637	251740	1168852
732	43	903	233787	251890	1188108
733	43	903	233411	251514	1073346
734	43	903	233376	251479	1196293
735	43	903	233248	251351	1162723
736	43	903	233941	252044	1159577
737	43	903	233607	251710	1125966
738	43	903	233281	251384	1128228
739	43	903	233466	251569	1143311
740	43	903	233608	251711	1149952
741	43	903	233916	252019	1246248
742	43	903	233294	251397	1249737
743	43	903	233566	251669	1201223
744	43	903	233868	251971	1232026
745	43	903	233681	251784	1091378
746	43	903	233780	251883	1198015
747	43	903	233302	251405	1047902
748	43	903	233724	251827	1128258
749	43	903	233557	251660	1150366
750	43	903	233640	251743	1184516
751	43	903	234009	252112	1208649
752	43	903	233723	251826	1146844
753	43	903	233334	251437	1088844
754	43	903	233434	251537	1225254
755	43	903	233279	251382	1289157
756	43	903	233654	251757	1231988
757	43	903	233538	251641	1218270
758	43	903	233469	251572	1127184
759	43	903	232974	251077	1066284
760	43	903	233092	251195	1064140
761	43	903	233325	251428	1327152
762	43	903	233843	251946	1158607
763	43	903	233707	251810	1139256
764	43	903	233553	251656	1140150
765	43	903	233808	251911	1150030
766	43	903	234058	252161	1210273
767	43	903	233682	251785	1100812
768	43	903	233629	251732	1153402
769	43	903	233698	251801	1090867
770	43	903	233634	251737	1098028
771	43	903	233115	251218	1081180
772	43	903	233274	251377	1133309
773	43	903	233554	251657	1162928
774	43	903	233582	251685	1160382
775	43	903	233743	251846	1157632
776	43	903	233621	251724	1170626
777	43	903	233170	251273	1145607
778	43	903	233672	251775	1145927
779	43	903	233556	251659	1163834
780	43	903	234118	252221	1124776
781	43	903	233400	251503	1169873
782	43	903	233582	251685	1173235
783	43	903	233519	251622	1190698
784	43	903	233343	251446	1111745
785	43	903	233816	251919	1183437
786	43	903	232864	250967	1055947
787	43	903	233027	251130	1062854
788	43	903	233932	252035	1169319
789	43	903	233562	251665	1173068
790	43	903	234071	252174	1215628
791	43	903	233499	251602	1115898
792	43	903	233182	251285	1103039
793	43	903	233745	251848	1126020
794	43	903	233292	251395	1122002
795	43	903	233322	251425	1024163
796	43	903	233788	251891	1110378
797	43	903	233519	251622	1063646
798	43	903	233502	251605	1086889
799	43	903	233617	251720	1139452
800	43	903	233592	251695	1101458
801	43	903	233551	251654	1108041
802	43	903	233545	251648	1091591
803	43	903	233635	251738	1130586
804	43	903	233833	251936	1208927
805	43	903	233563	251666	1069110
806	43	903	233713	251816	1124071
807	43	903	233553	251656	1134240
808	43	903	234119	252222	1105414
809	43	903	233695	251798	1222073
810	43	903	233862	251965	1175919
811	43	903	233679	251782	1149798
812	43	903	233739	251842	1145784
813	43	903	232999	251102	1118064
814	43	903	233663	251766	1143545
815	43	903	233998	252101	1188228
816	43	903	233887	251990	1062766
817	43	903	233655	251758	1052967
818	43	903	233486	251589	1123626
819	43	903	233710	251813	1244079
820	43	903	233523	251626	1232361
821	43	903	233557	251660	1138580
822	43	903	233486	251589	1112344
823	43	903	233420	251523	1086740
824	43	903	233958	252061	1142705
825	43	903	233050	251153	1054332
826	43	903	233367	251470	1140426
827	43	903	233810	251913	1182128
828	43	903	233179	251282	1061803
829	43	903	233676	251779	1058174
830	43	903	233406	251509	1296350
831	43	903	233287	251390	1075537
832	43	903	233164	251267	1073502
833	43	903	233365	251468	1046693
834	43	903	233433	251536	1124232
835	43	903	234018	252121	1199483
836	43	903	233472	251575	1123305
837	43	903	233424	251527	1122433
838	43	903	233724	251827	1091646
839	43	903	233721	251824	1182835
840	43	903	233298	251401	1159197
841	43	903	233414	251517	1163181
842	43	903	233450	251553	1238075
843	43	903	233477	251580	1144956
844	43	903	233363	251466	1178692
845	43	903	233583	251686	1135505
846	43	903	233319	251422	1068215
847	43	903	233171	251274	1081045
848	43	903	233506	251609	1127519
849	43	903	233581	251684	1249501
850	43	903	233712	251815	1132913
851	43	903	233612	251715	1191904
852	43	903	234136	252239	1128633
853	43	903	233926	252029	1192104
854	43	903	233466	251569	1078364
855	43	903	233352	251455	1080951
856	43	903	233405	251508	1210588
857	43	903	233556	251659	1129310
858	43	903	233438	251541	1167969
859	43	903	233734	251837	1072509
860	43	903	233474	251577	1065196
861	43	903	233250	251353	1040697
862	43	903	233294	251397	1132700
863	43	903	233734	251837	1090009
864	43	903	233489	251592	1135890
865	43	903	233903	252006	1196250
866	43	903	233642	251745	1194494
867	43	903	233762	251865	1119872
868	43	903	233721	251824	1153107
869	43	903	233497	251600	1124957
870	43	903	233314	251417	1132415
871	43	903	233513	251616	1057253
872	43	903	233401	251504	1139326
873	43	903	233757	251860	1218061
874	43	903	233808	251911	1094061
875	43	903	233898	252001	1159487
876	43	903	233441	251544	1128030
877	43	903	233707	251810	1274114
878	43	903	233541	251644	1101669
879	43	903	233102	251205	1091798
880	43	903	233099	251202	1045156
881	43	903	233099	251202	1070429
882	43	903	233675	251778	1143248
883	43	903	233505	251608	1159339
884	43	903	233693	251796	1220269
885	43	903	233839	251942	1208542
886	43	903	233653	251756	1159229
887	43	903	233026	251129	1096365
888	43	903	233897	252000	1164484
889	43	903	233680	251783	1184576
890	43	903	233122	251225	1079872
891	43	903	233179	251282	1132052
892	43	903	233445	251548	1098085
893	43	903	233808	251911	1312379
894	43	903	233406	251509	1090274
895	43	903	233665	251768	1128816
896	43	903	233851	251954	1162997
897	43	903	233751	251854	1231914
898	43	903	233675	251778	1200798
899	43	903	233703	251806	1244414
900	43	903	233519	251622	1059184
901	43	903	233417	251520	1154225
902	43	903	233478	251581	1099773
903	43	903	233190	251293	1136786
904	43	903	232996	251099	1141988
905	43	903	233046	251149	1163476
906	43	903	233587	251690	1069955
907	43	903	233654	251757	1100360
908	43	903	233525	251628	1151472
909	43	903	234130	252233	1159831
910	43	903	233572	251675	1175062
911	43	903	233102	251205	1128248
912	43	903	233581	251684	1042469
913	43	903	233406	251509	1018040
914	43	903	233519	251622	1276599
915	43	903	233806	251909	1158874
916	43	903	233603	251706	1223917
917	43	903	233712	251815	1108091
918	43	903	233541	251644	1121632
919	43	903	233402	251505	1086932
920	43	903	233680	251783	1135254
921	43	903	233819	251922	1079899
922	43	903	233197	251300	1154128
923	43	903	233414	251517	1138509
924	43	903	232782	250885	1066582
925	43	903	233666	251769	1246223
926	43	903	233449	251552	1150707
927	43	903	233237	251340	1088623
928	43	903	233450	251553	1136725
929	43	903	233373	251476	1119580
930	43	903	233658	251761	1062535
931	43	903	233499	251602	1119440
932	43	903	233182	251285	1071438
933	43	903	233649	251752	1212812
934	43	903	233139	251242	1136760
935	43	903	233830	251933	1174380
936	43	903	233738	251841	1119690
937	43	903	233171	251274	1039777
938	43	903	233593	251696	1161410
939	43	903	233549	251652	1204919
940	43	903	233962	252065	1110736
941	43	903	233764	251867	1202819
942	43	903	233495	251598	1145833
943	43	903	233329	251432	1129455
944	43	903	233504	251607	1159340
945	43	903	233770	251873	1214897
946	43	903	233579	251682	1065784
947	43	903	233767	251870	1201263
948	43	903	233520	251623	1147949
949	43	903	233345	251448	1077153
950	43	903	232884	250987	1024870
951	43	903	233736	251839	1130517
952	43	903	233769	251872	1103822
953	43	903	233581	251684	1083772
954	43	903	233680	251783	1136607
955	43	903	233303	251406	1085215
956	43	903	233847	251950	1172479
957	43	903	232996	251099	1065747
958	43	903	233804	251907	1191920
959	43	903	232560	250663	1015107
960	43	903	233406	251509	1165182
961	43	903	233749	251852	1162214
962	43	903	233806	251909	1220670
963	43	903	233599	251702	1143418
964	43	903	233745	251848	1140174
965	43	903	233583	251686	1108899
966	43	903	233613	251716	1176177
967	43	903	233137	251240	1038192
968	43	903	233628	251731	1167982
969	43	903	233671	251774	1133617
970	43	903	233431	251534	1177077
971	43	903	233435	251538	1055488
972	43	903	233576	251679	1155333
973	43	903	233518	251621	1091863
974	43	903	233323	251426	1118785
975	43	903	233619	251722	1072999
976	43	903	233528	251631	1119413
977	43	903	233533	251636	1193882
978	43	903	234024	252127	1227833
979	43	903	233667	251770	1203226
980	43	903	233648	251751	1113555
981	43	903	233474	251577	1171464
982	43	903	233653	251756	1077002
983	43	903	233667	251770	1110047
984	43	903	233676	251779	1121446
985	43	903	233788	251891	1159234
986	43	903	233533	251636	1210399
987	43	903	234105	252208	1174229
988	43	903	233413	251516	1205819
989	43	903	233421	251524	1133823
990	43	903	233780	251883	1134097
991	43	903	233410	251513	1134592
992	43	903	233848	251951	1183110
993	43	903	233707	251810	1157429
994	43	903	233229	251332	1064558
995	43	903	233719	251822	1232984
996	43	903	233973	252076	1156129
997	43	903	234005	252108	1102601
998	43	903	233152	251255	1059208
999	43	903	233097	251200	1122057
1000	43	903	233806	251909	1122036
1001	43	903	233320	251423	1103343
1002	43	903	233803	251906	1185817
1003	43	903	233441	251544	1101417
1004	43	903	233303	251406	1326927
1005	43	903	233803	251906	1133424
1006	43	903	233619	251722	1125882
1007	43	903	233512	251615	1085291
1008	43	903	233476	251579	1034089
1009	43	903	233124	251227	1172010
1010	43	903	233655	251758	1118413
1011	43	903	233897	252000	1139621
1012	43	903	233903	252006	1254944
1013	43	903	233594	251697	1160657
1014	43	903	233682	251785	1072461
1015	43	903	233387	251490	1143119
1016	43	903	233729	251832	1135371
1017	43	903	233721	251824	1172881
1018	43	903	233400	251503	1186557
1019	43	903	233425	251528	1141729
1020	43	903	233132	251235	1139953
1021	43	903	233625	251728	1166527
1022	43	903	233495	251598	1202515
1023	43	903	233681	251784	1115215
1024	43	903	233835	251938	1120496
1025	43	903	233276	251379	1034104
1026	43	903	233406	251509	1080410
1027	43	903	233470	251573	1125271
1028	43	903	233033	251136	1059547
1029	43	903	233306	251409	1050075
1030	43	903	233224	251327	1122044
1031	43	903	233622	251725	1151266
1032	43	903	234124	252227	1149276
1033	43	903	233140	251243	1099297
1034	43	903	233237	251340	1261780
1035	43	903	233395	251498	1166667
1036	43	903	233519	251622	1162645
1037	43	903	233451	251554	1120539
1038	43	903	233689	251792	1173449
1039	43	903	233437	251540	1138276
1040	43	903	233316	251419	1069204
1041	43	903	233723	251826	1107920
1042	43	903	233299	251402	1154814
1043	43	903	232777	250880	1008867
1044	43	903	233635	251738	1124504
1045	43	903	233897	252000	1065369
1046	43	903	233604	251707	1042327
1047	43	903	233612	251715	1156808
1048	43	903	233977	252080	1110227
1049	43	903	234051	252154	1254547
1050	43	903	233576	251679	1171239
1051	43	903	233562	251665	1143436
1052	43	903	233510	251613	1204159
1053	43	903	233209	251312	1078160
1054	43	903	233449	251552	1092770
1055	43	903	233558	251661	1146409
1056	43	903	233722	251825	1089899
1057	43	903	233739	251842	1167032
1058	43	903	233537	251640	1157062
1059	43	903	233304	251407	1021453
1060	43	903	233778	251881	1147908
1061	43	903	233635	251738	1133531
1062	43	903	233364	251467	1152956
1063	43	903	233169	251272	1134813
1064	43	903	233856	251959	1165238
1065	43	903	233571	251674	1211123
1066	43	903	233604	251707	1129998
1067	43	903	233723	251826	1157381
1068	43	903	232861	250964	1107039
1069	43	903	233575	251678	1129674
1070	43	903	233378	251481	1235700
1071	43	903	233652	251755	1071966
1072	43	903	233778	251881	1128691
1073	43	903	233841	251944	1291694
1074	43	903	233700	251803	1111938
1075	43	903	233466	251569	1150675
1076	43	903	233804	251907	1127498
1077	43	903	233798	251901	1161998
1078	43	903	233788	251891	1170603
1079	43	903	233479	251582	1158169
1080	43	903	233209	251312	1195215
1081	43	903	233164	251267	1054793
1082	43	903	233622	251725	1211906
1083	43	903	233456	251559	1156541
1084	43	903	233629	251732	1188946
1085	43	903	233527	251630	1096018
1086	43	903	233841	251944	1113389
1087	43	903	233276	251379	1120119
1088	43	903	233893	251996	1232129
1089	43	903	233296	251399	1132483
1090	43	903	232997	251100	1187406
1091	43	903	233788	251891	1177757
1092	43	903	233836	251939	1058485
1093	43	903	233847	251950	1179094
1094	43	903	233296	251399	1178396
1095	43	903	233811	251914	1153208
1096	43	903	233859	251962	1116373
1097	43	903	233511	251614	1121578
1098	43	903	233305	251408	1124841
1099	43	903	233651	251754	1080644
1100	43	903	233364	251467	1074324
1101	43	903	233367	251470	1055040
1102	43	903	233742	251845	1091427
1103	43	903	233454	251557	1055006
1104	43	903	233439	251542	1082242
1105	43	903	233598	251701	1169757
1106	43	903	233143	251246	1045469
1107	43	903	233642	251745	1082007
1108	43	903	233616	251719	1095541
1109	43	903	233759	251862	1128075
1110	43	903	233579	251682	1036686
1111	43	903	232955	251058	1102259
1112	43	903	233365	251468	1119689
1113	43	903	233557	251660	1143909
1114	43	903	233470	251573	1173956
1115	43	903	233160	251263	1186345
1116	43	903	233436	251539	1233548
1117	43	903	233624	251727	1171104
1118	43	903	233737	251840	1204669
1119	43	903	233698	251801	1141473
1120	43	903	233133	251236	1099905
1121	43	903	233830	251933	1067727
1122	43	903	233420	251523	1156884
1123	43	903	233815	251918	1256524
1124	43	903	233566	251669	1234634
1125	43	903	233310	251413	1120228
1126	43	903	233682	251785	1112087
1127	43	903	233641	251744	1131228
1128	43	903	233320	251423	1105877
1129	43	903	233734	251837	1135510
1130	43	903	233667	251770	1134008
1131	43	903	233589	251692	1185937
1132	43	903	233669	251772	1082638
1133	43	903	233680	251783	1282352
1134	43	903	233702	251805	1175075
1135	43	903	233610	251713	1142622
1136	43	903	233534	251637	1110385
1137	43	903	233525	251628	1102343
1138	43	903	233769	251872	1130284
1139	43	903	233879	251982	1128981
1140	43	903	233688	251791	1113700
1141	43	903	233576	251679	1163277
1142	43	903	233616	251719	1114547
1143	43	903	233533	251636	1143281
1144	43	903	233363	251466	1138679
1145	43	903	233345	251448	1096781
1146	43	903	233614	251717	1259792
1147	43	903	233622	251725	1164897
1148	43	903	233559	251662	1262996
1149	43	903	233781	251884	1152821
1150	43	903	233450	251553	1129728
1151	43	903	233198	251301	1092149
1152	43	903	233978	252081	1173037
1153	43	903	233263	251366	1143866
1154	43	903	233983	252086	1129130
1155	43	903	233152	251255	1150934
1156	43	903	232755	250858	1076653
1157	43	903	233487	251590	1139423
1158	43	903	232873	250976	1093411
1159	43	903	233603	251706	1130943
1160	43	903	233478	251581	1048630
1161	43	903	233436	251539	1130247
1162	43	903	233350	251453	1082269
1163	43	903	233949	252052	1122143
1164	43	903	233052	251155	1065910
1165	43	903	233120	251223	1127527
1166	43	903	233409	251512	1100313
1167	43	903	233847	251950	1191996
1168	43	903	233527	251630	1100947
1169	43	903	233802	251905	1119833
1170	43	903	233407	251510	1050945
1171	43	903	233303	251406	1088855
1172	43	903	233421	251524	1078700
1173	43	903	233780	251883	1094439
1174	43	903	233120	251223	1038960
1175	43	903	233672	251775	1164082
1176	43	903	233517	251620	1123166
1177	43	903	233304	251407	1113764
1178	43	903	233620	251723	1122853
1179	43	903	233666	251769	1188424
1180	43	903	233755	251858	1152234
1181	43	903	233343	251446	1074852
1182	43	903	233884	251987	1104527
1183	43	903	233452	251555	1142197
1184	43	903	233594	251697	1123298
1185	43	903	233585	251688	1185851
1186	43	903	233788	251891	1140761
1187	43	903	233826	251929	1199389
1188	43	903	233425	251528	1063363
1189	43	903	233510	251613	1187415
1190	43	903	233619	251722	1063185
1191	43	903	233294	251397	1141366
1192	43	903	233817	251920	1157685
1193	43	903	233439	251542	1170576
1194	43	903	233431	251534	1214735
1195	43	903	233162	251265	1002370
1196	43	903	233179	251282	1028789
1197	43	903	233121	251224	1075633
1198	43	903	233412	251515	1089584
1199	43	903	233284	251387	1067577
1200	43	903	233428	251531	1057859
1201	43	903	233303	251406	1057364
1202	43	903	233477	251580	1047224
1203	43	903	233477	251580	1111911
1204	43	903	233284	251387	1091114
1205	43	903	233614	251717	1088248
1206	43	903	233505	251608	1067596
1207	43	903	233582	251685	1172935
1208	43	903	233679	251782	1142811
1209	43	903	233504	251607	1110198
1210	43	903	233503	251606	1095015
1211	43	903	233394	251497	1136805
1212	43	903	233390	251493	1163956
1213	43	903	233538	251641	1127327
1214	43	903	233789	251892	1169099
1215	43	903	233913	252016	1173130
1216	43	903	233219	251322	1116786
1217	43	903	233375	251478	1125914
1218	43	903	233755	251858	1127924
1219	43	903	233615	251718	1147986
1220	43	903	233486	251589	1094114
1221	43	903	233559	251662	1097903
1222	43	903	233804	251907	1197549
1223	43	903	233654	251757	1152514
1224	43	903	233063	251166	1073957
1225	43	903	233510	251613	1248909
1226	43	903	233631	251734	1189491
1227	43	903	233620	251723	1118340
1228	43	903	233369	251472	1155188
1229	43	903	233763	251866	1230210
1230	43	903	233734	251837	1180348
1231	43	903	233571	251674	1097158
1232	43	903	233452	251555	1183819
1233	43	903	233489	251592	1247303
1234	43	903	233343	251446	1169664
1235	43	903	233743	251846	1130691
1236	43	903	233579	251682	1150790
1237	43	903	233606	251709	1206377
1238	43	903	233301	251404	1128230
1239	43	903	233645	251748	1178035
1240	43	903	233079	251182	1167084
1241	43	903	233873	251976	1261179
1242	43	903	232927	251030	1117979
1243	43	903	233230	251333	1041941
1244	43	903	233052	251155	1098950
1245	43	903	233283	251386	995633
1246	43	903	233616	251719	1185825
1247	43	903	233699	251802	1236933
1248	43	903	233717	251820	1067717
1249	43	903	233843	251946	1120618
1250	43	903	233751	251854	1142495
1251	43	903	233417	251520	1129389
1252	43	903	233596	251699	1185538
1253	43	903	233884	251987	1203401
1254	43	903	233587	251690	1059928
1255	43	903	233714	251817	1234750
1256	43	903	233435	251538	1109852
1257	43	903	233304	251407	1260639
1258	43	903	233193	251296	1152712
1259	43	903	233520	251623	1193174
1260	43	903	234105	252208	1262000
1261	43	903	233851	251954	1127144
1262	43	903	233647	251750	1196127
1263	43	903	233637	251740	1202957
1264	43	903	233688	251791	1161836
1265	43	903	233592	251695	1214409
1266	43	903	233508	251611	1190153
1267	43	903	233942	252045	1205723
1268	43	903	234119	252222	1195820
1269	43	903	233584	251687	1172670
1270	43	903	233261	251364	1069290
1271	43	903	233329	251432	1031590
1272	43	903	233504	251607	1098891
1273	43	903	233629	251732	1050576
1274	43	903	233697	251800	1194562
1275	43	903	233931	252034	1297182
1276	43	903	233313	251416	1165267
1277	43	903	233624	251727	1140871
1278	43	903	233515	251618	1137732
1279	43	903	233861	251964	1115337
1280	43	903	233605	251708	1179112
1281	43	903	233743	251846	1171380
1282	43	903	233659	251762	1164202
1283	43	903	233344	251447	1182462
1284	43	903	233780	251883	1129689
1285	43	903	233499	251602	1159592
1286	43	903	233781	251884	1170152
1287	43	903	233627	251730	1157961
1288	43	903	233457	251560	1296273
1289	43	903	233996	252099	1230733
1290	43	903	233831	251934	1218472
1291	43	903	233508	251611	1034236
1292	43	903	233663	251766	1089239
1293	43	903	233657	251760	1151612
1294	43	903	234198	252301	1259844
1295	43	903	232861	250964	1062716
1296	43	903	233501	251604	1134806
1297	43	903	233513	251616	1156759
1298	43	903	233345	251448	1216116
1299	43	903	233801	251904	1192049
1300	43	903	233431	251534	1095869
1301	43	903	233355	251458	1109591
1302	43	903	233861	251964	1123822
1303	43	903	233424	251527	1087170
1304	43	903	233418	251521	1095725
1305	43	903	233458	251561	1207988
1306	43	903	233888	251991	1105645
1307	43	903	233887	251990	1148287
1308	43	903	233441	251544	1219579
1309	43	903	233426	251529	1185654
1310	43	903	233273	251376	1136844
1311	43	903	234068	252171	1245268
1312	43	903	233712	251815	1179585
1313	43	903	232782	250885	1050359
1314	43	903	233691	251794	1123861
1315	43	903	233439	251542	1135744
1316	43	903	233134	251237	1110499
1317	43	903	232560	250663	1070217
1318	43	903	233395	251498	1137053
1319	43	903	233796	251899	1168605
1320	43	903	233913	252016	1138439
1321	43	903	233320	251423	1108511
1322	43	903	233302	251405	1080145
1323	43	903	233418	251521	1116558
1324	43	903	233109	251212	1097088
1325	43	903	233721	251824	1070253
1326	43	903	233890	251993	1175402
1327	43	903	233631	251734	1130624
1328	43	903	233476	251579	1164072
1329	43	903	233187	251290	1024020
1330	43	903	233769	251872	1148629
1331	43	903	233312	251415	1214503
1332	43	903	233351	251454	1119757
1333	43	903	233196	251299	1125520
1334	43	903	233695	251798	1053314
1335	43	903	233353	251456	1089281
1336	43	903	233744	251847	1093782
1337	43	903	233606	251709	1123906
1338	43	903	233712	251815	1175434
1339	43	903	233722	251825	1104298
1340	43	903	233439	251542	1080134
1341	43	903	233330	251433	1030519
1342	43	903	234106	252209	1213896
1343	43	903	233401	251504	1120576
1344	43	903	233942	252045	1206159
1345	43	903	233546	251649	1207821
1346	43	903	233573	251676	1127381
1347	43	903	233613	251716	1099482
1348	43	903	233487	251590	1129905
1349	43	903	233647	251750	1187682
1350	43	903	233606	251709	1310574
1351	43	903	233679	251782	1165023
1352	43	903	233327	251430	1091790
1353	43	903	233699	251802	1103635
1354	43	903	233589	251692	1224483
1355	43	903	233303	251406	1195046
1356	43	903	233495	251598	1287422
1357	43	903	233891	251994	1160986
1358	43	903	233796	251899	1138241
1359	43	903	233077	251180	1083960
1360	43	903	233980	252083	1155347
1361	43	903	233833	251936	1066962
1362	43	903	233027	251130	1121447
1363	43	903	233805	251908	1122238
1364	43	903	233761	251864	1199695
1365	43	903	233489	251592	1164490
1366	43	903	233783	251886	1069374
1367	43	903	233973	252076	1108055
1368	43	903	233454	251557	1185024
1369	43	903	233209	251312	1085473
1370	43	903	233913	252016	1196560
1371	43	903	233551	251654	1134487
1372	43	903	233862	251965	1067633
1373	43	903	233696	251799	1194408
1374	43	903	233423	251526	1082431
1375	43	903	233642	251745	1235513
1376	43	903	233767	251870	1220680
1377	43	903	233737	251840	1171092
1378	43	903	233459	251562	1132724
1379	43	903	233917	252020	1112179
1380	43	903	233373	251476	1032971
1381	43	903	233651	251754	1164145
1382	43	903	233347	251450	1083701
1383	43	903	233591	251694	1268924
1384	43	903	234045	252148	1260205
1385	43	903	233113	251216	1203254
1386	43	903	233823	251926	1182475
1387	43	903	233603	251706	1154402
1388	43	903	233719	251822	1114367
1389	43	903	233450	251553	1141250
1390	43	903	233812	251915	1180876
1391	43	903	233753	251856	1211665
1392	43	903	233466	251569	1114851
1393	43	903	233614	251717	1236441
1394	43	903	233215	251318	1209464
1395	43	903	233845	251948	1159836
1396	43	903	233816	251919	1106417
1397	43	903	233179	251282	1157772
1398	43	903	233723	251826	1172332
1399	43	903	233969	252072	1223878
1400	43	903	233330	251433	1119992
1401	43	903	233390	251493	1130512
1402	43	903	233182	251285	1151135
1403	43	903	233281	251384	1085975
1404	43	903	233569	251672	1090537
1405	43	903	233524	251627	1103021
1406	43	903	233551	251654	1108529
1407	43	903	233056	251159	1117739
1408	43	903	233635	251738	1151271
1409	43	903	233682	251785	1188015
1410	43	903	233625	251728	1143550
1411	43	903	233635	251738	1097523
1412	43	903	234009	252112	1151000
1413	43	903	233490	251593	1074852
1414	43	903	233345	251448	1078639
1415	43	903	233809	251912	1101349
1416	43	903	233689	251792	1190516
1417	43	903	233439	251542	1074719
1418	43	903	233466	251569	1104373
1419	43	903	233663	251766	1086454
1420	43	903	233570	251673	1089381
1421	43	903	233640	251743	1157226
1422	43	903	233497	251600	1146542
1423	43	903	233652	251755	1157679
1424	43	903	234045	252148	1227161
1425	43	903	233505	251608	1119729
1426	43	903	233343	251446	1050215
1427	43	903	233450	251553	1195143
1428	43	903	232797	250900	1029461
1429	43	903	233631	251734	1122858
1430	43	903	233908	252011	1133640
1431	43	903	233073	251176	1094757
1432	43	903	233314	251417	1155927
1433	43	903	233612	251715	1156537
1434	43	903	233817	251920	1088930
1435	43	903	232864	250967	1044316
1436	43	903	233655	251758	1154345
1437	43	903	233841	251944	1193157
1438	43	903	233948	252051	1140658
1439	43	903	233598	251701	1204205
1440	43	903	233212	251315	1255631
1441	43	903	233224	251327	1095664
1442	43	903	233343	251446	1091991
1443	43	903	233865	251968	1142932
1444	43	903	233343	251446	1054266
1445	43	903	233394	251497	1104465
1446	43	903	233840	251943	1208761
1447	43	903	232998	251101	1040926
1448	43	903	233325	251428	1109394
1449	43	903	233720	251823	1106340
1450	43	903	233712	251815	1165745
1451	43	903	233424	251527	1127178
1452	43	903	233325	251428	1111166
1453	43	903	233460	251563	1030686
1454	43	903	234136	252239	1119558
1455	43	903	233304	251407	1206576
1456	43	903	233676	251779	1164682
1457	43	903	233707	251810	1096700
1458	43	903	232884	250987	1072075
1459	43	903	233808	251911	1126992
1460	43	903	233658	251761	1091160
1461	43	903	233654	251757	1193702
1462	43	903	233504	251607	1153066
1463	43	903	233729	251832	1096818
1464	43	903	233774	251877	1141664
1465	43	903	233171	251274	1125126
1466	43	903	233951	252054	1144937
1467	43	903	233742	251845	1116876
1468	43	903	233599	251702	1076992
1469	43	903	234217	252320	1161382
1470	43	903	233690	251793	1189531
1471	43	903	233257	251360	1069026
1472	43	903	233317	251420	1098409
1473	43	903	233946	252049	1212798
1474	43	903	233518	251621	1089850
1475	43	903	233663	251766	1170411
1476	43	903	233077	251180	1019218
1477	43	903	233368	251471	1168253
1478	43	903	233714	251817	1122293
1479	43	903	233406	251509	1113856
1480	43	903	233389	251492	1051285
1481	43	903	233524	251627	1004123
1482	43	903	233667	251770	1117042
1483	43	903	233723	251826	1130551
1484	43	903	233821	251924	1150398
1485	43	903	233533	251636	1197894
1486	43	903	233653	251756	1179545
1487	43	903	233958	252061	1147638
1488	43	903	233692	251795	1124353
1489	43	903	233541	251644	1123274
1490	43	903	233176	251279	1219268
1491	43	903	233439	251542	1129559
1492	43	903	234071	252174	1350383
1493	43	903	233466	251569	1200753
1494	43	903	233309	251412	1047918
1495	43	903	233403	251506	1131245
1496	43	903	233835	251938	1138547
1497	43	903	233859	251962	1225473
1498	43	903	233073	251176	1101153
1499	43	903	233260	251363	1114334
1500	43	903	233474	251577	1122037
1501	43	903	233065	251168	1090807
1502	43	903	233425	251528	1112125
1503	43	903	233740	251843	1096499
1504	43	903	233619	251722	1144571
1505	43	903	233700	251803	1225138
1506	43	903	233713	251816	1120645
1507	43	903	233510	251613	1154147
1508	43	903	233223	251326	1035984
1509	43	903	233287	251390	1017399
1510	43	903	233518	251621	1097647
1511	43	903	233603	251706	1102686
1512	43	903	233841	251944	1071679
1513	43	903	233691	251794	1265570
1514	43	903	233645	251748	1116302
1515	43	903	233367	251470	1070770
1516	43	903	233342	251445	1100811
1517	43	903	233595	251698	1161814
1518	43	903	233958	252061	1199648
1519	43	903	233260	251363	1189638
1520	43	903	233645	251748	1245453
1521	43	903	234136	252239	1240217
1522	43	903	233458	251561	1262503
1523	43	903	233130	251233	1137181
1524	43	903	233504	251607	1069786
1525	43	903	233778	251881	1175458
1526	43	903	233572	251675	1098586
1527	43	903	233510	251613	1137051
1528	43	903	234005	252108	1171595
1529	43	903	233767	251870	1091258
1530	43	903	234007	252110	1189939
1531	43	903	233984	252087	1275707
1532	43	903	233840	251943	1193087
1533	43	903	233212	251315	1074967
1534	43	903	233197	251300	1048732
1535	43	903	233275	251378	1139401
1536	43	903	233636	251739	1157083
1537	43	903	233363	251466	1102839
1538	43	903	233633	251736	1051064
1539	43	903	233744	251847	1069665
1540	43	903	233720	251823	1303289
1541	43	903	233794	251897	1188859
1542	43	903	233415	251518	1217717
1543	43	903	233593	251696	1139955
1544	43	903	233502	251605	1164550
1545	43	903	233846	251949	1184587
1546	43	903	233579	251682	1098738
1547	43	903	233753	251856	1106842
1548	43	903	233742	251845	1135625
1549	43	903	233755	251858	1125567
1550	43	903	233458	251561	1152188
1551	43	903	233344	251447	1105141
1552	43	903	233576	251679	1151554
1553	43	903	233583	251686	1225441
1554	43	903	233177	251280	1118567
1555	43	903	233498	251601	1117570
1556	43	903	234102	252205	1246223
1557	43	903	233315	251418	1108913
1558	43	903	233477	251580	1180110
1559	43	903	233512	251615	1191333
1560	43	903	233681	251784	1217902
1561	43	903	233518	251621	1139237
1562	43	903	233406	251509	1159205
1563	43	903	233830	251933	1135759
1564	43	903	233656	251759	1176205
1565	43	903	233215	251318	1067268
1566	43	903	232942	251045	1099690
1567	43	903	233668	251771	1127349
1568	43	903	233541	251644	1155940
1569	43	903	233329	251432	1124878
1570	43	903	233724	251827	1211501
1571	43	903	233622	251725	1089312
1572	43	903	233223	251326	1128971
1573	43	903	233826	251929	1090762
1574	43	903	233672	251775	1160617
1575	43	903	233364	251467	1065686
1576	43	903	233343	251446	1171766
1577	43	903	233326	251429	1094568
1578	43	903	233906	252009	1127446
1579	43	903	233616	251719	1152413
1580	43	903	233648	251751	1064430
1581	43	903	234189	252292	1240514
1582	43	903	234124	252227	1224940
1583	43	903	233694	251797	1179632
1584	43	903	233365	251468	1158455
1585	43	903	233807	251910	1166986
1586	43	903	233642	251745	1129585
1587	43	903	233477	251580	1132866
1588	43	903	233269	251372	1032738
1589	43	903	233804	251907	1226476
1590	43	903	233698	251801	1224309
1591	43	903	233373	251476	1085759
1592	43	903	233276	251379	1091418
1593	43	903	233668	251771	1165735
1594	43	903	233449	251552	1167722
1595	43	903	233566	251669	1078695
1596	43	903	233351	251454	1139631
1597	43	903	233607	251710	1201241
1598	43	903	233133	251236	1196065
1599	43	903	233464	251567	1093920
1600	43	903	233386	251489	1050788
1601	43	903	233629	251732	1056073
1602	43	903	233466	251569	1078060
1603	43	903	234189	252292	1284578
1604	43	903	233562	251665	1329837
1605	43	903	233326	251429	1088334
1606	43	903	233169	251272	1184690
1607	43	903	234018	252121	1132642
1608	43	903	233454	251557	1091889
1609	43	903	233621	251724	1132447
1610	43	903	233273	251376	1159953
1611	43	903	233232	251335	1134354
1612	43	903	233655	251758	1079202
1613	43	903	233807	251910	1158621
1614	43	903	233804	251907	1120969
1615	43	903	233910	252013	1172144
1616	43	903	233931	252034	1105213
1617	43	903	233035	251138	1129901
1618	43	903	233653	251756	1132287
1619	43	903	233257	251360	1086751
1620	43	903	233327	251430	1165724
1621	43	903	233330	251433	1089965
1622	43	903	233294	251397	1026204
1623	43	903	233848	251951	1081270
1624	43	903	233630	251733	1065919
1625	43	903	233762	251865	1048624
1626	43	903	233593	251696	1130787
1627	43	903	233672	251775	1128491
1628	43	903	233622	251725	1285283
1629	43	903	233248	251351	1131167
1630	43	903	233548	251651	1135605
1631	43	903	233438	251541	1251896
1632	43	903	233749	251852	1222685
1633	43	903	233737	251840	1143303
1634	43	903	233352	251455	1130133
1635	43	903	232682	250785	1060961
1636	43	903	233619	251722	1144947
1637	43	903	233589	251692	1154440
1638	43	903	233463	251566	1097564
1639	43	903	233517	251620	1132849
1640	43	903	233499	251602	1181371
1641	43	903	233647	251750	1232328
1642	43	903	233668	251771	1090089
1643	43	903	233551	251654	1101185
1644	43	903	233558	251661	1212625
1645	43	903	233330	251433	1131104
1646	43	903	232863	250966	1084647
1647	43	903	233615	251718	1054316
1648	43	903	233513	251616	1119929
1649	43	903	233660	251763	1139833
1650	43	903	233836	251939	1167614
1651	43	903	233328	251431	1077971
1652	43	903	232682	250785	1032190
1653	43	903	233884	251987	1215646
1654	43	903	233507	251610	1139401
1655	43	903	233637	251740	1135702
1656	43	903	233505	251608	1022599
1657	43	903	233499	251602	1122018
1658	43	903	233730	251833	1144142
1659	43	903	233569	251672	1202201
1660	43	903	233311	251414	1125335
1661	43	903	233924	252027	1214031
1662	43	903	233518	251621	1088362
1663	43	903	233650	251753	1158881
1664	43	903	233131	251234	1170693
1665	43	903	233427	251530	1127277
1666	43	903	233830	251933	1150946
1667	43	903	232997	251100	1051481
1668	43	903	233753	251856	1192990
1669	43	903	233636	251739	1116050
1670	43	903	233652	251755	1269141
1671	43	903	232974	251077	1112719
1672	43	903	233727	251830	1112097
1673	43	903	233654	251757	1202173
1674	43	903	232927	251030	1070291
1675	43	903	233426	251529	1236188
1676	43	903	233734	251837	1113088
1677	43	903	233697	251800	1201732
1678	43	903	233626	251729	1189545
1679	43	903	233600	251703	1150957
1680	43	903	233637	251740	1106830
1681	43	903	233610	251713	1211700
1682	43	903	233734	251837	1173038
1683	43	903	233421	251524	1122525
1684	43	903	233535	251638	1080889
1685	43	903	233533	251636	1129088
1686	43	903	233611	251714	1181021
1687	43	903	233302	251405	1087924
1688	43	903	233637	251740	1224428
1689	43	903	233695	251798	1185940
1690	43	903	233604	251707	1170961
1691	43	903	233351	251454	1181161
1692	43	903	233693	251796	1113085
1693	43	903	233541	251644	1122399
1694	43	903	233480	251583	1113221
1695	43	903	233755	251858	1152876
1696	43	903	233697	251800	1253791
1697	43	903	233595	251698	1101371
1698	43	903	233193	251296	1086881
1699	43	903	234217	252320	1240167
1700	43	903	232971	251074	1112078
1701	43	903	233624	251727	1150427
1702	43	903	233190	251293	1128208
1703	43	903	233514	251617	1064634
1704	43	903	233711	251814	1098022
1705	43	903	233367	251470	1153882
1706	43	903	233351	251454	1141615
1707	43	903	233696	251799	1217155
1708	43	903	233574	251677	1153751
1709	43	903	233363	251466	1126148
1710	43	903	233517	251620	1110053
1711	43	903	233645	251748	1065290
1712	43	903	233252	251355	1128163
1713	43	903	233587	251690	1138898
1714	43	903	233547	251650	1148089
1715	43	903	233552	251655	1152822
1716	43	903	233736	251839	1227355
1717	43	903	233285	251388	1181127
1718	43	903	233505	251608	1141711
1719	43	903	233823	251926	1208580
1720	43	903	233312	251415	1084734
1721	43	903	233333	251436	1194622
1722	43	903	233421	251524	1098623
1723	43	903	233403	251506	1159777
1724	43	903	233335	251438	1138277
1725	43	903	233462	251565	1065032
1726	43	903	233449	251552	1083413
1727	43	903	233416	251519	1092632
1728	43	903	233843	251946	1177860
1729	43	903	233617	251720	1157770
1730	43	903	233972	252075	1258886
1731	43	903	233673	251776	1227569
1732	43	903	233685	251788	1087516
1733	43	903	233423	251526	1080035
1734	43	903	233396	251499	1096799
1735	43	903	233626	251729	1132224
1736	43	903	232987	251090	1102731
1737	43	903	233560	251663	1262777
1738	43	903	233723	251826	1150184
1739	43	903	233719	251822	1050687
1740	43	903	233507	251610	1108833
1741	43	903	234384	252487	1170316
1742	43	903	233464	251567	1041930
1743	43	903	233322	251425	1104547
1744	43	903	233760	251863	1127339
1745	43	903	233753	251856	1205689
1746	43	903	232998	251101	1132654
1747	43	903	233926	252029	1266024
1748	43	903	233343	251446	1161420
1749	43	903	233160	251263	1145391
1750	43	903	233320	251423	1050595
1751	43	903	233359	251462	1089094
1752	43	903	233589	251692	1116868
1753	43	903	233104	251207	1072448
1754	43	903	233798	251901	1142811
1755	43	903	233624	251727	1111030
1756	43	903	233607	251710	1126048
1757	43	903	233908	252011	1186986
1758	43	903	233302	251405	1154068
1759	43	903	233553	251656	1136719
1760	43	903	233131	251234	1094478
1761	43	903	233330	251433	1068167
1762	43	903	233376	251479	1076663
1763	43	903	233553	251656	1145039
1764	43	903	233410	251513	1104310
1765	43	903	233622	251725	1186063
1766	43	903	233973	252076	1090077
1767	43	903	232979	251082	1109455
1768	43	903	233962	252065	1178083
1769	43	903	233685	251788	1107753
1770	43	903	233263	251366	1075478
1771	43	903	233487	251590	1180056
1772	43	903	233510	251613	1108121
1773	43	903	233891	251994	1223671
1774	43	903	233134	251237	1120510
1775	43	903	233472	251575	1195082
1776	43	903	233610	251713	1182064
1777	43	903	233458	251561	1089205
1778	43	903	233833	251936	1170977
1779	43	903	233527	251630	1139225
1780	43	903	233454	251557	1159416
1781	43	903	233445	251548	1155316
1782	43	903	233779	251882	1199936
1783	43	903	233412	251515	1102277
1784	43	903	233824	251927	1217692
1785	43	903	233732	251835	1264239
1786	43	903	233753	251856	1095891
1787	43	903	233480	251583	1291002
1788	43	903	233665	251768	1208814
1789	43	903	232996	251099	1046329
1790	43	903	233352	251455	1197490
1791	43	903	233600	251703	1050300
1792	43	903	233569	251672	1096036
1793	43	903	233607	251710	1112538
1794	43	903	233139	251242	1078022
1795	43	903	233813	251916	1131287
1796	43	903	233458	251561	1117400
1797	43	903	233964	252067	1185898
1798	43	903	233394	251497	1133104
1799	43	903	233806	251909	1173637
1800	43	903	233321	251424	1093378
1801	43	903	233848	251951	1090937
1802	43	903	232987	251090	1018601
1803	43	903	233583	251686	1111401
1804	43	903	233881	251984	1137328
1805	43	903	233666	251769	1173763
1806	43	903	233583	251686	1128180
1807	43	903	233637	251740	1122303
1808	43	903	233583	251686	1167716
1809	43	903	233387	251490	1196118
1810	43	903	234027	252130	1099775
1811	43	903	233608	251711	1179106
1812	43	903	233603	251706	1071272
1813	43	903	233436	251539	1094327
1814	43	903	233369	251472	1115762
1815	43	903	233275	251378	1107095
1816	43	903	233487	251590	1195231
1817	43	903	233856	251959	1153518
1818	43	903	233831	251934	1272141
1819	43	903	233056	251159	1085800
1820	43	903	233343	251446	1097777
1821	43	903	233209	251312	1053063
1822	43	903	233315	251418	1331099
1823	43	903	233359	251462	1092629
1824	43	903	233279	251382	1096070
1825	43	903	233409	251512	1414874
1826	43	903	233375	251478	1076680
1827	43	903	233978	252081	1163137
1828	43	903	233766	251869	1179628
1829	43	903	234019	252122	1127327
1830	43	903	233603	251706	1231941
1831	43	903	233796	251899	1226448
1832	43	903	233208	251311	1121759
1833	43	903	233511	251614	1152840
1834	43	903	233428	251531	1092945
1835	43	903	232845	250948	1020586
1836	43	903	233942	252045	1179338
1837	43	903	233209	251312	1103107
1838	43	903	233287	251390	1174093
1839	43	903	233871	251974	1169830
1840	43	903	233212	251315	1085219
1841	43	903	233434	251537	1172598
1842	43	903	233620	251723	1203380
1843	43	903	233145	251248	1125015
1844	43	903	233773	251876	1065410
1845	43	903	233741	251844	1139559
1846	43	903	233622	251725	1127778
1847	43	903	233700	251803	1187344
1848	43	903	233526	251629	1187023
1849	43	903	233131	251234	1093195
1850	43	903	233856	251959	1172669
1851	43	903	233762	251865	1259139
1852	43	903	233342	251445	1109682
1853	43	903	233486	251589	1178832
1854	43	903	233632	251735	1129339
1855	43	903	233171	251274	1107475
1856	43	903	233278	251381	1132254
1857	43	903	233622	251725	1100414
1858	43	903	233676	251779	1076545
1859	43	903	233537	251640	1083675
1860	43	903	233523	251626	1108197
1861	43	903	233508	251611	1198589
1862	43	903	233759	251862	1163126
1863	43	903	233434	251537	1119885
1864	43	903	233435	251538	1115959
1865	43	903	233647	251750	1164299
1866	43	903	233407	251510	1055730
1867	43	903	233699	251802	1242642
1868	43	903	233741	251844	1145042
1869	43	903	234118	252221	1192258
1870	43	903	233663	251766	1101344
1871	43	903	234102	252205	1194486
1872	43	903	233523	251626	1132071
1873	43	903	233279	251382	1112068
1874	43	903	233257	251360	1068879
1875	43	903	233596	251699	1185350
1876	43	903	233980	252083	1151866
1877	43	903	233647	251750	1147949
1878	43	903	233755	251858	1060998
1879	43	903	233561	251664	1103658
1880	43	903	232802	250905	1049185
1881	43	903	233392	251495	1049342
1882	43	903	233566	251669	1102002
1883	43	903	233847	251950	1259104
1884	43	903	233516	251619	1196209
1885	43	903	232941	251044	1183372
1886	43	903	233870	251973	1131399
1887	43	903	233650	251753	1177709
1888	43	903	233541	251644	1125289
1889	43	903	233104	251207	1196933
1890	43	903	233921	252024	1275297
1891	43	903	234027	252130	1234350
1892	43	903	233533	251636	1085880
1893	43	903	233755	251858	1095065
1894	43	903	233666	251769	1097513
1895	43	903	233300	251403	1103602
1896	43	903	233898	252001	1175110
1897	43	903	233637	251740	1142529
1898	43	903	233958	252061	1146113
1899	43	903	233506	251609	1184175
1900	43	903	233390	251493	1183068
1901	43	903	233665	251768	1193615
1902	43	903	233478	251581	1102750
1903	43	903	233230	251333	1098639
1904	43	903	233449	251552	1120205
1905	43	903	233984	252087	1126822
1906	43	903	233868	251971	1211877
1907	43	903	233547	251650	1183135
1908	43	903	233330	251433	1189388
1909	43	903	233457	251560	1125029
1910	43	903	233462	251565	1174154
1911	43	903	233040	251143	1070165
1912	43	903	233856	251959	1174830
1913	43	903	233537	251640	1094106
1914	43	903	233720	251823	1108197
1915	43	903	233654	251757	1222184
1916	43	903	233587	251690	1224089
1917	43	903	233608	251711	1119990
1918	43	903	233589	251692	1063143
1919	43	903	233862	251965	1166668
1920	43	903	234130	252233	1347222
1921	43	903	232941	251044	1100771
1922	43	903	233649	251752	1225414
1923	43	903	232777	250880	1140677
1924	43	903	233690	251793	1218890
1925	43	903	233732	251835	1132539
1926	43	903	232910	251013	1087572
1927	43	903	233613	251716	1210152
1928	43	903	233722	251825	1165285
1929	43	903	233476	251579	1161617
1930	43	903	233344	251447	1055083
1931	43	903	233553	251656	1149221
1932	43	903	233442	251545	1147266
1933	43	903	233533	251636	1181264
1934	43	903	233051	251154	1029739
1935	43	903	233525	251628	1157992
1936	43	903	234384	252487	1244335
1937	43	903	233990	252093	1227076
1938	43	903	233209	251312	1157158
1939	43	903	233417	251520	1124916
1940	43	903	233425	251528	1184567
1941	43	903	233640	251743	1130949
1942	43	903	233423	251526	1289114
1943	43	903	233742	251845	1228052
1944	43	903	233802	251905	1211968
1945	43	903	233487	251590	1163038
1946	43	903	233709	251812	1145402
1947	43	903	233375	251478	1140039
1948	43	903	233237	251340	1125114
1949	43	903	233453	251556	1156371
1950	43	903	233186	251289	1072275
1951	43	903	233459	251562	1105116
1952	43	903	233489	251592	1177004
1953	43	903	233587	251690	1174308
1954	43	903	233442	251545	1185219
1955	43	903	233305	251408	1166297
1956	43	903	233801	251904	1126960
1957	43	903	233826	251929	1249999
1958	43	903	233741	251844	1176281
1959	43	903	233399	251502	1152082
1960	43	903	233777	251880	1180885
1961	43	903	233299	251402	1126641
1962	43	903	233367	251470	1082808
1963	43	903	233651	251754	1107218
1964	43	903	233789	251892	1109749
1965	43	903	233690	251793	1227657
1966	43	903	233751	251854	1154740
1967	43	903	232971	251074	1079581
1968	43	903	233572	251675	1191187
1969	43	903	234062	252165	1126814
1970	43	903	233964	252067	1201705
1971	43	903	233826	251929	1174432
1972	43	903	233450	251553	1091488
1973	43	903	233486	251589	1155434
1974	43	903	233271	251374	1108694
1975	43	903	233510	251613	1094661
1976	43	903	233632	251735	1137886
1977	43	903	233817	251920	1222011
1978	43	903	233096	251199	1130102
1979	43	903	233586	251689	1116482
1980	43	903	233402	251505	1133428
1981	43	903	233798	251901	1171886
1982	43	903	233503	251606	1164321
1983	43	903	233495	251598	1111146
1984	43	903	233736	251839	1203763
1985	43	903	233657	251760	1054844
1986	43	903	233690	251793	1184525
1987	43	903	233815	251918	1063742
1988	43	903	233319	251422	1114828
1989	43	903	233612	251715	1128949
1990	43	903	233281	251384	1068494
1991	43	903	233762	251865	1119541
1992	43	903	233527	251630	1195978
1993	43	903	233393	251496	1069015
1994	43	903	233761	251864	1244370
1995	43	903	232967	251070	1033205
1996	43	903	232863	250966	1072464
1997	43	903	233647	251750	1190227
1998	43	903	233450	251553	1234414
1999	43	903	233730	251833	1161566
2000	43	903	233464	251567	1125684
2001	43	903	233755	251858	1117938
2002	43	903	233519	251622	1239421
2003	43	903	233375	251478	1128661
2004	43	903	233479	251582	1072681
2005	43	903	233817	251920	1134781
2006	43	903	233437	251540	1129550
2007	43	903	233022	251125	1024325
2008	43	903	233787	251890	1215555
2009	43	903	233554	251657	1079865
2010	43	903	233524	251627	1122392
2011	43	903	233519	251622	1131003
2012	43	903	233712	251815	1187763
2013	43	903	233996	252099	1126208
2014	43	903	233510	251613	1169672
2015	43	903	233614	251717	1071043
2016	43	903	233603	251706	1198864
2017	43	903	234134	252237	1254731
2018	43	903	233729	251832	1242217
2019	43	903	233759	251862	1190793
2020	43	903	233332	251435	1083079
2021	43	903	233538	251641	1211396
2022	43	903	233305	251408	1172286
2023	43	903	233223	251326	1169788
2024	43	903	233145	251248	1116509
2025	43	903	233537	251640	1176036
2026	43	903	233740	251843	1126731
2027	43	903	233587	251690	1265096
2028	43	903	233605	251708	1171383
2029	43	903	233026	251129	1071644
2030	43	903	233698	251801	1148476
2031	43	903	233344	251447	1258485
2032	43	903	233511	251614	1073570
2033	43	903	233599	251702	1171040
2034	43	903	233888	251991	1164356
2035	43	903	233413	251516	1077756
2036	43	903	233559	251662	1130677
2037	43	903	233893	251996	1151366
2038	43	903	233469	251572	1176191
2039	43	903	233503	251606	1153617
2040	43	903	233418	251521	1091994
2041	43	903	233325	251428	1097503
2042	43	903	233546	251649	1084243
2043	43	903	233487	251590	1142227
2044	43	903	233071	251174	1052669
2045	43	903	233679	251782	1252841
2046	43	903	233513	251616	1058479
2047	43	903	233796	251899	1137720
2048	43	903	233276	251379	1118423
2049	43	903	233011	251114	1080094
2050	43	903	233434	251537	1170456
2051	43	903	233402	251505	1115569
2052	43	903	233545	251648	1115415
2053	43	903	233411	251514	1235197
2054	43	903	233212	251315	1068292
2055	43	903	233279	251382	1099197
2056	43	903	233899	252002	1154382
2057	43	903	233666	251769	1149184
2058	43	903	233565	251668	1212631
2059	43	903	233451	251554	1143831
2060	43	903	233808	251911	1140252
2061	43	903	233298	251401	1050983
2062	43	903	233487	251590	1103336
2063	43	903	233450	251553	1106545
2064	43	903	233506	251609	1251295
2065	43	903	233713	251816	1191035
2066	43	903	233847	251950	1154235
2067	43	903	233204	251307	1215927
2068	43	903	233524	251627	1078854
2069	43	903	233907	252010	1211962
2070	43	903	233764	251867	1089211
2071	43	903	233337	251440	1125488
2072	43	903	233489	251592	1098049
2073	43	903	233109	251212	1058616
2074	43	903	233470	251573	1152403
2075	43	903	233197	251300	1063943
2076	43	903	232802	250905	1063751
2077	43	903	233694	251797	1162567
2078	43	903	233605	251708	1214910
2079	43	903	234019	252122	1236154
2080	43	903	233635	251738	1068179
2081	43	903	233655	251758	1170600
2082	43	903	233419	251522	1209634
2083	43	903	233669	251772	1123011
2084	43	903	233610	251713	1113812
2085	43	903	233552	251655	1252433
2086	43	903	233789	251892	1090811
2087	43	903	233787	251890	1263135
2088	43	903	233720	251823	1192527
2089	43	903	233553	251656	1124346
2090	43	903	233675	251778	1115149
2091	43	903	233074	251177	1103187
2092	43	903	233314	251417	1140203
2093	43	903	233631	251734	1224608
2094	43	903	234063	252166	1246391
2095	43	903	233424	251527	1131392
2096	43	903	233781	251884	1167709
2097	43	903	233525	251628	1093104
2098	43	903	233685	251788	1103590
2099	43	903	233871	251974	1176043
2100	43	903	233204	251307	1055242
2101	43	903	233516	251619	1139121
2102	43	903	233376	251479	1124318
2103	43	903	233828	251931	1183609
2104	43	903	233344	251447	1147265
2105	43	903	233399	251502	1060896
2106	43	903	233650	251753	1123292
2107	43	903	233625	251728	1139084
2108	43	903	233605	251708	1136056
2109	43	903	233335	251438	1172948
2110	43	903	233511	251614	1115646
2111	43	903	233759	251862	1225766
2112	43	903	233389	251492	1118764
2113	43	903	233392	251495	1155904
2114	43	903	233487	251590	1170847
2115	43	903	233477	251580	1170209
2116	43	903	233437	251540	1327742
2117	43	903	233330	251433	1165585
2118	43	903	233466	251569	1125160
2119	43	903	233575	251678	1135440
2120	43	903	233179	251282	1082782
2121	43	903	233465	251568	1104503
2122	43	903	233335	251438	1113213
2123	43	903	233593	251696	1002177
2124	43	903	233672	251775	1064609
2125	43	903	233219	251322	1020579
2126	43	903	233676	251779	1192582
2127	43	903	232901	251004	1090062
2128	43	903	233717	251820	1110280
2129	43	903	233386	251489	1132379
2130	43	903	233303	251406	1116918
2131	43	903	233276	251379	1053920
2132	43	903	232998	251101	1065275
2133	43	903	233713	251816	1164812
2134	43	903	233335	251438	1085578
2135	43	903	233583	251686	1110633
2136	43	903	233546	251649	1076915
2137	43	903	233606	251709	1125042
2138	43	903	233311	251414	1132582
2139	43	903	233405	251508	1120242
2140	43	903	233682	251785	1214645
2141	43	903	233452	251555	1084338
2142	43	903	233251	251354	1132327
2143	43	903	234063	252166	1247618
2144	43	903	233426	251529	1117998
2145	43	903	233770	251873	1164592
2146	43	903	233096	251199	1129488
2147	43	903	233453	251556	1118126
2148	43	903	233821	251924	1186277
2149	43	903	233587	251690	1123257
2150	43	903	233839	251942	1147313
2151	43	903	233637	251740	1107487
2152	43	903	233434	251537	1087417
2153	43	903	233083	251186	1026002
2154	43	903	233591	251694	1110940
2155	43	903	233418	251521	1080367
2156	43	903	233458	251561	1059499
2157	43	903	233593	251696	1220056
2158	43	903	233576	251679	1165742
2159	43	903	233508	251611	1105119
2160	43	903	233612	251715	1152105
2161	43	903	233593	251696	1105415
2162	43	903	232845	250948	994388
2163	43	903	233263	251366	1158176
2164	43	903	233424	251527	1214215
2165	43	903	233333	251436	1101678
2166	43	903	233744	251847	1115095
2167	43	903	234024	252127	1173558
2168	43	903	233620	251723	1161569
2169	43	903	233596	251699	1075507
2170	43	903	233348	251451	1136016
2171	43	903	233417	251520	1110159
2172	43	903	234011	252114	1176714
2173	43	903	233092	251195	1036766
2174	43	903	234030	252133	1149723
2175	43	903	233588	251691	1205367
2176	43	903	233518	251621	1192876
2177	43	903	233651	251754	1124033
TOTAL	93654	1966734	508658864	548087198	2482356972
