parent	cnf_clauses	core_clauses	core_bytes	proof_bytes	cnf_sha256	core_sha256	proof_sha256
0	102776	4544	79781	172157	6b9364ccc144e22db2fddebde67531c79202b83ab36c9e8d185d4f24aa016864	18687d009ec09d8fbfded5e90881723576361274c34cee307f3f5d1333e19da5	336a698fc1eeecd07caa335194d566b20abfb13e2197c8c4ed1e93e19ad89dbb
1	102725	4511	80126	171662	268e45bc39c23da7e7c09e591e73937e4d10112d4d909f5ed77779e02d4d1555	96b35a50b748747745c34396426f2f995c91701b3a3338ba3047e44beae9ad0b	f7c0576c1813dc19a75701b23577662b47afeb9064ea2354b6ef5d94fade52c5
2	102604	3258	57104	117385	101dcf14193e391241edc8db46d496af7634d50f68c836acb78be33841559673	c8c6265e17e911aaf89053df973d8ccb0f8a4901658f5b50cdd2a0eae96bef88	0a515e316b25a0cd0f7a4682c534c7aea1332a75973bcf16195a5ea169c39c76
3	102919	4460	78565	161973	f2a253824f2b725b2833a9eb5c7f7c293051a2fb90fdc88086d4b6aee7285989	dfa2c4cd5669cddd25fecf88406394e0b27497e2a7affd0feb6e82ad72b1b487	8bbbb1398f3a7bdd516b326f7fe82b8851299c142cd5e3b195d5305509ea14cf
4	102641	4653	81965	176648	fe52b28557b35d5acf4717b26bcbcf506ab3af88828c3a6a9e579534acb3f8f6	e4d8d4a449b246551cbf07ca4d035bda54a2f7b6203facbdd612065f2ae80a93	4bdd9b836c1553bfe0849987e091f1234af68b0a086073e13d95b6ddae821b9e
5	102527	4405	77300	161279	a2e7a54fc01a2432265b4dcff92954e4648e211292c628f3ee7f3ec2e6bc32db	f63af35cb1ba96865ca17ac2ab028c101d43931650b62b251199f4418a731594	797074b8ae3d4a613c83f7d83871e07d1eea740f52c41823c8050d174760e74f
6	102481	4348	76889	160182	164f3902c9813493436b4727ac97fbf6f893370c5e7451d3b8b1b602f7669a2b	ec99920dfe9c0b89ccd17fec9483ea9786500e4d014b83b566ab234f7c172e20	4a4afc06918e1b399697c94f497f102991b81782e9bd1c0fc1e24da889ac7d94
7	102938	5004	88496	184385	866b7fde022fecc973c90ed0e7d8bafa823ff20368cc63d75ba87748e9007b42	3bac9ba83cc9798698fb8427093af6bbcfd4277beab54921354abf316b128263	896ee5a57ec5332094d4f6fb461cd49c28db937ddc4106b9f18f02d1018be1f7
8	102691	3861	67456	134349	69eca4d22e655c063fad2f42b37fbdf6d082f16d319b7ddc29784054392010d4	9e36e7bbe16ee9301e8482f61dadb13579ef5d48402af8d38dc3df5263b693b9	fc97c86ddfe92ce763da41fbaa02301ceda4a8abaae866372bd717f3861f8513
9	102546	4799	86200	187889	ed76f81af10f758bb73be41699708b1ed32c338298aa5f03033c89e8d4439cf3	fdaf87ec7d191165412f9deeec72144e0df45251b949aee6b8deef7ecbf432db	bbe3c91cc1717ceea56d7e9ff480f5e957bc8db6b21fcc2a0730114ad638bc0e
10	102531	4248	75526	154320	a803ad097d40f349fa28789fab3430523b73516ea1bf787b191db15b9d4801f8	c22dd3d07e79398ace270438775be2295675527cccaa2f531b26cd665135c49b	09799e60ed81e4f09be8376bcf366a521b7ee4ad8ad91eae629fbc5ba8194e61
11	102877	2813	48565	95744	7473c7a480b1f5558a43d58bffe0e61fd5246b619890a59fedc51427321ac93c	631a2059956fb909888ef5cf79f364c2ad10f02234a123856235c6a7e2530474	f17ea88cbaf1f960b3bf7d43934f93aa4042347795a5570e7a45c95c68067014
12	102969	4302	75804	163834	e534974833d3d47ccddedeb1e80c85dea39453c2118c9ca800f99ebeba842776	215133781b39f0f86d1daa738d8b209110c194c54a9dd767aab1aafa7af8b204	93052a7ee146cc300629264d452036ae83b48b43a12a8fc4309ff43e439acdb9
13	103186	5561	98600	226818	ec520f1fe18222fc64023d639ea442f1df8fd10e2ca23a85be7ae4a5a1f99966	21b5096b5b5396239acbd4acb0cc750b5fc8f92f2d5ab8cfbbcab8dd339e1fbf	97a5b38fda727c7e04c7fafc92bf748ebdfec9091e20f96d39e02b1ef2ae8a88
14	102875	4762	84002	187889	6087af6acf9097af576d95c3219a14ccba2868d264b2933aa14238ecd300b6e6	38c2f5a82c1a05b549f50aabb2d429d5f0158d4fe838b027298b3306ef17479b	276ce7f6ac3633fbe0e40dc8ba0da048987a9c3215d759aff2f7f117111b907e
15	102774	5259	92624	210999	3d7e6982ddc0e30d63de125d90de6bf2324a5e77bdc7bfa20554a5b64a666180	2d942e7634d8c5e52b8c23d31925489523d08576c86fd7391b4c927029aca535	b929961df1c0718aa67ff88466e44682a0804fa9dd4ce57d811e34cdba80ec13
16	102699	4925	87264	186413	8e1d67691225104e2cf0646beec183aa06f4147c8f70947fbde6093b9230004e	859d5230f1315792db83d8a1f33d60515f7da9ea9a14c3070fd819c9162d5cd4	177369e221b11163df766f8d282888a3dba9b93328137c9fb7c9689d0be692b4
17	103233	4499	79285	172874	b9de955f6a476704f428328d70a39fabf47ea6f97fc9e88ed3d182b9c5bfa133	b6ac4611e8c3c3def3d33479bcf73aadc403d10f1ff6c3c84f8ea5d36578dfdf	d416d2199116d07ab0a487b6fcf936e674d1430dd02812b0aa33922a4259f0fb
18	102954	4801	85301	184022	02c5b1bcc1cbad41d96e0059aabfdc5e94de4126ff4a2cc26946ed9607ac9e0c	df9e6bedfb7ccdd893cbbc7fa8c4d546f65b41a8e6d7dcf36087a81e2ef7208d	181537d8683736f785e0f47f0e3f533843b709268f1d24dd9a3e2b13d3b913c8
19	102821	5052	89396	199972	52323254b1096ab1f9e1dc82a33aa7725f7c513769e4bad5a62c55fbd6f66334	5834719598e0d206d47cfe4a91c1c5e01730375ad1d159a6d663d0a262a92f4e	1bbd51d8554bc1e7506af08649af9f205648b1f53c62481761732e2ed3862e86
20	102778	3518	62002	130053	662370fc0ca46f3aa1a7894d46b05a0e74a7df4bc6943b35e2dc44f505767667	77d52efb0a88208694deae9564750337b0f4d760c5dca6d5c0aea26ac66f3c31	e02c860d09eac7a53eff55b32a7ca81eb17bf432bb7d670c998df08f17053b6d
21	102505	4215	74291	162663	76358d7b9f3eb9d62baa48eff5d3b2117c46f8c742358326ad1ec7ba6b6ba310	a990cda5a12e50cbd9b7ebbfdfe25124ba143bfb7920316da606e9ca16bc7434	62d1316af615c9e07d14eeec1017b07df97ad1f68e26950db2873d554b881810
22	102324	4993	88172	189251	211a0c42bc29d912fb691ab34788b7c3dfdb4e9855de74fb88a7922b996bff00	2460a346a9ec804500e65e00cbda87d651286323f0f0970e860f433a7f6b61ab	e7e9f7f24ac9d4f5a3f9eadcd459d2ba2e4a7ec5e9b98c06f7d6467b1d585fa3
23	102768	3592	62776	121325	a07019a871d1f6b6ab2003469ff2a93780c3bfa121de12b7509759eb04a45c92	4aeab6b31a5e1fa04999fdbd1e38dac667c8a0f41f7dc06c3af014f16d86cfb9	cf5cd72275162be77ad9d53c918d6b34fe9fdf7b81782b58d56bb8cc5760f5ad
24	103030	5074	90300	195630	c40f7d7797fae35b101e2286114ca53dc694ee9361bc6c49c35791a59c889a4b	32ef466be6ac8692df3d6e8227850d2acd23a7529fb892776261a53e4f78ed26	70b3fb3fe059ed3c4dbcad005f55f6b3443b94fa6edc1d8ca979556519ca3213
25	102808	3755	65282	138463	749c1d276707778ac57147859b098514294f9e3588a30d3f39a56ed865021b7f	b6f16e2c8bbbeca53da2e2542180a2aec7b6c17339de3a0ca9e320c7f5637aa2	9ae371fdabc34b4c6b154a83c3736bc76502f48f8e1e6d13676c5813fbb256bd
26	102700	5236	92730	200748	5a6baf2b22ee8c5c76660ed749c6f5614f05ba65ff7729b4e919d7553439e6e9	02206e4f0902a6b30244737a2555426da7a539deeefcbd0a26ec41014714a0b4	5ab0df4cfae2e1e7581b53885e8990160d03429132445603c55fadb1034efc0f
27	102615	4918	86451	197070	3235476afeacac2751337e664aae9733428104cbabde8104b585b01612d10afd	d01af6b7023b8ff3f325d297d85ee9452b6f48dbd4a1804ddd6e245f59c680eb	1023f83501a11554ecda3c283f326353e9d449a910084c082ce64ff01e217bfb
28	102507	4667	81797	173854	d286d255ef3187858f2b6aef231be05721d7bb5f3a79cda8ef72f8da6da72382	e5d5f010006fcfd857a0c8687849bbaae4b135524f5c28298417683aab182a93	8785a1d10015dcef347187c550519adee2362a4c449a9d4e990380e0b1fcb87a
29	102467	4470	78894	166286	b44379422c95a4970fe17a8650cfd26a83c8a235813dc79e2aa7b67fe4580d30	3740bb66dcff521a392d55ee8e7f8e549523c02818f8bbf00064648ecd73ce47	edeb86b374b0b3950ce54c7c4fdfbd9cbde9981b29e708b89015321c7b6365b1
30	102359	4736	83671	175053	9a118899ea3c9a9f9df832525a4efdeab338af5228efb89d89769c40a736c7f9	972474b109327fd84e2f64b189fc808aedf26696683c00e25f1394007c8fabaa	2b7d330c5dadbfee289837811dfc8108cfb68279a3c0b63b0f2212bb525d69dc
31	102396	3320	58088	121107	ba708b0b98c1ffae97809073982348973ff37824fadf0353244b8b9880372ae2	d689fff319e2a94c68c02d8f1341c5481e2e8d45076289ce8f343b74c80e8641	f9888ee447e47ab3c28b797d1578dfe00e78192e680b57973d42ab2c46297c27
32	102626	5272	93580	207490	a6a70c4a3ae88904795334c8c48822b1c4d845aa83687ede3489def64e4e1901	30e8a59db28e97c95ee261f76397f078ced4bf5aec6df17041c09feabb491ae9	cd9143e1e9f4169fbb881820fc8a5168b58f07602c733e70bdc1cc3041afcd7f
33	102309	4043	71373	150717	58b91a204bdca09db9babb1fcd4a2f7b8403399196dae3e04741b3285cd20b5e	9c9e1638dca3a1bac3e8f2e19d968f7afb5983a10ffe902ba37b3f705adb44ed	a130b49ce84d7f9428dfb29e03f61b7689ca6d99f86144c256cf97b69312f258
34	102603	3363	59864	127779	fea4ea1f8664a78fbde5c59cf353f72b82a8eeca7a671a443b3c3c14801aecdf	827dc660935ea8577b8fbfd75281ae5997f0b93ea49225960a099af465b44657	24799c9620525564b15fb9d447dac3d13f57857f07e4eec9c289c7606783341f
35	102434	4701	82894	182466	d79a3a36d13b83b65af8355282a01d0776391c07707413045641b6252ea901bb	cb68f560fb64076b6d4ee2d8ddfbde791fa4bbd6743c64d6db6ee69df335a40f	bec1ae4ffe42af6d50409e2fda26ec5170f83b191ad9335e628e96bd2e1fb2fa
36	102461	4480	79261	172572	1491e6453cfa289b40e2097741513deed93450b516105d5c6620e5f729cc3096	470465df4cea9f35e0324b3c43ff9b7b618126f71d08d5c9fcd645e65af23c77	5d16fb74f8e17f63d51983a01b45ce2ff11a03aa5ca30336991f1eef0d66eb00
37	102734	4901	87165	185154	19264f71f9dba43efa894eaa3fd39be30b6083b91ce7e995c813b76a6430b99d	825cb7517e00b3fbd3aa083c340f744032a49c0b142d008afc496d80b774ec32	864077b44ccba9ea16814ae4e71e8967a3bc7f0948d2b3a3f067dbd4b92d8491
38	102565	4985	87990	200158	ddb9bceb2f8db11cb8cb13b7548d998c470f343665084e348949908e2285ef65	d63bfeb87aad89e2e2388c940f6c921ef77b37e102b80249e50d0f489559df59	361420b767f7e715f5338665d15f0354038cfa055ad3abd60562e5f6762ce0fa
39	103198	4469	79362	174636	448f76d0f738bfbcde14fe47aa02034f8bec69131e789d91f389d6caad90593a	13902a4bc6989a5a38d0fd6c685642655b3268538b64823b67b5fdc539c46adc	42eca8d3fbe55300376a3349a6c07abc96fcc6496fc3c4b4758f96318c3751cd
40	102689	3591	63164	122290	ec8537353f35ec8bdd3cdf2f1f05974b462260407942d4408360c59213cbdd6d	6f5cf217b944aae8b1185fc95fcacd69fb513210ef584844238eab5c33e76b57	afa0a2c170defbbe436784a5a11bc99c2a87108d9c58da31c8f27f10a398292f
41	103806	4544	79586	176047	d95a49453d62478ef6964f3d3c5c8b504905c172e3a3138cda086a71ead01147	5d9d1a1c2cb4bf44630bf3bc2f92b99ce7e953e481bfc9a12201459f98a048b7	59f19524218ec794f77dd57d34f8fef0ab7999f556fb46733ecabc23102ef48b
42	102781	4984	87698	191570	f2e28e41835ed2f01e2050210fe43a9de836c69c64dcc48ec48eee64fd680b10	0a691665be211fc4ba491617a40e2f67a88d58a3cae7b57799c2cc15294acea1	a8110ef8c8b39500178504802aec54f1917a69dbae8d9a7356ab761b791ad112
43	102639	4896	85787	185511	fd8579138e87d7c4997f9beb9a85779f4feb2f59451aa8eb2ff7c2b1f682f502	6eb84d6cfdc2f61fe592705f78b15ea59b8280248e8450739ee7dfc1225bd61b	8e318a6dfdeafce8da2018342f4ece05e8ca0cd5d77ab403f313170f8f5dfef2
44	102334	4997	88376	193909	c75ace633dfb91b0775482b22e89b358bcfdd112caf83f0694a0f9810e0de007	e31506e3747857c6c10c9f1e8eacc0f22d122ed52f11b7c5603e7529f59bf5dd	f4cdce5b48ef29cc8b1a0aee7da34b04df1b0ead59dd32f813d01b15c2f494d7
45	102707	4138	73223	152458	d7ebbbd4ed45b0a41d98efb26ef8f365e8cbf93810be25f03e5cb680e236fe59	c9a8e17b286356bb2c559a431153da1a1b6926e50de2e82628f6ae5a74f23553	bdb84997a5688bac3da7e9f6bb2a83a663eb611458188d317743317ad3000ead
46	102514	4526	80229	171302	f2b1c8f8e596af88d6507f5a38f8083f7c1b48813b71553c9d9a81197651c79a	d91d53fdfb9731a19ed3cd53031a62a8425d81433b2af0a532b3aaab7e62ffb2	f06eea6a4b5a9f189a9bc0215d2b7e0e6fd7768aa2f604e2fa43690c14e9e74f
47	102372	4873	85503	183992	4ca98a941a9fe94b84bbe48af40ef39a09876c746e5a21b23b0e9b9de528da9f	6d750e5cbe12c80e4c3ef8a5035143bf0dcac811761f5a3cbc458dfa1d8a11e9	ebd74b378b6e499566cdbad0a2e5233035f09446fd261b9f8160b89bde33a7dd
48	102565	3900	68557	141531	4c462a2ab21ce5f0a00086b971042c7a35a57a9a17223d8e1460b06b5926538a	d188faad31d4cad196e6b73896df0e45210c82feeeccdcd28d4f7c95f81e5ed4	1a4aa27445531118a02f228fba655a358785858bf7c63234e3425e0cf605ffad
49	102292	4895	86820	182783	1919823e5eeb3b196b4638e9030398f622442f3a233f1c9f864c9990a52119d7	b4b530d1b17948fec7effc045543a636ce270d94b60f6056d9ce7e53071ff5ad	54c77029c4e4e69763969bfeb54da7d451a10323cb2f85ddee5af70ee81404eb
50	102417	4713	83673	173759	4f64888a95c95e69a5de1d64147df53ceaa46d9b2642812e39a1d4d2cf4e3e10	f939ec20828202ee1fca5b597a173bf952e8dcbe118bde11d7d4c36b35fe68f9	c91fb45cac60900706777fe1e1e8d6392d9478ce15252c2ea7c9514c21ff13c9
51	102457	5423	96572	217934	2c038ece437d7324251a0f4f2eb00dde3fc58cce8bb81ecdeefcf48e153cdc3b	297844ff0fe136a834ba0472515e97ddb611e30f68961ccccdc4cf4570796c02	17520cadb9bdfbe5a6cfd197ae1a82881f48a2883f915d58d5ccce706bc0d577
52	102885	4224	74859	155768	39a9ffcc316f5a1c71ceba91da241e364ebba07e045a35f40bf9f2c97f04b84d	d3f91ba428d110bfbb2b536c42bc8f77ed42b1c64491a3c1008a3c25cb7429e6	d056161b22e330683eee386dccbfc80e736edc9741014b900b886719be406213
53	102777	3858	68329	139501	5dd0769dc89e1f072a0e5751a90b10c27f5fe95ad146dac0c76e44b820f12f42	26dab3f1b23ac6360e19f99b3e7c17567a0726a0bfeef1454ee2fc4e42811134	1c726c94c627d35d9a30196252e04e241e28eb99017f8aa62b6ef40a3ae6249a
54	103197	4184	74141	146583	57915fdf4141c576cd63232368307e3e1aa756d68cc877ad8765343d2172052f	d299579c2764dc8fcb8b5e8f80f9cf25505dc079adadfd88f39b1811e4733a92	1d48b94dfbf58a7893dbe46e8dd9e180c0c160335c189c81f2674fbef59af9ab
55	103033	4298	75182	159133	e7b13588d994c74653daa5b58d389cfacee1983ba1f28228d9330f1171b33384	b532a61111502b5ce5e247463023f1544d1db1a9fb4619f2a22808d67ad73d6f	41996e23d32272204a004589c485c3e4048dec625c2f8e75875b0c689050dda8
56	103089	4958	87011	185113	dcbdb1a14b51572f0556be7d8c0c5c5186c4f3f57a1877f13c3274aa6b3eb0ee	95ed6c618e6aa716bbd66f26016a1d0f1790b0e6664744275bc45dc384c7f0b9	a9f55ce330db4b01025594f68af500a06a4f33988953d08fd9ae0f03d6e0b3a3
57	102925	4327	76763	156370	d01ec52a05d5ef2f3bff583fa03515f5b8f99269884b532e606489a2f1922482	cafa5757b442e4dbe9037822fee83f9833ea3fe9d26c4aea1cfef8599bd39417	0c5fb18a91c8d6959c31a2c3d73c9cfe6b88e7707cf2274875f0ae94230a9c2a
58	102920	4490	78549	166688	cc24a23cec27df0eea13694078a3faff9019634845a35bbcf57aa67a2ba3a4ca	1fba0851844b4272378206e4b8939e94bbd8c106c6dade45bd98aff60bf59952	cfecf76bd7b4c75155f79a8c1e0f059270c3f664db646e1171a113b97022a508
59	102778	4921	86868	184258	7040acb73f58efa4b95f20f7167db396420e7930ef94aa3c268bb77791f861eb	7c4316c2dbf60ab79caa3c9e46a742b09f182a3b7354e7b505a5554201efe8d0	7f807dcc46fff69e3e1e60b370941edafdedb33675cfe6a348dc7e1cedb2165d
60	102476	4669	81705	173815	33c4c301854da34e6ff20973e2155ce06f8cafe05584e257fc096a9150513f59	800d69926acedac2645ae7662972c41eb6f61f8f1cb68327ce65f634d5a1f094	6f4c2f314aa271c92c409e0300c88206faf9b9aa695dd4903f78abe742d52a09
61	102254	5763	102196	235963	ffde0af2b05c709b9f45b170ab63d016e46fff6758e50f651f8fa2abcd2e7b63	6aa3056ea620be1a43b0341f8c55089ca291c67f35cd406deead3913ebd749bb	c3e06a08dedc47bebcbede93ebf4eac590e6eebc7ba11ceb3dfe67b7d1a67db0
62	102882	4542	80112	165018	d9d1a2c25b2605b4b46b89071d63eaff63abc8ef84abb765f385c7028d33091a	60bedbd71d1952ab45971a9524040d8455a1a10ed79ba5843d7becb21f2c6dbd	46ff9e75468ca189885d36740d08166e605aa7f784dd10f9a51e61c6af5e1495
63	102740	4380	77000	162782	2074a6972a9c9ee5869845f3c41f9fddf9ed9cd6ee483a0931fc62d3fae29f1b	4dd2a2af966176083b7a6b7ce14db09ce8a4f51915bae4950087b2833cefaa30	2b31986f02a877e416696199668c1f335e228edaaed608bc62a68db81ddf142a
64	103084	4512	79548	174237	2f1d4c7f3e2cbee2ec5939e6aa6a2ed249fb6c7a672fac56e7536e1b9f6cb1bb	061a685fabfb112a3135779694bad30ac54f115cc5ad7bbacedbd38339e78c19	1621e7ac9ecd35c28a93d3d54cfe703ec747b28acc4b4327a7d406fffecbbead
65	102942	4932	88003	185840	34d8e393a325bfb42164e05ce1d0cf0f3916fa3b20d6465d32677f7b8af32b8e	2675a3d5edd492bff45fa04ea4302a12279ff2848baf6b46074653df7a2f6a0c	cf6a3205676407a90ba4619d130111d6a47d56d5070ca30495539f0a3428ede5
66	102267	4274	74743	152493	4b092837467886220907b3e7d25acadddf9ee5d3085806e7e560a69ba0cf0b3a	d4d1b82097b2264c95629896fd715af0153f365160b234ca3f3ad09396a4678c	fbca65c13c4f453a747a70eaf0cdaccabf0079a005abefc38a61ad604c1b188a
67	102581	4980	87412	191608	986beca8c04017099f2d4518cf49143803f6bfab0853d6f378821fea28b22440	9c14d9d4d494ed6cacb657677c4b6a7a9a660ca64b1b2116a39f3e8c3621ec3a	10cc6718ebbb278a0ca8302e768e76b84c104fc31079035d3d596729cb4bff76
68	102303	4522	79807	165625	efbb99198ab16bb488bb94bc0cabf74fd63d21df1970dcb9aeebba2847a5dd52	11d7a1b9f214cb93383aa43fa1777b38974781efd8de045f9661198bf99ca54e	b6218bea55dd4c1c9fbe1b88b6c826b2d35caf046f547ff0c9ceb7b5400b5690
69	102504	4628	81340	171837	534baf238c14a16d9397195f22f6772f548c67a4a6db0be8d1ba073b83c4ccfc	2041d15366eeee80104bce3fcd1d73dd815c8af59fa0e995d776699ecd25d660	17f3c05bd2af2c37de422825bd5152c12d431fd79eb6c3d5fe46007429c908fe
70	102336	4979	88341	186992	0d336cd799c99f3c26d516d00989591077dbb634e4e10f6276f9be38ca9bcb85	53b747cf16fe011561d1513967cd8d9526e8ed3d92275616e4b6d6b94261f0f6	a042b6dccb53860287ea3a048835071feffe7d81dc72bacceaa22aae1843fca1
71	102490	4662	82187	176224	d77af081f2640fa32f8c5eb74a0e132f550807b78f5f99ba0f957d37e19e92ca	297af4887ff1738720a1cd0d1b85b5f1c158e3fe398bc559fb9de1707799a341	065ace973ca349ca7355963c0090c2df79a9f6875f86af7780c887c2074e67e5
72	102691	4199	74056	147625	7ea40f4f28e4d591ab0b6c034919b00d24e8c0e059110001d729507725436f42	41976f5d4e0001f9bfe7d6c5f05e7deba544743b7c5763b7b024369f6fd69b81	254824b00a3d28a0fe3ff789603a5879aa47d9b5d09bc63ab038bf5c445d1b21
73	103135	4441	79314	161507	7c0880556841275ae2fb0c14a2f7bf00a7a960270519080e844cc719fd887132	97dc071439e2a1e221596e4cb421b082a5926836706eab5526ffefb58430e56b	3f3629d9dc4b6447ec1baca6b432a1abd4136a9cd6ee9358365d4f779aa782d7
74	103158	3436	60788	121730	1c19be06b1b18edfd1ef756afde9de66d7907aca403e15ef51ed0027f915f652	0c0eeec6ab5b35684d33d53e3b135f899fd64dccbffc00b3d183de4f77061585	533076a03db137e21f1e3b7aaed50a89d6fdd1b25d5d75147c5d012a7c7f524a
75	103016	5220	92111	205541	1db4f639c53fcf8d4d4d8f9969eff2a3adbddf1cff10930078b474775a3521c9	5552114e379a0ee812e33a0f2ae6d1d3b9905897d0839c8d2e5610ff796d5b00	0ca282d7bf2bd26ccc4193d7ad15b0a5f7de4474bf17c8376cc30c468e4c968e
76	103027	4313	75907	149741	5cbd7271c094bb0365c1efb420080c7ebe3a87a4142ce50a5043af0d886231d9	82fdd2e9070c14022ecdbff89860e7954c1050d0d6dec22ad2527f1f4ba93980	ceb93f4cfc0b4f12198788803f0187bce12972b96134a4248a77887e7a7a2713
77	102367	4415	77324	168304	575e8d6b965356836106880cd755036ddce65e210c739fde864c9d55794b20c8	e1b06c20ae7ca5e13e66af84ac660a3c771b70ea8d96ac2837cbaf205bde1ecf	394579b13999bf73dd129af9c293deabb99d923705deb5dcd87a0ef685568390
78	102097	4803	84820	186627	c84af57b7d43abf53cfeb04d068b9de6a426da39f10738e1dd7bed4e0a8a4ed2	08d9562b5189a5c3b159e1189e32293eec152f8d2581a06eca9f61b25c50762d	5894bff18101f25e107f8c8b6f372db7f525935c04600a48e2e59b44a7719a06
79	101975	4023	71482	146549	5b1fd73cf5a5fb026e2a23228cafd4bdcb97729f91cc17fa2b8ac9a679cc7e2e	eb8cb524abbd251a14ee922d664727bbb8f212137cfd005404df8e0d834a28ef	61b3480dfb93b55fcd38bc91c38a5d9b7eebc7aba6ecc61238dd66ddd9ed46f4
80	101937	5198	92332	203626	7af2eb43c15b6ce25e6d76cc04d8754a80698b61393884d9c0533b073adc7a93	e9d55a6938aeea78040325143560d1c232be83795edf3243a20f9472e05b436f	7b373a07cf2a20f2aaeca94fe4fae716403b0917b896ccdcfae4013efbefb726
81	102982	3712	65518	131967	b26020cf69a9a6b14369ff0e1eb2bc67846d81422f5909873a760912a55cd6f4	4c71157a4139303ccf77dcfbc3ebc244a6cb65acee5034cb679c59ca27c7159b	9a0e3baf00efb76eb8a2761346053b6ca480a75ce31d566fa6847d8fc6dd43b8
82	102941	3586	62405	127250	66f397c443e91ccf6a745b0ebf55995aca68a4bed7d78582df97d83ac8d8740d	6945d52f5d172d3d148e9db3f8221510f05f5a1cc4cf7e8a06193018ed2bf1b0	cb428293e7cc024a59c80dc073c6ab27b7290ec184ae8c6d26a02f51dcf5c773
83	103090	4140	72982	155043	78b9aa08f8a59b64cb671bc7bee0a6a60a1464bc65001aa32fb3e784879c1f60	c952560ce590ad7e531b9ec7e42de2be891249eec1ec98bbf1d559acc66eda52	4963f5c26776a38d75c51869f9291ae87ab149a98e85d30ab1e2e0ce38efbdff
84	103083	4477	79346	165498	0457e3039b35f6b2433e362a28cec30a92c4e10d7eb67d63e5097da121ae33fe	7061dbfab40914d49d2ff6096f9c83881d7588cb4ca6a1884ea05bd840026ded	f50107a5410c6cad9f12fee4df6f94125853f71f73c4a9fa8cbc724887b58406
85	102010	3645	63981	136804	a3e9650e0fe8bb32c9814e876f603a9ed4370be24020ae34e458f5df3f514f5d	874687ccfdf8352e176189d3b65c446295ee4598943fc09eb5d18311e33c609d	60717d08a87454537e887ffc472e834ff2d8f7eed5f1d6c3a6b4606b83126d32
86	102154	4556	79876	168840	1e3fa6a0f24ca0f236df4e67bacdd868f2d95347f325f8866771acc09c648ab6	20323f00d6fb41efd3a2f5d4d8f0ccde143378c2957fe9624f5ff61dd0547c5e	f14dbced63b8ba19a636b7f834bf75e4e43306d0a1f46dcf8724020a4baa998a
87	102000	4538	79425	163044	81a7d2d7bbeab2625ec63aa93b483331e81e63f27362fcbcc26f894eaa4068c9	8756b730b3bc6b7a72174fa5b17ed32188ff120c3210532336ed5d28ba405ede	6ff4150473c0c40f68ed823f62730c28bcfc1cd7e04108ea6620254d38e2d874
88	102209	4880	85922	183737	1b53a7101c0c2910fd8d452e76a2478afa9f6ef534e60d2c0831a335719aff9d	90ff8fd2e928c64667270879a0fa14e40cfcab9183f8633cef0faa3906a0bd9d	1d1c6db6c65864b0eb946dd6739e0a27003e78acef21ffbd9b62068221360f1e
89	102084	4998	87848	191886	b3993904b832f1d82c4860e71c4f84ab2f7bc9ac236eb7d4622c5356c0231d64	ff203f74a36bb3a3f1c39dcdabf299019bdf1d59610339caf9a961e08a670a62	b52ad4d9d9df08ff4f6ea4c59efb426e45acb9b0402cc0d82418edb1704e495f
90	102286	4324	76276	160372	6e74a101ac7d302687a6729553ca9fc237a954d6b7ee968265faa6602be3a513	282b872e62356017313f60a748b6ebeadb8d588ea1633fae4067b37e260ed701	1fd4e266579eb7d4cf16e5beee0fbdb81fb2e628fcceddfa5b349ec6db82efc3
91	102430	4750	83308	174793	8616e11341aecca3b6661fa2d9304af66929d4c0ece72862b13d1438b7f7dd58	5a6af3aea6a12f47fd505e9d44ddf90e3d6f4d73d219a7968c077f8d110bc7ef	3fffac69f625b310e799214aca2155230b196f92ef4639e36cd2bd65895d5be9
92	102410	5027	88590	192390	e6a8537987a816b307f16e57b69dc8cdb5b5d083beb73599f8aebf70d2f423d3	42d15b76ccc62f6c3118938d9f1ecfd20584134f1feadc38d86add5060419f07	b02333e1f5f3c395dff41d318e642cb9aed56004c0028f6555c2ff03731e4292
93	102018	4784	85299	179732	af2756d2c5aaa91f321b9ed0095bc54465e887cb7cef522ace76c9c825011d1d	ffdb0525ef5b3de4d80d7d5b73b5976207bca6deaa8fcf7f15a8bc20ff5ce95e	a37adff0bd6958610e08b1404858a23c9eacc09585f6f2b180c2c25d3dc47c38
94	102011	4960	87958	193645	fbfa3e47125d632749d6ac29f3c0734f491f703a29f8680c5c728e2c52bfb5c4	c9f831fe951c73c2aa554aaf6f9156e38bbbf6d9d6745e9fa905cb5fb4e018d3	d195f6668c21c941e90c3548b2a2ba5d67b36cae9a1cd95afd8879ab5b3d95c0
95	102171	4460	78766	164727	46fb65925b67fb386d78b69a237107d82928fae08b8171983ac2c4689536b4b4	bda5118cb6c61aab9a4a3f95aaf1979783a0c475c552d8988a7a16155672a4a5	ee79ad7e5606e338a670554812eee0333aadb96b60a16a2d3c6195c3b9636154
96	102413	4784	84131	173289	6a8d8f991b2253d6043b11940fa1cd3557f807c8ec099330023e68684ec6815a	1c3aa7f2d34567334bce5f1e108ed5c949375c5b3e9c1dfaf67b109640cbfaec	5d9d762222f28d327895de221ebf3f91d3e3fdfe248ba2aa9343495dd24d6c8a
97	102727	5445	96619	205932	f67e2952af58c9f40a09bc05893d9abf354435dbd28418e0d691ea0066941e3c	3f0e76c7ef887dd85e0d29a0f1888a7eea8591d7a7728ac1724632ab5ff6a8a9	6ba024649afec9522cafb6fb0f3ebcc0da77366861c4c9aaaac6140f54006788
98	102706	5008	88072	184903	aae9c3d1c961c5a82fc8b5a9b5e2904a6a3b616549537b17cca4093433d7764a	aca7f605f698682dfb91f0501de9d7bdff13f1fb2d188b17d305dd45b365b16e	07f041d54bda7358384e4cd32eaffce519b09777814376283ff10227205eeefe
99	102594	5303	94502	193896	bbe80e208de398b683e55b4b226b1439ceceae3f83672f6dc5c9dc150f7a5a44	e22dd511bda5afc59ca853dc4574117a18dc785973169ce090950092d383fcc1	cba975343991b4005b031a8dc60ba91b64a9106845f41d8dfa8a55ccde6251f1
100	102343	5048	88834	192321	88074f86f8dac320716a90fe531f54281aa20196186393f439045ffa10d14d72	2cc58bdf87da9077483223f2114ef2a1f74ee7477cd552050b1e227c8653f04d	707adc08c7caf068c5be48a3a4cdadec5926d4328a8587b2521e0333ff8964b0
101	102238	4173	73739	144235	f547626544c209a526b900f82bb54aa50a54cf44df4252650cb029bb771d0147	62c2b8fe71a05228f4233c2c90644dd57b7ea53a4eb323a84b4be119e392387f	336483a72a43f27a8ba0ab279feeb860471634e776152d95d59af284dbb689de
102	102120	4611	81207	168320	7e5e621904a103a1186cd257dd151a1f804c10ee6503923860a1e6986713d2a8	5c287780b35e1de6e04f0bcfcb3396753ff4f12be0ecf488e37fe5e590335378	c631571c916da0eb52357be2940664e9ae35799c408727c5df31da6907dc66f5
103	102346	5182	91128	188128	c73473bc0e4135af5e66f6f44fe24d7314d9f2acd456b6073c3f3548a1aef2cb	013fb0da203f1d9eef74c65a38ce311511e4225ed392490b37798384508c009b	3a3326845c9415c1ba57af7e73a4514b1bc2fa8c0c40930576aa02155fc656ef
104	102324	4863	86374	179630	12746878a82bfb629bc73c0bb4de4bcb4cf6f70b2ce382f8e0d657f23cfe41d3	70e4fd6b6057157795d62be6f85d3dfa44fc1bf3b99fab869413ba49bfc0f0d7	4d4bff9e44986760bde763e7b0b00d1920a96c83391fefd613a2e4ef110b2bbd
105	102210	3928	68980	141302	c1cc0cbcd4724e9224020432fa56184a5628ee4f5e35521b40f2696e0c413a7c	026b2b88fe46530bf6c899a8cd624aaf6b2f61f525666c21374fea6af3bc1dd6	ac99afecb24469b2c94215f88e6cb07a0b7d28009f788dfcf4f63f16536badfe
106	102449	3784	65776	131534	6ea38a45da0519d78ffa9fc606be36091fb197c24d22b585dda9e6b686baa55b	53fbbbaea96bd58e72b8d3ee771920db018c522722874e2d9de74cc3c089c958	fc5203c5a539c24078e04637af9fdf44116a421c20b8e5e3500b236417061b1c
107	102650	3735	65268	130999	bb1a6b07d08cfc942e85b043ea3d6c61b48c6187a748ab46d4b66fefb38a1e39	c2cf2c5bc8c3ec98ae6f72732443df3e5fdb00ba24e8398bc83b4433127307a0	1369aad5549887be30dbed3a97edfcdc3ac793a8f158cca7e45c944791af9f7f
108	102737	3883	68547	140981	9cc0810d3eba36a27d9c16693ab384bce49b179264d9cadba1532d12c2b422a9	ae95f712f7a907a91b802f7e2c7c5879dc9272742ef73b57fc5a2030f55956a4	2c2588cdaf0798f4aaa93081a0638c47a82f3edf390d4162e7752d4bf824dcdf
109	102625	4451	78445	159368	9d0e8971eb72f3268ac692ea5a47e41dc834fd6bbfdb6176405533804b9241aa	8a451d3535769f4162a043771ec456c11151852b4e7a54b223c5645483088e3f	519773e301ff30cda41a208f38c554f6515ef47aae5792daa38f6c2ca4ca55d4
110	102448	3969	69759	138120	49cd01c6a4a3beea29d7ae279d4bc1b6d8c37a22804143a1b26c83997c9e3ac6	7d3fa513666ea28d80b75fa930ae65de4ce67d4aecb79c28561a8f3888e28a84	93fc6e497cc4f07febd1f69572f9d848a48e7154f51f5862c941e58713ce420a
111	102602	3429	61016	114597	8f501742e3683b61ded0c622fee8f09890644877fbebe39c5828e6228a1dea84	2b58beb8ef5a5083ae257e00d04ebed5e4e040f07e4e3ae2a3f48679fc58b1d1	6aeb1c5c9eb6fdb26469b4323c55f04ba09869480d141913c72a7c090bc6105f
112	102803	3435	60718	117257	9dc7faab283116ab2d5d734afab3b6750b0849d3727dffa2322c3ef8112989de	89f78696c1b12a08c7a7ae9537cb1f75917635da8d67fbf8037454cac6b21b3e	dd8202107da34932cc28bc22e4f5b32a3554ca615220a713883b1699a0a6f1d1
113	102483	4990	88046	185814	28cf232b669e0828544d96ac195e5915239b130279d1f43e891e3b09205bcbf0	570afd0d1f9771cfa85f646f52574587ce3ed45910020b4d4c66bbdbeebdcc15	82c633ee3f0042359b38822c9374ba27d8eab34fd6536dbf813cf220b1916be5
114	102595	4773	83942	182707	b9e8572ceca4988557e7c00d5890dc55d401095b7136e7c4d697a9235ae1121d	2ec735ef1e2c072698d330495bd660ee1dcfbe100bb1b282c56809cfb00ae31a	0d0c6d62729fee3f523ab132fd9d4e8c102db1dc1166f14865cd41d0b81b30be
115	102413	5399	96114	206186	61349c1574aee8c8e7fb5f44d98ebb2ede397e5bb856aff934ab68aa0e7d006a	5b73a876565e028cc4f5097dfabaf6510bfec39f56573805b74f7a533315b78d	800be0841107a0adbce28c66192451953c6bb98964dc1d530446cb8dab79250f
116	102377	4816	84410	181669	08e8d1c0417731bdda8ac16b0e0bdb0f0414b7bbac659ef1b99ac84183ec6ae5	e4560950293b6d4ff2d5505a7e07b0f5ac76bf12d42ed6a342dd0bf0e837a1b3	d4461631826e4d8e1bee26b7d3c663f0cf2320d37a109251524a5dc9436c3bd6
117	102590	4935	87025	184613	8c1085a761cbcbdc3f7a6a367fe3150d014d03b92399b6f370fb332ee595b132	b77ffe99d586b328adb131f7e98133d7d830cc543301ddaea95a777cebc7d462	0efe446fff4279a62a88a7745625e050ce7aaa45b0a9249d835a021a3d91e2f5
118	102608	5264	92933	210563	1c8f7641560c93e3dcb11758437df12dd3a7a73b08798ef9736430dc18bd36f6	821529119dd25647c0390ea657d2f7d3bdc4d5c53131022a45719bf208c749ee	721778a77046c88c9403eac5163b6db3563fea6d99f87b8b272f2349cef61a92
119	102677	3474	60407	120206	f1aa129cad7f672ac9ee4727dc3673908f3ece83a00ff7c159a4e9fc625bc75c	93f111a202a556646c3b47db81ccdd88b69192ce7aabe8a6b8cac31f031cd54b	0b3681f97e66e5e06c0bc0083ecce7fa0078ca1d70dcf4b9b6ad65bdefc1bd79
120	102535	5331	94697	205563	f507c01603b6ff01f36caff3a15a74b2a1f62ebe4995664029f297a3e87fd923	67052a323a7eda7536164370b11bb973ef3c95fd64060c3af23468bf9582f639	614b04dc5f1d4e002233e6e9ad905ec6b1d1505dff2cae4b8675e72e44afe042
121	102746	4262	74788	158687	74f2acbbb27bbbbcfbc1830c7cf90fcb3cb226d32aeabd28fa7250382f011de6	2766bc6938c3384e4560f0dbd306c9450b8c2a809d526c24325e5d6b7ecddb12	7f9abc254943b0eb62ea2f804f9700600456920f2cafc6e2b5ae1964b0121518
122	102867	4633	82061	175045	63ea97b1fc8e3f920593296e1cbc50b6f3b3aee4dc95db6161abee05336e7aaf	046c6d21a1f9c0348d138d04c6dac9542ad55f46a96276df5518b8c8b8dad678	b88991782400bc0ebcf49857ed7d6eb2ab2ad23615ea8b7b891d3fb29eb1b4a5
123	102727	2672	46704	96555	39f82603df6a412722ace7aa328c8824f381ab7969eacf2561d04a92d0ad46b0	540ca945ecbc449925f687b4e99f114b4befddc41b5cc412689c36a021a4ccc9	b37bfeeee42eeac65050f1cd0e979460d64db3727ff74e39fbc82c4a7d7e8dc8
124	102756	4854	85685	184190	f6d47c3a0d17dd6664392bf40eb03c9c4702fa16f1eba4a722a2d97f2ddba778	fd347b88d5072f2863b9911f815bb0477ae0313f3bfb7f59640b85906e28fdbf	cc4fc46c82abda03d79ef265ca02ed4ed811df4b42d72b105ee05c4ff4f668fd
125	102689	4229	74357	154913	84a3ac029aa1d3cdb9bf3cda36637f01b14b4f6f2be93f150823abc8a0d60fad	fdfd9898ba18fc88b4f2b27447c4cbaefcb5e8d221bce54e4999183af462ab28	fa5236ed7b105578c818eb6a6ed4b4aaefdfbac9dcbebbc690815fa4ff216f8d
126	102802	2893	50602	99717	89da940fa730f0649b5cd00f2524bb918a1c8c6a03dc5f665109dcb09fe6cefc	56058ee4b3d1460f6d676bcf898b3a7d8cd82b2e8c1240899d58446127d84d9e	51f74a08192881f0967e2804d5e6305d2bec2deb2f4758af9fad5b387e91e58c
127	102466	4814	84197	184769	1606a59007bd90d728ab96d92b2f2574f75fd0a9f66e3d5148a89cd2d81c206b	17e11bba15676673cf118623e06603bc0cd1cfff89c044f8be9d084e83f5f216	7c342703936ddcc11a0b118dae16455567f32c491c9da003e4f8980a0d56a891
128	102395	4142	72422	155249	1befba202ec1242c82f68befca1582b7021394d0359cceaa88c6787adb5ceee5	21190907b101ee6774cb8b297c9a1be35b3cd0ddf2c223a7465f6e43d15961bb	1837116c1292970c35c7961617747ba7bf01fb8158bf75dcb142eefc8fb8f9e9
129	102290	3569	62330	128575	03ea3a78cfec7d1cfb15a901a3f5111092ae19d59bc8b31c6f950c5da06e7258	cf3fc76006a6f17fda713ae68d67577b81dc5ec9871d8105e933e9fbe274fd77	b6ceaa78aaa8cf596d88d740a5dffcc989a98c629d827c6cede4f0787cea5143
130	102597	4787	84615	182772	709db04215c962efd758c90a16bd087a1cd10abf62391229813dc6bbbd3865b4	a06f3b5b76669fb9ecdff7c1b86577a9b040c616f7f3f7046449b95b356264b9	1578b5133fb08bc79e9835689edfb6c5e2b05fdf8b0c9f16730f37cf626732a3
131	102441	4809	84423	184360	c128efbd527e4df59f85285582f99874a5ea1495dcaf3690f0a1a2eb95ac37bd	bb56e5f00d72c9f631428ceeafe9861665eedd4c40b689afa52f0b1047d72d21	82afba0f0b1dd9e2449c1c486598839e6eee16ae8173293cdba6d0d139d09cbe
132	102223	3560	62514	124140	800818061178f4a8009801e5db88938add403aefdf4e7f4e2078a16aa3004197	2deedc8671dddd01820c0d95b69967a586e295a6a9917c858a40f82c4eb63a78	747699f7efb9af240a2cd73be3dff3e4e99c41ab1ea978c6a60bb4316e12aa76
133	102089	4362	77300	163094	043ee6851df606a04ccc3cc30673f8f4239f8ee998ff3fa0af9710faf53d9bf5	0cfa40017154b099fa8151bf298a5c0c4a920216242de68d325451453e95ef87	c96f63b2930428c9f9a9a00bf6bb7eadc6704fab92e5ee9f567b8010fc5b5d0f
134	101943	4280	75117	156129	cc9c7cee3a85e161a8689424ecf1f21555a84c62aa065e7501a743fe06226283	cdf947b0f3c1af6d29a023c11df5abe4ec3860bc702e762ccddc9594e3452cd1	56ca953ab36e710d322a140a1c4bcd613051e3ab6e198f02252bedf3eb7a6a64
135	102283	3480	61244	123088	5646cc5ed39ebe4551cbbbaf9c310064117d0d00f6ee4141d768c71b877333ef	e5498999683bb0bfd3bcd839a1c1e8f0c610521c564ffb2a96ac456c02ea7f1d	454571456695240ebe314eee824b5b8edb77730f9e47937bdd03c26971f15473
136	102154	4701	83469	175136	13ed4f8af8c3eb01de83de773285130f054e7faeffba73b81f9456b91e87df6e	c9c984465df071a9a09e3f8fa49b29e80a486ab549ca29d2af0a885efc092f0a	5371cd4581a2b4b181b7df3b5671f26f3c0c4223803b39bfa3d0affb4988e27f
137	102384	4813	85416	181147	f9262f77161c9a8ae972b8c6c9acf7e3b49022927623a95cf6c956dc48598e82	6bd784b91da8cedf1e9f7217d6677fd869e47293fe3a9e9ef80939f6b7d3fd17	f3ec0b945a791152eb03ccbe7637d999109dcb8a1c4c30ed45ee6b4c584eb46a
138	102112	4928	87663	188952	d95fdf84a77d973a92b59d6b41623b1f4653b22cd3a883c087ed234db7ee8ea5	bed4c9b7887b96a9b0d3cde0d6a5d4942321b3e0c53255fa8cc39bc128ff81f8	ab58d1d797634e4690cf41e70e13c811e887afbc2663f9512518afdf193a5e7e
139	102266	4923	86948	189566	bf7b08edb316d2fad1bde122f258c1590991b9455062d7bd940a1ad4663975ea	75a3ae0be59b9577f4c80fc7d01728c96a81929da45360bf6781e96459836f81	a28071d1376d6c7ceacebf29391f62b69e53656c319263d2017ff2227fa79ef5
140	102496	4526	79564	161024	4b03e5ed200ba8b12b387dda5857a6cbf4902aef66ee370ea8d6a01d2b937f0e	aeb7b1772056080e76ffe98b49b3e41b61c90fb4fa07c022c16575ff37520de7	6c1b95ccfeac5bd64021df5e5cb2d5b89df2b31667d0a3c7e4203941cdeabc58
141	101979	4269	75596	159651	af31fa635ef633f9b19e7b78b1d61376c7b0cf57910aaa61e68cf71d99f9cd20	5b9783b9915c5f173faa6905afd8937a03b1ca5c854c1ea02db7b7ba941d9e4e	fed5e66904ca5b84a8b43acb7a32e476c79502a98dbbbd8d3dde167d73753778
142	102125	4950	88128	183389	d6097f57fab9eacd35ee1d7e5615384cff50b43c5353edcd5680ecd4dab61894	fe292ae722939135f7e1c97d0b776513ed62af5d418fa714f04a4d5472698e8d	4a620d1094bc0c7e95560c9e4c4731a0957788e2b7b0f81969e073bcba6eb3ae
143	102355	4157	74047	149798	9715a289959e1f2da9ef8c07b0d1883493f2c292433844e0fe28c6a2712ba529	892694373fc96cef2ff87829f8f63bc49d6213ccdc6dfec23518b92c123c48e3	74ac76a9bb9e2b82c5441efba1e02076deedbb8fda1abaa33ed36062b47042dc
144	102740	4293	75280	161397	92061389127365df179bb33b222e7536e6b98db7904602228dc076bad020be7a	9e6b0fe71f167611bed30adc31c1d7e4d4130d86a6726c332c6a299e9e8e6cf5	716582d9f21bf4fa0f8f15c314112912cb98e3118b55a741d8c539c2239ccdc9
145	102629	3953	70070	142898	c8cda5e81ae2da2e753c4c053512c5c46657b96aa91307ab89da456b87a71e9d	2cd36edfb8419f8c0ae9986d000e39e2a88b35a3fe12eb2fee39ca35c18b9b46	993fbc97d1efc51a8b0164f5bb692dfe8c23ac0d23c3ad5201a97ec4415c2d03
146	102650	3832	67290	140381	3751cc2759e837866d09ffea598a03594797f70a24c4b11e22687b17b9dd24bd	112b6a5654d3071ddf9b5c7c457c3ca90dfe284f7cdcf8c081eb94936667e937	53de290a93542d703bba1c7e827a8f953093f47c760a0b2abc0d0adfb3aa732b
147	102789	3757	66025	135452	fd6880220dad126ba72980fd8f2914b2c093fb4deae7c290a350cfa30d29c113	0363eff2403a935a5b065a7fdb2906aa46d1b123f847f5b371f40f00dcb1a2fc	48a727da9962aac6e0f7aafee9b7b01cba9e3865bf94d4de78b9037bb6c2f19b
148	102547	4679	82702	170543	ac801f5e5241a54069630b42dd3c0b2ce286442be49bb14dea545756fd346049	865735b243c59b145d7e44a5186381ff08a73170e2c229da5225210f64c68cd7	0cede1b3f57ef64a8aaf5a752320263c06ecf63a5e785f7a2ddca5e9760e0b80
149	102460	5176	91094	201682	0593a3ad065e7aac59436133a078251684b0d9c1de1caec0a17c34c27960d02f	86dee02de1253307e534ef2450046b4fffead37cb4508e0393b99b8c8c1ef89e	6c9f97d805ff3edae827977b0003abba333be97df521078f328de8da58d9398a
150	102441	4018	70789	145069	4c486228b73338d3e543fc130f7130840c6af0f61d834776a3fcfc6941141ce1	303deea116724b4f2085a03c428dca3a9322e3022afa8f61fbe35896a8b4874e	be8c03d01c063eb98a7ded44b056f31f33bf4f7c901a17c523a37daded66e01c
151	102556	4327	75894	157820	4dfd31d80118e6f387cd9cd546a39d1dfe2f31b416d9e9ae77fc1473f17140f2	b4dc1270b5f3b9685d12d7059ecf3ae8725f8ff9affbdebaca40d75c557cdfc0	c5cb3d8e044c0528a45e1013e5530056d713d5865b2f631a6f2246db82d39f0d
152	102604	4596	80852	171761	69c4530e6027594f75c5d79d83290f748d622f3a1d6fc5172638d2aa67ba26b6	4cd8d67d75d7966d8751837bef732e9700c77e5de21e793a408d4a279594fa2f	8babfb4a90e8c77715e9f460af00740da917a2e100a7c55801d3f2b43f377262
153	102585	4943	87408	187493	80bb3cc987a2dcdb68518edf0c8514f0bba6a52d40defcb40010a43dffcef83d	90982dd6189a3a36c3738385f421ea6b4b3b86d3ed24feee3dab5641fa65ed27	7b33c9f0f2a9eee420e10471bebf4be1c6863b816ba3a8791684cafa4d3a7520
154	102212	4819	85539	182838	be48571f6c19da03af6e96785c026c645d4888af1d899aa706ffc985ec18bd9f	c170ba0be48cd4a79d7e8c9807852d51b9df7f663d3f1b099cbd7890871ff757	c212175837229549926f65b1ea285854a6af23ec3d67792b91beb83306d4972f
155	102251	5113	90195	192525	74c591c79b639a932a9f5053537a55638cd1d6fc3ef3b85247d1a17efae134c9	e23cfc0443dc0ca91b39ec40c33084523d989b873df410f0893f44bbfff13ecd	3b5ad5ecd2e90da46a519307bdf27476e14f8c57ef1ad597b9bbda96b32d4f3b
156	102118	4892	86093	179409	8962b2d52fcb68a800dcd438b1f16cb935f5a7bf73fa8194da7dd6e3e2387ed4	7caf80b8e5fbdfd11d000d0da3b5be328bcc784a119370d43c52637a68d0817f	4fabfe60ffbba1530f8029a7bf9e29f8e0b1669ff7fcf2139e1fd898a472869a
157	101914	5089	90384	187029	6bb14552c6207bdad0635b19d6e661108e88319221da9d87a35121b6edd63949	11a03edf650e1f752a1b19f758d12839f6d77ab76122b9c31f4d8b6defb0e8e3	a5276c6c4f7f6393fbe2af6b04161a61ae0a0818b938a70a96bf17f038aa8c39
158	101964	4345	77265	162593	1a76140efc8ff0a8dba0127597a6babb7ba567a4da5dde4967ea7c87ce98a1bc	615d0bd78d61e5a2a1d48e60f79950c554784de659252162823162812a2779dd	f60a5cf9f643162e2eef1d631b195d453b37b9f2068a5708715ea775a0bfb935
159	101878	5489	97116	214527	d4be6a20691385b6db31e350859a1dee58b355fe5c9c1c9e29bfe7d68e1bf3e4	3b3f79c88fd660e9894cfae7aef4d24744e45865ee27b62f5efaad1f61596f9b	8bdb928ae6cb97bfb387c6a5cf9f72e70d4a56dc7399fa6c36d6e46321cfb016
160	102024	4523	79759	175146	acaa8d2fbc2d755eba8216c19b1ef888a2349ff91afd93b70d19d075ddb47a64	46ebcf8a11ff78b402e1e18b87c79bfc1452b9b6f41da2991fe94106957c9102	7e8f00e1a337676f0c2cf2c3dec7019cae74a1cd0cc3d30c531c6d432627c5ed
161	102060	5309	93909	208852	7cae92dd317c9ec44817f7bf0ec1e2909b55514e88680c61858fe52c84379d3d	b26737382a5762b1ad5c5215e3cff3d38a1283e96cc15f01300dfcc1f3586a89	37cd9db4213789be7dd2385212d6eafd2483b3a9937e73ea353bc2aff6dcb2c2
162	102076	5556	99074	211919	d3e76c3eb8e24ed64a595d7ddffa649122599d958e9e3c2028121998bd559cbf	86309bba32c237d0416cb8bc26156912b2d0974939f548a4f024332087b8e6b0	1f4278fd71b9bdfd87724cfd1aa91e8777558aebf45911da8aa0069c08fafa49
163	102230	4409	77091	163746	b67bfd4e3b0f2dc48ca468b5a66e7bb981e01fab2bc02238b1f25a66ae2d7d8f	b258e169b41f6d17b4e25ad0cd863ae12e009352424d0931cdeecc8be23639fc	715ef9acd2381e6c6d1f649e300695c2e1d8c3478ff06b385b47e8d26bb97bcf
164	102266	6257	111508	248799	ee42d82e6533dc7be8e902b318744e82b5dc536444829bf85563e1f46569515f	4b52dcd46bec1cb624a6aee0a72b28163a2e3cb0a3e95a743dd25e91275d9a33	2b2a8696666621ff05fc617acc08c5eda416ddabd344faaed091d42cb1bd3d8a
165	102436	4732	83194	176829	36bb25513e1b1e9d4ae71ee79b5ddf5108cab2e27e6ce438e03176ccee4e0e06	1c33a86fbfaab202d0784929b13f301817ddb1db75b4ce7c85a2025b3315b4cb	1b506eaa5e8869127d0b47f4a4c5e1ac8ccdff0fa121b2f0479618f841640046
166	102821	4798	85073	177634	da944c303868279a75f2ddadb4164637db061973a82dbb68ef612b84472481f3	b5b0e81f5ef9eb35c83e4f1fc43d5d5174eef46f20e378af99147ba10d599293	aadf20b2f1777ebf866fbd3e57b900a3235df5d1134f15d5629b283682267f2a
167	102429	4293	75872	159461	788fb4da0eae8ee353ec16b1904c0a797923e7a84ccd766cb6444dc398efbc3c	332cd3fe2a75892b72080f39f95d7e6641cf95299e724c80675a079dc87e313b	9c1bcbbe32bf894f100a12c45bc229005d6b1b9dab85fe9499b2617647465e68
168	102410	4854	86128	186825	58233900db8934993db244ceceda7a7cc5cffd0108d7f42fdc54e867103f831a	80908d1ef4293b0a09a2429aa214c1f729c8078c1ae3c053b19171c88b13a87e	3f50480294c1f623f907e03076f9147eb2a3e6de8c74e67d193f9d5fe233dfe9
169	102570	4119	72025	157247	919646d0fc27ae0ecd438726b9ac00aa167a4b31279621963162e63acc4bb442	5746090498ad419c1c08d599b348265cc93af782984cc9a019916fcde4cb9d8a	c120d4fa9a0109bf9eceed0475b40a4c14b16f51ac8e93be5b99efba0096a288
170	103189	3601	62702	132976	5c6438fef66939b6960a28a6d2036e4bf85855764efee2c72cca74bb7692a650	55e1894dd0d7624693ae162a63d6a805f2a540998d6e52a4b55ae13f6cf39e78	eb4650cdfa35499e9e93dd41fce3fb29daa120e7974c781cac71dc19c9c79abd
171	103256	3551	63001	126107	7552dbf72df506ba295c8b146a1ccfd4a21a0b1da5117ea3b52322c995ca4221	a7ccc386dbc0349721758e1229fe9a5acc410b5d120838b1dcd2146e9a4bd699	f5f05ba3026bdde882bd15226985ff081d82db1c22ebcd0efecd5b298abd23c9
172	103226	5026	89350	191371	ef2658fe6664039097769918158b07b6de4287a193f952829273180b493ca1b8	3ae22f0aa04d158eaf3651f62ef56f8ef33e81f9adb6017f48a87fcaa146e857	0bd3a80b5109a3f1a90d2fa6f36304a1e78ded18ab0dce5b33795c4c55d3fc59
173	103467	5210	92239	206710	e0b64d74cfcee8dbc1b48500256441d972f2db649206a4c642354547ec749b61	e57d0da0c2c344119a06049d092e4d72c33c74dd69d8354259111d22f8ae4e77	7d091722e71290fb90200b153779b846316a81d9dd4735f54c443293ba6d2892
174	103302	4145	72722	155629	fdc1667cd8e5faa3d72ea3c04b76e8c17abe654e9d745ed68eb147d53a829604	5d18cb00800f6c562cc78a1ab61e95edd7c24f4d6cf6fa5fba677a0eb362e832	774d00d738c9cca5d159a28d22f169a9ec999834b3bb218a6ca7b8c792abab86
175	103509	3445	61337	124871	9b7c952eebc0a64476f4fdb7096b2e6356544f056a7c78cf5bdcb27c9596464c	8b25f2d0535e355ee7ecf5681b19c118b69f5ee4ee9cfba222958f53943f4bba	f65415529edab7d53374f657fcda7975e63e64a53249de4a533f613c4145ff36
176	103408	4001	70415	146128	1dbe869ad08952d3b92914712436f46a7ae32d7251858e56595af6842245126f	9301403845d5559a77f5d4d306f7d6bb38d8ebb5612b8230b472ff6b19b23484	1c034e56a61635a761e6d62aae6e9189c469e939366beb6297a4420df7210e98
177	103077	4450	78181	171765	d71d05526d55b39708f05ff8f6253932c1430835a45a05a594cb57c728651e3a	ec562d9c6b7712c01cb3a88e4a7f6b1a9b9a4b52bb66ccdb8ff83e80ee180760	e0acc0285f079df029ee4845b2e1b405af4258a7da29bfb0002ec224354caf36
178	103217	5125	90472	196066	5170ecd996e0a2ae8e2899e416cac0831b5769610679fea1ac490da42f8018a5	5645bd9c17a0bbf2f1ab401cbf396da7e07147c48df4bf4c499bdbbf8ae8998f	7fea694f9daeda131bc35f98da1b123fe2aaa166e517e51f68d0e5b5086630ab
179	102617	4812	85639	185036	df7f3409a402cedf8ad8cf15b819ca27be1eef7ca695a2fa629045829543b19c	7eca5858d353dcd49b999be56e257ef983ea9f00283cd9a8dec74b17ada2e7ad	6f50dda288199c5162b3a1fff7ae5225e1e9f75d2bf6cd14dbe5caf6b9d56473
180	102478	5579	98734	225654	68067babeae325389449f71941b5295e3ab749a2eeda960567348544144518a7	87a72cae79139f7fc3a829baeb82147856d40a862c0ff39d80430e86384c6029	6a48e0b95009b04c560ad552358dd67c4bf21ef2b45a46c0e65de29d8e2711b2
181	102356	4846	85565	193142	e158267c682ffedb830f230f50b9d8e6eee2152d768d600bcc7fa15703643524	f289c719b3aa0f7de56ef0e4d3ba66d43d9b431b104ccbce6a049e32399e0995	4dd68e160d9d6425b69c0ea0f4e5c87b3682de42909f3455acc01c9bb3c332b2
182	102570	5228	92980	197591	bc5d500eb88e25059923a89dcec736602953161e4c1ab3c8321080fd8c020be7	9f72e915cde8a086838657e0aa89d91bcceaddd05f20c2e2a0fe58140ebebe48	f43fbb724bf7a6fe2aa5a2db53d29fc50f81cff6c6fd4817f27ee40b9bd55450
183	102675	4277	75714	158320	030b5114bbabf84b81e5726ad9a5618b501b6722f8f173c421d6c49bda65c4c6	67b4440530a05b88197181b4bd4ad5b968ac8fc71227ee8da33f5c1ec14829cc	efea110312acf77bcefa1e84d40384647c5ac6a8574d69ae0a74e5d3cc7557b4
184	102184	4358	76424	160892	38ac479220877a56ce2150ff511df6b014541173c26360f35a1785ef8425e52c	1214aec3cdff6f1f8700642ae2f7af0af52dc3348d293b846c449696451ad164	d9610e2e882d32ee494154b49d30a2fed168078d8063b602fb6ec8c252f32a30
185	102393	4368	76620	150697	d8f4f11700812a9c23b1a25430bbc7b0e2be43fe0ba43eb28f49db728e332609	c045e6929d91bdb3f1c9f5e4b0921c39db60d965b6f647051a55a17940ef0334	b0a8d7bc487c4a53cb3a68f97a5a495b013e049712b02fe3e3827e55a85b230a
186	102593	3084	53934	108751	c9206eeb65987810118cf31d4f1db759d98aee609aace89ff7dd4872f2ae1f6c	a9c3ca9dbdeaca1ad0a8acacc8cee2b95a104a5aad7b87d6f1a944c92268a502	ef68133cf27b8b3553bccedf60a752bfd6b78b31c1de3b03a4c7846d59f33384
187	102483	4803	84722	195577	a2ef87d761b997704f442fdfd51b3f577eb9443d3b39125cc0dfb2e016c5ebd8	70b236194ee588cf8885891a25c5085241a0294238183cdb46eff9a27828989c	54a98452539f8ff55d765368a0e036f8166219fe6f762879da9446201d5a72f6
188	103038	5187	91541	198902	109d3929864d6eef24a9384100f21327d6df562da1050b440a72408d3ba3acb9	0cf54887ec8bdaefea7d2bda4ef03fed374098e76bba2481474fb6e4ea53bd2a	4ae629a462fe4b811bc851360cc1e633f8f218b7c7f9f0dca183cec66793c231
189	102793	4019	71826	149110	1ccbe6dc6b821fc9b3b7f5315066ee711311fba16e80eb048b60d153178a3b15	ba0f9285500b9704d0eed286b0ef70d34a3c0a308b7d9d93f7789a6edfebdd97	963134cd824e782e30ed427a58e8a39e4796413f3ba070e769012d6a1c3151e9
190	103501	3404	60354	128190	8a17e38500f0ed9b801fb99b525cb86c6bc89176aa99bb0e90e1cbcda25ecd4b	8a16912d1dd2ae97c0bde0126a10d4a26415146e9ff0e6c4742e0aafc5945d3a	72c32495c73a95fd43e3acaf4f6bf6ad6914267e597eeedf8b9c152f5b019ca0
191	103470	4197	73878	160815	7155e7eadce5e8d07bcc548b33d947a28e8901064cb432da9c52cb34e2dda35e	2dbd5ff4f1d20a617213975d319815ea7645f144296908d4b472f15da4049aaf	de2678a694491ae5a32ff05ab0028b15e72bbc2955c7d9075a2339bd776d6cdb
192	103478	4867	85480	184338	cc3a4fc9838b21f4376cbaf7aeda66a3f7cc7899ce97841208f81e079124b79d	3047d46b0a8ce610f26d580c05408889df19a4077b4134d4d0f354d9ba496461	f8730e15f5087c31a4a8f32cb993c4471a950a07ba902971d7dfd834484e2390
193	103485	4270	74839	161348	f4677c41e5701209fafba0bc33fec66b522afc5d5741ef26b5783cf4b1a6bd7b	2624648bd0ae647a31124e1874be7d6dae4c904c3ba012c18c5114fda063a456	f9302cc407bd3446dadc42cc1a130420437163f4eea297c5e11ddee88be28fee
194	102114	4172	73612	149460	fb366cc956a52e4335046a5768dd8b69186c01aae3ece9d8f39a85c3e94f126b	f2e1e0bb96118f4922248ab618d0546d43f39aa9579fea46777f33c86a683ad1	05350abbe2b4088f16b41d0dd98386ea03c1a08fb476d0138dffa0bf46d41627
195	102383	3780	66306	134401	47e47b085a1735ee1748881447179539b338526c83a4b1c6eca743ed3dc1ab67	42896d700982516a5a341807eb9dcfc25e49693bcb6d87380b9d3534791fae35	9c28e65d92830d517f33f4779a9b1f8bcc54196e37db4a0e7fbdcb39acd56c8a
196	101941	5196	92069	200014	71d756fca91c79aaa2cef009070389ba6c7812ece2543477b58614d5fd82fd30	f6d5796b14fbbd8c922ef14358c270f99246f8cb1a6556afc058398cecdc7d0d	8c21ba80d5931f6ba39b9f3dd40a4cf25578c74c5c1cd04d110a155e64e6ec81
197	101861	4040	70629	141379	3f150c079054172812c14c1aa1510be43679c138e308bd72dacd92f6a65451c3	dabdab5aa7ea3da3f3bddac8ba217a7303b6e514379a9b9c3e767b1d994b083f	51e36319a50fc7cba59bb3d5462196ba7ff9ff7f9f040855aaf648118aa35710
198	102013	4835	85973	178266	f623954c02c793a0025e8a9142d896ea50544126b21b4f0e6e8c0f72c12f1033	2af890a9093ca572562965be77334e250c515bfde47de770744822e378a59321	a305188f350646d40a197b40ce677c4c20f1348314f0ffbef49e93128416150f
199	102065	4197	74066	155530	bf8c9168eb5b0c042ef4ded60d765a9f3057896e19b0cd2a4cd306b5306ed637	44617b2488ebaac4e182809ebc567f560040a6be14f2dbdf727aa5de9a6688b3	659d40c241020c60a5b495fa608492aa43e720a82705c15638c93566fd6e71b2
200	102167	3583	62668	131968	d8738d75a72d8ca7153fb393e906a404eacc29f855903c8f1be8142a02e7065d	0cd4891019148c474588cab9ae5e752225e7291d8f2e8547892ee4d16e2dd39f	dac5dc06d32e90d1e612a00ed1258f1368ccbdf0370a28e40793bce0a6956166
201	102114	3835	67353	140162	9ceb1582ab5a49a4d4d64f8e5c6dfa540cd963d8d7963a1e44d2c0d2098bae24	f47c497ffa487e47ea42283243ae8da89b33dcae8308230bf7076f730ecc22f7	a3bf08b1127563c4621bb137bebb0a939511b539840ada37135a7302d6eb73de
202	102307	3972	70259	145032	06ba92a5da2efac793dec6fff8f9754807e67f36c0562c55829e355620be10b3	46fd9ec8fa5e103d25bb83c167222a75a735a6e66b0ec7ed5b452d918af28eeb	4c7f29f761cf91154c462b2aaaf57c995df962414c1c0c477ebcc8ca6bd99095
203	102282	3241	57299	115279	e06992d634d4451ace39b0b989898abe51f2483845c3d315ecbdfdb5d75750d5	ff097fcadadc783c6c385ae993ec5c6908b08268f109e96a43d0ce5f968890f5	3b889306276fff1595796686afb4324efb438fecd6576fb45edefe3e506bbd11
204	102033	4721	83608	174700	5cdf9752317887b423da00f2be9118f8b1ff1bfa98bf98a2a18c586162640411	413d52a574a6e5e7f260e30696700818e7132bc9ac5eac992f8ca4ac8a25ff6a	d13caea0fcaca4eb3db800a9877349827670dd562c534bfae2a9633ac520ce56
205	101953	3844	67048	144298	624afbac4117404dfb07a69f3f3e7be01065a383e6b363181bb641ebf8c3bb88	df0f2e8a05b4fdb243c793af17acacfe2e8c8965353585e1febec7d5cff41457	db2fa652dbe9ceac665eb0f3082a111add60693b090128e3dfa00852716cab8e
206	102302	4239	74168	151291	196dc5dd63cc6e0d0ee8642e365ec93ae00b70a162b0ad7db56e1fd0476511af	84fdd88b41b1500c6fa0fb0018b9b98576c956339419a70f06bdae0358ec3eca	7712f788471338efe3bfd054b47272fe03c7dadb0c5365ed26fb1251600a6bc8
207	102249	4236	74939	155669	726c7fa8992cc1f3a9c5138088113f6132fc9bf3834a147544fcc18bbb89be6a	ec26b8d6c4f8743bd8973710bb35630f67d720ed840c01f57318e84140b875d5	d8276d62e7885bab2244d0df213ab6aa9fd2542993c9566bb8254fde4ba03354
208	102068	5290	94353	203813	4478cbf05a40eaa472c25a7a6e11dfe874f1c95ef128c0ea8be2d0437b8caae6	c2d1fb937618264315767eb35c3fc18780e7df4a08de884f1df64cdb232a9a13	c86973c26304ae75df6e42907573e16014349c4c10f6085ee2e0a084f1ce6393
209	102027	4491	79643	158817	d2264f87cec91d6448e410ad726e146303a723567c61b92571cc6743093daba5	ae5646ad40ed233aa5025fc7fbf6e7b5cdd28e188597bf01605d0bbc6efe5fe1	2983e110ca435ff029097bdafbd088f95c5ee337cc493a56458e27f605893ede
210	102216	4038	71875	153331	3b22a1f3670bb2efeef5c22cc84e38d5c24e8fa1a24cbad8255458f8320bdfc7	8d192130a9b824612030116d8dffc617d32c243b38860ce0cd60a2e92f71c2e6	03c4700f6e9f22d36fb13a82033017fba3fe6295dd81ad620c11bb98f155a080
211	102203	4143	73325	150354	90146073bab1c3d5c361162957eaab4722d678936c8c2bdb4ce14fd412fac3e0	cb31be6f7a58145ab73985c25cb87348861f0c6b6170d959ec1e27fd1a73b8d3	f98ff26a366defa5ed555a24a4724ed72abc449093a85ca91be357943c1b0c14
212	102321	4163	74025	146052	2d6f83bbc01cf8c2555c1bd52b009c8b1d90ec7176299121cd93e3516d8f745a	334f97f0881fdf21010412fd54cc3696560a73238823279b1f87de00689004af	58373d8aa70a0a00b97e9c06b9a68d7945172774ea6371dcffa08bf12904a3f7
213	102307	3290	58419	113629	86e0a28b9effe9eac7ea6bfedc6a0d0a3b8b74bf1f6b44d00d131bcf483766ea	425ee39eebe35f2969286c82310b76670ef4ccaa5230849cc2a2b2af8b9ed997	0b433430148d921309b74f6b9abd5204d396a39b75fb912cb514cd8f287e6444
214	102485	3702	65285	128943	3807dccba7d98545e131814ed36e24be6f3fe37456238b9d12da8e490becb25d	9dd6c50e9dde409be2c53f0d6e99588ee2cfb0455bfaea5037b09d74a362b50d	dbf48cd2606f10e60d9595aed0be3e3062030b0c31521d53f6d11eeb01432f22
215	102361	3693	65651	129281	5b5893010dc9a95b2fd42d1ac7779827edc4af274f243c6af8900de5d37c18c7	598140bab65ec0578f8943557305c3f10d7317960dbd1b0c47241ddd189f5c28	b2053592c94d1525fe77115ea0e646f9dd91c10edbff52972406f8f87f9db9c3
216	102034	4443	78210	164241	856b370a19c036000e85dd380a707f0271c8c2996b3027c78d7d85a17f9a775e	6fa13aa83cf3af087386479f276e0bdc957a393df7b95131c820097717019dec	5a1686a32e681096ffeae7ee0ecc3a530207eb4cf5d074eb2ed6ed65f59278db
217	102638	2955	51576	105782	81a99163076a79e76f3a8eb664842f38fc1eb33272a77318e5fd6a7af4941b47	3aa26277e61384afa6b6392b58faf91d02ce9d265d0bc66d107ebca3162b701d	1071835145917a23fc9d5fb7447c384500c23629e8b7a28968c73027beb6450f
218	102672	3320	57693	119292	68fa134402f55835a9b1079a4e324b13e89d8215199316639d68c9eb9e974d9f	e3033017aaeab2610491337f3b6ab613f98d0c455a1bc9b15858bfba49eea084	9f7c26730b1233bdc908ba92432682e4b0b3067d9411bf42cc519ef06f771022
219	102564	3198	55359	111863	5b3b665b11012887c97d4c8fa34b39711f5550270a9ab68b053e5156f8da79b8	9f3059518376bb262583e63691576872a9b85f557eacf9623eeaff31c4309acf	c7a17b15577938a6f0fd0ee2b10a616b010d35eb876459862a9c7c144b48e5d0
220	103152	4738	83712	183155	cecca778f7e8f0d2040db42d87cba2532f500548bd53007a3293bb881444839e	4d4872274070436bd6a81a6ce7a582c0d038121337031ac13934095cb0591e8e	7bd1b25e430854088a5e0068510f5b860a56c8c3cc3c2ea934f7f0acf11d7d2f
221	103012	4045	71790	146966	0c3caa7be821122a666714ddb4b32943a569741063f1ed745cac180684c12ad7	36b9060e5ed44ba293dc6336ae7980319762a53e9e0f5e9262333c6efee6ea23	9b15ba3e2cd54869599510a6ec38d993d81a6314fb48a137a5cea27285509acd
222	103009	4954	87253	192391	02138928d53278b1b36f190fe81366005caba887aad6618919407948ae0db74a	9b4779c931be8991404f2f144f621660c7bfb004ccaebf41363ee221adfca47e	3c04677f1c4c4010772c7bdced3ee01bae8af3123baa4a8f317aee36b784db5d
223	102869	4396	77444	159647	12bad3d61a6e2614a74cdf1acabdf32ea47ab054c07254d11477dd9381c8e987	d6baa514761fa3f0378e98e80a40621c26a25d1d5cf2c1bda7105f43ee308416	1604ddf65a521d5e95b7a1204146a7274f144f183e237b94c69663a51a085f0e
224	102864	3858	68195	145311	5bcc9b4f51be524a903080acfbc5c244d3ed4aa61b813fab99d1c1b384fa87bb	d1347cef0997240369b5758e8d52d1372a5d5c82942bda731aaec42bd742ca5b	9d90cb24272d59d7080b881e6c92e6fd3ce3f2db15ca35f3fbdeee9918d07e11
225	103043	4686	82986	182874	ba49b4c31989c99cc526e9b701b5276fd82bf616d60c31f7aa8049e4c6f5b1d4	89890ba1b243d897c92d927c0469da3b50c7eb8adf2801411d16dbf735da9523	a75afc4f834edbc58498df8a7f94e9656a660ab10f4e40176d6da7a0898f4707
226	103044	5435	95587	218094	01256e3283c91d21f42e9e9ef006a544c2d5d7c538a94ffaec11437142479c86	1f1be67ca8102be2cfd99a21e575fed62f401108d7235785317bd9ccace9d55b	465c401e9d632048a95883fb4aecad4aa670890f7ddaafd5e16f350e635a4842
227	102904	4676	82923	188054	c30cd4fc6145b68cf702768c7d3106943956da57d24ba9c147917546b5064dcb	6ad83797ef80a499831fc751d086804213bc9764fe4a1d4632c181c0cf6804a2	12521c6dbb6e4f5ac7bf10e887bff83601dfa3e81ca45cd20555a4df2416f35c
228	102831	4949	87217	192548	412bff2b1fc338a20248e320a76b39f236a956af8e5c62e38bb742e6dadeea43	5cb5371e8bdf092ec3af4417f60245034f2cad59e74ea27c9e2a74d1f67023c0	5431d16cca564e7cf25c1c6615825a35052d07fbc525b60e6678d60ed579d668
229	102461	3010	52435	106976	bf253ff3090c5c958bfb492e29a7c3bd87fe88de548075c3130eea4ad1aebe93	4f55781f3a49a2c6ebf0ec5c6cb6c50c1f943a880c80be901398b24008db13d1	8b94e5fc5864ce01fc33c11091fbd45f72d05d737519cc14477dd20e10f52eaf
230	102699	3053	53782	105711	d18dc7bdc87e63d8ff2faa5f38bb910d9594ae25527e35120e52191e10024d08	679e907c54f7471b91230e872b57f03069ae77794f5eda0f1f60ae6a9fce03a9	9631af3ea26cc00d299bf887ce70ebc8876be2a2addb164b440d7333a9c152e6
231	102670	4182	73623	155012	c81014d0ee6b383c070d169aa8e5d7a676c70ec0c0f152149ae983d35d1af284	4ae82a8449d80ea803817f670fb070334dfeccaa575fede5b7ba4f6d42723aa2	c1f679fccde7acd5d0ce07b3536e2c030975678ebe206a3a517856f53c33e84a
232	102405	3800	66532	136215	99d1bbae0a764a9ce997400417a5a0000cbcefb23d5911a8ffb2a2d0883bf7aa	5c4fc5b3ab888e4950b7cb8086fbcb486e8e6e8bca1080612d0cbb9f2277ae93	036b168c47a7006a808f2305b32c15e6bbbe76694b152e340da12e6d400f4f5b
233	102339	3930	69289	138334	97bc209cfda27726b982e872061dad5bb8ecf7518fdf17637fe72a5a0b2aa174	c596cae234fc62f94e6e1874efd8fb51f88140f4eb1894617d33957939ff62f3	d11ad4e0fd5e027dc7e4cbf604fd532888e372f84eae6b8cd94869d515893ddf
234	102247	3253	56859	118372	85d0f2e5e676ab68b958a33dc29696ad064cb6d6a91ec2566c4501f9fa9c9f86	6f02ec71e302ef67dce634644b991609ddbcc104e5387555c52dcf21ef754396	35e4e64074b8037dadcfd31a8f7ffc76a094d77f2e079241ef42531e9c418cd6
235	102367	4044	70837	145256	a39cc9b918a7937806c23ff2829786dc1facb42acd64ec068e21401be7a47ba9	5db7c0f5c7d726ad9b3427b5e5407178bcbdebbed0643cef4a71a8a41bc7cb47	e313bfa79fd57759fdfafc094e9de269fdc9a0e9341fc2513dbf2c3c57f783f7
236	102431	3448	60981	122437	377084a0d6c5bac1a5a4b8f82cfea080149535e3c8c0604d234f0061955b6f20	ad0ef13867def92d56da1a4183c042f1a9ec27aee15b75e43f103d3bbfc3b8e7	f1ae57c2b062621b2331b77e0ca79c66d0e5d7d3d71e2e1e2634b1d4f568c727
237	102534	4837	85667	182188	1fc45b3d813e4b33d7a0fc107f9be5c11fd9c8cc9c0dbf7b6a7f8b38ea9a3fa8	269982a487d4899cbe0d9c18d5a485c46353384dd6fe282d295da880d5eaec60	9d2ae2fc8a4b108b1a97464f401951cde6ffc56049c302a6c5aff794b37c6364
238	102469	4242	74861	153984	6b4357e4a03f2aed383ea797121821960778bcc8a85429d92debc756b883fc89	39f94c8fa7d599a905f0d60c99c915ff795961c49e24b1e4ca4c910c375bb140	3054ff978ba6a78d81368660aaec9ef3d061fe1e06b6cce7d00e191f14175d78
239	102642	4786	84948	170105	76a300337be468f8a6606b985af7c33c4d1ac1f99dfdb5cf50c1dfa157d4a009	fe811f177bd5dfdc018e59a37f393ccaee3663bf397fb4300ebb2b4f43ffd752	efa3964e0b7223ac80478d4b4dbecdb0deb02fc234319812593fb3f9989f9e18
240	102605	2792	48762	95330	3c5d26bb5b40b18e5f9efb5c418e06620bd38555541e75ab32af913224898595	c4e3a06c0cd95dd8f89b7be15158551b194719d0af2d022c2ac89ff5a6c09d24	8babb87556579a235373ebe821dccaa3dbf8ca42958deda076296adcfc47920c
241	102383	5048	88857	191916	e114031104de6ea796a566afb79b45b2668fbbc97fe79e89ca0ab1713d797e0e	e41ccd827908bec1f56b9843360316a2d475b43f8dfb990f48c18fde77d2c854	8ee21dbc01aed12f27ebc80ddefc7af0a20f4f33d90c6c2a0d27fe6e396da122
242	102291	4392	78360	169008	90007b78e8b487255d01b4d95caf5955ff832760e9ad00dab85e059f2ede703f	bc4f6818af830579df7d354c08b185e0e93cff65e0af202853889b47385abbb0	83d8d8fec63afd665a3092c57892e8eb01af88777a268c721dfdc2636927df3c
243	102621	3714	65124	133594	21b806d494632bcd48ae0cbd7dde381e414d48b25874977cfdea659f63e615e9	3a8b8a8b86eddba57fe67b74a3a418cb2f8b9d3bdcf7284fe6dda0c9d64a1c33	0b051ad9350c9d1289b50ffa25821c7f1c1e484a2cdf3dd51a0be9cbe746bfba
244	102556	4368	77686	164962	f0d252ef103a0c02e5e49602df1daf6c6a3cff84574b3c9ef619183ea49f80a3	c259822219b17a3ff0e52b7f202d227d648e5cfd17d17b5d71f80e9156a8890a	17038f78dfec2ed806da39194abefd10d9eb30e030047b58dace9a6175389408
245	102450	5335	94971	196467	b18ad69ff19f1d621b71f4fc6b91981ab0cff7ecaabd39e9c776f277e892eddf	36ee42f4ddee7aa613142a0a618001b7db3ac444d4f4e3f789d527188adda2fd	5ab075e08d189f2b1d4b6f847617e22ad68f2fae97623505e201b8bd980f7cbc
246	102397	4177	73890	159941	6fb8355e97b6a9b17a7781dd5fb1d2cb0b1a36f7a014b6ee06c0de8af725146d	47810e706379a25ea1a13da1dfbb054da0ab54b9085cfd3f4a9ec730eae725dc	9beb2f55e41146c53de5e169d748815f915b8707f1b146f5a537e79c25d474c5
247	102541	4004	70476	144881	9bf465a70a3319668e5abb538945ff1d675e96a84b9f7e7a1b3e7f902e455b0a	a478b2482a9d4254a39de3ff93845eacc7502818ed8ca36161eeaa90ec2db71e	df7ecf7e410ebde3fcba7d25f971a495c55f27e5aac5bb3f2e43edd7033d1844
248	102566	4778	84315	181298	dc6118e4b69979f3d11483364df12af7158dc6087feec046602b93288e1d061b	5b94d3cd92cacaab9ebf199473ef97ffe61e2ada7a4aabb28a1696d1a7e41e71	1d032512549a285e36950af902bf2bba441e2760648d88c0eafa75f0269d59c8
249	102672	3911	68706	141989	57ed8901d291715c9807de2f3fca2a9c4c277cef3b8063f9ee19b9a757fb7b9e	085c8e124b00ecc8835d2d221a14d001d9fda25951ce21288d1cac3b3f07ed5b	a9bc1cfeed2b850896c62637e262b59b3814ed3d8de581ce899a255c94b745bd
250	102646	4689	82721	177694	77ad9839c891faa3cea389ebc5f0c3373c936e3199a87533856c3b2a516bb978	1734a816051cf1a9fdf66e1e13269ef36755761b17207fce5a439442746b9091	ec63a80eb8aa9daf1279055aa1b851238725b59c812503d2f99edb052cb0df11
251	102804	3984	70431	140035	f0829d9f7e7932d766ec35305d48a7f8e4d5eee8778f9f44c8c08b72bbb087b3	f3f2634ab7e1f95441837169e83f8ec6ee1c8fe3196876c71faad18903925025	ff641db12524a80e52274c30f181179305f80b6e6cd9cff5b8c7b77b20a80030
252	102806	4434	78402	166673	9db37e086991c331422b574d652711b1941950660dce62d3a7136aa1c82dbcae	79a8ca9ab4bb2f7b24c48de641f8c00ffd04cea1cb715dc70bc4a6ac73b5d506	bbf728efa0ee2bd4e741a2abb7c9d1aa5bd7757cc250bba35e4b6c284f8f4b24
253	103223	3619	63589	129180	38238015c153e8f803d3a77abb4712377d8d9a2fe37df7a1c3c5b2b9b3e430be	9559017b115945172430e6c3b694139ec9a77b7fb34bce92fa6af01feebc6fa3	3a356fa8774f0dbd531f5ecb55d222ecba838772c2761b36cabf6aaaaea4ef0e
254	103531	4967	87386	195511	a01c78d0f197018fad2abc2b2d46e4cea2bd1871e895fd985aa4f7c5a1a84d62	ee72083c8bc020e0b4c0cccf14757205758fef8f4e6ea18b3170091bc32b6e6a	1dcbbe20559e709fff6044b9e78bb9706229ad68e41a0c1cd5d71bdead7179e7
255	103742	3449	61106	126634	93ca1d936c1c20bded23636b0afc793a48e883091c432c75261fee9c8ad23adc	72620b9340c8dfe196f12a373c2e447b474f2d051cf397f648a73cb62421bfae	e54a5dc76ecf62b54ac2c7a672bca82d626bfe3cb776a572721d086bd03652bd
256	103769	3443	60634	130326	9dd05078cb60254e402eae76402f36e4bdf5a92b2831c3af543de5b199a58f3c	99149900306e892662e583af7263b2f765548cbbdd3a06811d5c7e4ef5bdad3b	b21340f065659d2bb358377b9f0866c40d60e8f6bcea744d05462ae41e2fbffb
257	102841	4427	78837	165690	0f3a2e48e9d8044f9efa87618ed6138817e9544f343b54131ab3bb91d92ce2a5	7d6cb85f7c18c6193ade22efdf23470451d9981765034acbe9384537eaceb1e8	fd5dfab7571caa64059bb2c9af595f8cf9468441548bdc15341764543a8556bf
258	102866	5139	91149	204635	4c63385aeefd7defe444b3a43819f0567b51c4e079350b2432be781157fbe0d1	b4bf748b58e22a7108045c9c95d1208629b7f25d72464ee42be0a86d0ee1e994	f42b447a0bc96eecca1b8e988593b9eacb94c7845862d78b1856e16bb3541bc5
259	103497	4956	86870	196761	6afc953f55b6728dd0b42df765b1cb9d4a98dc537b015b3170642000b8d6d89c	c41a3e510dfae5529dd827726fddc8fe226b708df1b0bfcdda6846ae44a84156	e64f34a7bcdb569aee2c030b55d905184f5fc52dbae57ee1409ed7ca7b3c1c23
260	103259	5038	89732	206300	e90280f6cff85086b66d7f63f5e59d1bfa1f868d93863d2599ab237f6ac69b86	f70eca7bc450ff39b0071ef95a2a3c39d393137f9774efcaafd682172de8eaed	c07bd2ad25d64d4a71adea73563ca85f14b245a6d34c9ed33a8781d96d7e2981
261	103209	4353	76820	163217	8647cb31802f9400c6b173c4d50c7de1efa88f2b5005e790891646c3d2b85932	ba8cd479c8010b6c23bec0fb6bde13241803d76a74735e9ae5108350cb0dc065	0a778b67fe3a697c7b25858bf2b8b365d20ca81165b686d33002bed7cbe1402f
262	103372	3865	67523	148466	9a437f5a1b102fa4b3089935d5f5176ccaf57c82f7867371b56cd2b618641cca	52fc9ec6de2c2e9f0847bb7b2cb050dade286f9151cf17cab3a939eb8a40f152	7d40dbc9e2519f96439b745a5b57817af9ffab7d9f1f3cc1fb4fa933c35b2b18
263	103332	3025	53958	117404	347074d1a7d9b910afc360a1871ce2925f7fe3352fc79ce4f58b5214b73b5089	d13a19e8b962e4c780593bb6f7d4854a29352a041528409466d031a77d2420d2	c6ad708693d34f76870c8489dcf987cbe6456d59d738f1eefa6dd99859ccecca
264	103094	4292	75600	164226	0344a72297f88de6c0649c51cbf16e973a7d2f1b8f41dc83f9d240db9d58255d	09de1db804ffce35b96585f98f06a26a3aa83563dca6ec7497eb5033935ebc16	ef77263d7c06c7ce54b52e06384eeecf35a0a486be869470b265840236e83e4e
265	103103	4126	72683	159757	812ebca9e6f355b6ee820bd2d53f410d0dd283e7b1140dd32cbfc23e26653c10	194641a9ca4a196b353522eb8e449a0884dd155b95ef330da39ff932a77d93e4	76f499d261d7522043279eb20c6acc3eda2b5b06525eeac8c4c71b9bb47dd535
266	103266	4534	79505	170050	ffe46180f401d20bfc422dd34fb7f549d07ac6612cd3d7164c6e787681cbda61	3ac31f06946fa801aa782855d4652971c8ecd8e9157b3286162a678f8621ce67	dbf61436489ab63c077605dc8d607ca57c2f915138568523fb7628b739ccd0ce
267	103223	4558	80473	176232	a70e36cd788201ce627bb940b173ba83026ffe6fdb88f8b835eea7f06595551f	53813af615eb60a14a72d610184a784735518a0cd3bfe6c363cf444b3b3ade73	5a23d1cac60735110603e6e3cf7645acee87ee0830e33bd39b3008314e46c692
268	103625	4861	85573	187085	afe58851453d6edc1efdddbb80a3a58c474ad4513f75b4ff35d9ca1b83530ed6	4547cf6ae86975e0b5439fc45f9d98b0afa015e2a6e90672be5bac71a688629f	e8a5ab96763667e2593543b75f7ab6202cfbe6b586018543c0edda44285fb069
269	103362	4567	80223	169944	c66d37c4cc69b86824c414cff150d15fa595ee62f13b15a4d7d6822ed0b8dfab	16f3d3165ac311e60db19aca4327da913fb64305e91fa3418773e9ad8e5ba72b	45dfb5c3aa01e674042c96cea7cec60e922418b411461a9e2e66665e9ad5c708
270	103361	4058	70331	147359	4c360886dbce1919a1b570e7f5c72289e858027fd576d9d2e1c06a8bade34704	b8ab56048dea2bfde4ed7ac61aabba5d4ad6e46fd0050ca1f4199e61dec50f92	6647624989d008bb8fbd4a8e6f02821eaa9e23f9c97a2bf9d2dcac7f0168f84a
271	103623	3731	65545	136927	156f999f2fcd1c14ee174930f8bd797ce28312d2c7a3685985ec5d036ee02c94	fd0878f0604c94a82602e2bfd2bacae78f8d73e39d9c7abc2754fcf89e18b062	5b2154d6faca32a9e63ee895a009c937175b984f7861d8867d28f1ffd897345f
272	103761	5504	97638	228759	28e09d3e7b95769ceb20da32fbbb6f92808e12f3c267af87135fdfa45fbe33f6	ee30cd5815af9d997ef36420a6fea0567725a019ae022d21ed7ee2db2e2f6a03	0a978af7874a8d9a2fc684d83d8cbc693a73ccb8645d8d71b1c5e0aa4d41aae4
273	103519	4430	77738	161118	f93a03ece3b8fa9c12d9d58c218c00463680984471a62c8d2047cf36893c3a72	2ec3f5cbfbbbeca9149272cf1fa396b15847288380a0a827503b4b2e338b15d7	eabce945c7bbeefb56adb96f8d7489741fd15f9d0f835135b3cdcaa0ce92d776
274	103591	4074	71364	153781	cdd75e5a7b2c532d13c1ece74e8b9aa51a0aa08f0f16b064fc0d0c1fd74b0dbc	89d98b2f2d3f962877d97ef46677713ab224ae9a54a359ec833482890877e903	43a0123b0d932766e4a924e07439687d5954cef18b8fe26ab900ad1e7268c4e8
275	103256	4665	82459	176380	f72681946a08e5b35ac0ab7744062475b8882379577735c552b3a01b8e1a8b22	b7749a6971699f2cf78cee12ff1dd74e8af6f7d8e009592c058c9a9347f6c084	8654dd65824e38e1584f584c05be21c1e1ea217b039c0eee61c656396ce8221e
276	103328	5443	96696	217587	0889a4d02b98d8323bb7bdafc1b70ca0f21e823d30dbb304c26cd42fe96810cd	98fd81aeefbe9d4a58ccc2467cb564e2461b9283ecb0ba29af47789bee744c7b	43f8b96f40bfa2f10c88898a94340cd15c9a0f576443e1f9ed6b67e7a5d1afb0
277	103361	5254	93466	203922	67dec735d95de4ef87703abdbf90511f4ef5be4f1d98619898d7181731a73857	272b61f86e5d86152d386ddce138289cd5ab387066456114b667e978dd629eb3	93e184c9d57dba138f65de802e84006dacb42b3267e9f24a9fbae416b1bcc4bf
278	103754	4132	72188	157375	1c8ed87dc3f70fea153d60fd07deaa2c733911638fb90faf909951b396fb1838	6746148d89f51a794b5d836b483ece1c3b94bfb8ac1319f52576d21ebb59ad1b	d25b8b5f236c8d21b849350eb16ac4d2e908f84148a736a8e357e49658441744
279	103651	4435	77913	169172	e7c8fe13cab23b675a0818ee3ea1a82a9a4047649f670ae8889dd65612066ad1	911d5960827ddc1e259912449f85fb7a17d6813998dbff6aa23dd6adb8b1091c	d2395cb583350357a435a47cdf4b8d122821cd5202ed4e278a8d82b491017882
280	103255	4536	79252	171596	226987fb4fd6b214b7a4982228152d30d79f8386a8264653b0f67a76e95aa93d	ed41dda0f82924c503c8d4f1fc83ef78e23aa97ecdf1b91d3c6513bf4a051ac3	523a313a6b835c4cd5bfdccddccb7cce2883f46369d3edbede64c122171c53bc
281	103366	5037	89126	187383	781241b5339d7a38edfaa70b2b785424bfcde3a294aa8426c8a8d57245b22f33	9ed1723b5d817826a074f89a108cea27bdb05530ed1daf5669deadc4a83e22b2	5e169e2eadd024896a40d1f6d8c5d793e3da3cea61e2953f5bec22daad15a36f
282	103472	4691	82868	172017	68c640ed2745fc6827196ae63b0be458079e654d3f91f36c95542476f048ff30	505daaf97472b6e6d2fa069b38c95c531637790322eb406f7a3a57ac95f80829	2965b8c31af9722e78f8fd5b73cfb6e341392f1a40f2d06c9e66a2f26b594ee3
283	103212	4510	79811	172736	b047c7aec0e1f55dc11ea87ac62188fa058dfbd2cf4af17a9973fd663cf08320	79e2aa72fc44ab459be87a6f0754914cd9bab8bd91ede13cf289411fa8a6f8ee	4d3202d53be1eb197a2e0b0d510daf3044828aaaf110122526ae3605b3e93258
284	103252	3994	70389	142854	9da65998b78baf6a147561f997f24b129eceeb3074c847db1a03937dc87ffd01	e5721ab2ad38ef41829312af681757926f609c871dd7f77df464ccb12e34581e	3131ded219c0e14b20efb4239ff66089eca757426ca45dc842d5b17b57d99fdc
285	103473	3535	63056	134417	09a17fdf2e3dc59f996100684576c815f64d7d392ff0d57fca80305e9da68667	66679fde47f1a74fc2ab13e55db3bc7eb21ce0460bca19762c9efa869e7142bb	441229c7a463121a79ddad9af941d67461c7fdc5fe7700115164cc736058d5d5
286	102435	4656	82355	177489	c9051b40ebac313c7e38e5c93efd700647a1671f08468a356e0f0cc727b471bf	9bda6745f07dca91bfdde603a7c078d05a586abdd18488f49e7f31b14b3eaf57	132ae93383a0af97e51e89290cc531e5e340c835b6fe5913e2472adf5aab1037
287	102678	2972	51336	100924	2c6f005fecb16a639604812b943aefd44dd7143cd31e87751dcff7710d2d4597	19cd7178d2138b9253b0629ff16bc22b2b30a73aa605eb7a98ff4a1d23029b97	72d25d269fa6bb4859ebefbc37484aec4967bade9b81bdfc109d65e8c02974f2
288	103344	4280	74471	161086	e9b206c03d32c94a8be6e98e1dbe0d97e773dbbc3659a01a4526b0552251945f	3c397e4cd52102e281e75eda666934a0c16abcb2ae1a209065442a40692bbf1f	0a9cdca7c128000abccc63cbe8df0102f1ef29a3cd8969664c8088fe333c75f5
289	103658	3893	69259	144517	c495df5c225c01ab091bbe7969719b985d353009d12a588fa0f37a78e36bfdc6	62eeec0af399e246a96e054057b3b462d4eb386f31f90d5c8f0c8a84941521bb	3744bd0f2cee221b67ca0c615f89501c590a51fd8ccb4ac21af659f8e6cd0932
290	103364	3563	62708	133548	29e4eba4dbc2c76ed391b622ec30a8e3504488679e69d7ce65ba993ad9b5be3a	a061c140d1434c7e3c45b3321039aff4ee25a9bbb4d166956fb94b6431661c50	6ed2f7e03c359dfb4bece9bf6717d13cdc42463aede97398ba3857a264bee43e
291	103288	4321	75912	163736	c7d29c736477b54a7be1e9bad2bb2415831c00e214fac7884165cb7544a99242	339076ca226a7733fd97c30420d70783a15ac9fcf7fe044eedf307e18ecd5dcb	ff6a46db738264b71064f2f00b474b6289eb447f45878b273eb5eeeb54571863
292	103734	3526	62305	130707	7cdc30147e19017ebae0731cf79e444eabf81aae221c434839df8c4b53548eba	2c557bbbcf57ce80d9759f609760c6b552d13c1732634b0f3c32be8438150240	4d55cd828eb5510b079e31acb349b979c26e85c1c1f5eea08c7d0cbc93660396
293	103389	5223	92876	210844	7a7896fc50b48c74bb9f809d4bfa14fba240bfa6baaeac23141c29411599a197	24869522bed505ff040a812d6c2060ceb1536bab0b7b3ff10096e14d733f97ca	853a1cf983354003762e09c86ce382e6c1428e5f658db5a2793ef2f55730b86b
294	103512	3885	67401	147855	93a9e0dee289f426f087ca8b1058b6a22fc01124c0bc0985628c591d435cab30	c9addac6bb54defb71a4f65fea8b6989868f06d21cf7845bd533329ce8ab3539	d0d0daec48f923f6dab382d02228d31bf882086db45853a743b04fc9974b27a2
295	102638	4337	77094	159259	36c82b6ae057b502ba9c713dfaf1e0bc0fef3fae4176db5440415074ffffdb2d	a5d4a38cf141c21d1dd0a3b8863f4a69c56d1a095d7efef95f09d442ece6fc13	4ae7fcc44397a915527d9176bbb1339cba190f707f375eff95b4321d4a506318
296	102589	5177	92336	194779	175f8718cdde9e5442e2f08cbc325c44a84794ff3aa3c16a8ddff55fb7919038	5759d44860c356ceeac4649b802a75f03402d540adb31ab14032ff661eee4561	3667a5aacd16cf197569849f16e76ee60b5010af7cad3093787bde5a5f070779
297	102750	4415	78373	165569	a0cc0dab85afe6ab866e76f33fb4cf39d215d6fad935462589b0f0dbb70f14a5	1595f982e550afd825b437ea80338efd5eebeccdb8bc0f1fc018131f4c3255de	8c804b572d0639fe94028855bf37c39b063a7610f23efb8e053c77e687712561
298	102729	5138	91896	209991	ed18a132d24f4bb9f1d072009a0876d71d0e153dbf4131623070a4a13de8c1c2	fb05e9c8899ce552c2021d50cc8e85540f7b14aca90c83823da3beff7690fab2	bd83c94eda4f71b75b33eb19128d1c526171478fbb4e9c387ac4eec7b0abb6a4
299	102527	4090	72289	153323	d89da74f9de1109984ed3b080d04620c03a174a0eca0ab8685619263987d0581	533a0236d67592e3bd0ee78c113fc50941d057b796ddab6a79d8339ff0d25e7d	08e7cea8a5fe0d4f9ccfd6a8926f7dfa8c167e0708d46b8c70d83aa432854c29
300	102439	3536	62572	131716	ab07860ca5fa4c501ebe606617d35bd76db20869009982247e7a316ff6bb65cb	d497910f11dc75133d69fe3d6c5570f9f9e5363b09a7432f1cd6d938ce60c6e4	dd1b60af4b06d91f84d1cae0e542815d52b79d9a674d8103f43b7468d0bdfab0
301	102555	4360	76780	165620	74825cc476cbe3b7a0c74dfd8b2d79f935cfab840c9f97238e99c8d8c2f47ce4	14071442fd4068f348bbd58eff4fe923986f8fcd1d6ce867e97ec5e096138666	f55b31264a5c0b848523df0d0a6a2439d6f1415d74cc33f55df5e7da2ee14c8f
302	102615	4914	86641	187942	778576f0e1f8d903bcc748341237d47010c273875f2ace54cf6c1fd779bb4ebb	549976dc67d9de70824b4a60ee02b5012d49964369af8ce65004bb1f4e90d78c	b7509d60542bcdbc4cdf0d3b8050df2eaebcfb0c7cae9c1690382813a03a56b0
303	102567	4059	71422	149340	86f1190e4b8c9ed44406e90008bfa3242f16a54b0714fea2b925816504ed891f	6bc89ad0eccc1f361e17cb8204e7af33a43fa2cefc01b8cb900a32df39047a78	68386e7cd3b82e8b6f0948c5c5156f77f1da729aa9de171e777b0f339fa6ea06
304	102479	4726	83281	181547	19772ebd29ce04e42090007e6f2842f1c6cade89d432b48b47a892d5086b3a0c	6223698ef5e66e44034d13597fbfd151dc8869b247319867cf78a2ee6f9ac43b	51738c15596351bb6f01753484d09c4428e48ab34991ac7a40f07dcb6c7636f6
305	103155	4870	86377	186392	0ba66702074d3fb02e414c366fd2b6d722e1186c47c320978de9d771ff3c1a01	78462e8699672f66f8bb50ec0a9d99b49289603a89305b751d2c58a02735df83	9eef74d6addf173b410524e7692806de00769ad22c22f1bc417c32db9cffcca2
306	102868	3555	62439	138685	4f4be709770a7e7b8f82ce7d6eb0fba0683214a94feed35233bea432301a6697	2ad1f9c2cfa3934e529168721e7ce2d5dfb7cbf5acbc801496ae88b65d8ac57a	0951c0c5f277fccd2e6d4a5bb1f22513d45423d5f66614b9986418e5a2253a67
307	102968	3411	60063	124399	3adba78d16d068bfe9894fb298481f4bcf380e7f695b08667317112c02a2c517	9727a5785f6cdbf203509194536ba4122836acaf5b259acc98e5f44ad38bab2c	a76f65ccfc2cd4052aabd9036f9d0a2cb751d9d5827fcf3debfbb78e32897c91
308	103024	3572	62231	134694	1836f4d7f14b56898ebc973e6229467dc7e2b38100a90ab72b1dd0420406ae46	48a1ec196e4462fc0350ca13c8f6255d284deb5b9d360a7e4c736e7cff6bbefc	37d3922696ef83aa3f786d5ae9bef5e69083605067c72ee8504a426a5bbab44e
309	102952	3406	59554	119722	a8d30273bac180762f4baf9928b64d40a9026203e03ca9ca5320d66755483353	66cfa0b4839dbeaaed631b38fd771d15794770452bef7b9fff1c43d69ad70ad6	7409c779e0adbf1beed96663133d771c509d809e0bdcdc68e9eba0eb5b4cf71b
310	103063	3340	59342	117005	cce391b670ee9d9c6121682dea166a5e923008cdb323ecc7d5ad2766a84e44bc	fe9216e968a5b283b32eb1dd2639ff6a90c601a0295f1abae37b85200c40d977	b9b13faf8289ece2180458d2a4b2f146f57c8f4f222111cd3cf7cfd9e7ace08b
311	103136	4290	76487	155188	c540dc7c47a8643adde7179effb1c01c5d1ba7cbe744b3e543201c4e9cdd301b	e8ed038a933c8603836813772a67909d217014f93d117f8e24e57a85f6abbea2	33c13b7d3da9983b69b9f9a8c72ada5267bc38a42763dbe4622d20ff1f58726c
312	103208	4115	72515	156594	c4368ffcbb8077e320a95b7bda49132fc919fd2b11f870ecec32a897b92eb3b1	3970fde046871c928bfc41d0fe7b521a1464143e7edacc711e01496f3000050b	dec81d18941b3cced75c6883a1825c4f15dc10ff4158bd9379b2393d8c72e0b0
313	103163	4946	87710	198430	8b4d674ddd095002fe1923e88717b85096f940073067622d689f2ff01b08eb1c	883bb8f6fa438fa0d40179212fc095f62aed43255a8b6fb3018067118c4c97cd	d8ec70b13a76dcd1b2f7134d5a0dce9957566b682eda6f334a0664fa9316c71b
314	102860	3292	57755	111102	c1846f6b779ea0638b98aed166386c57370d92c0b3bf2fc12b8b5fbcb2b2bbdf	c3b69afc0a5d0fcc14a965adb1565be9000f2234175caebf5440ccc6088fa3fe	b4b48367d4079f7bca4495e2cfbfecc336faf77aadcd840a475aad11af8dbd94
315	102960	4596	80530	174742	a081818d2e9001df21b3ce7be4dfdb832eb0921cb5a3848e7bf0011d7d6efbab	c9f7dbefde53b800685338ab3e42612e0c8502d5816a9ca99a85f0cc7efd01bb	c68479e3226bdd03b20479b7f6d5fea6c3783ad3c1eadbffb53fe4bfeb99f8e4
316	103098	4148	72916	162231	95024967a7de5ae056ba0bc43a0969fa00ad1379b1b1e0ec3f1ab86c489bb2c7	c6e515f0a3f3883f0559882707eff9cf7f01ba788779ecc5c85028a3c2cfce97	4589e8e3314cc2e451a55d11bad644af88082ab02912e9eaab2c58bf7c905241
317	103171	4118	72371	159605	8e82f1999bf8f28fcbaf654c912b25cc51456f4e5d8825c90e21e1cdf3a96002	8422d18ed23b75e52943ae4d086a7d15078179c30f5519f950ae758a2d6d23f2	4117bf58b3c8b1091d71c30cf8a1bc1cd337b8a22318608e1dd0d9deb07a7d19
318	103002	4578	81200	174261	75a3c33206e9c76f7ee9b9d7d65934a3fadcba2f5444a7a24491858a8d295eb0	ef29485a3d3242f5902f7b7b9f29c54761efc649c7c7ec350b1e873d1146cc81	df6a3f6fe96b59c1f4c15a45cfce50fb7f82543c9c47e528f9c2ed25d101914e
319	103063	4850	85774	182831	a747a04f9df5c456bffcc590b003627016fa9c1a662afcc2ba5233491408d6c5	2abb14c5dc85d8aa5c24a19b32789318de3d0803b43ea4c7515ddf915a662e16	948d8d287b74e144643f7903dfa0a7823b9bdfa0d6aa2e86a76a902728d42c03
320	103143	3416	59694	128651	08fab365e9f4e0b776364eb23f0d200dc45484f96a67381a95fbc28e166733ca	555d20dc54081f8144ad0d4490e77e7449d1628e0938eb41871adb4bcd000a93	a790776872aa0868ca8c8c4c68b8e6bfc97ea2c354091234c37fe8f72151956c
321	103110	3365	59014	121761	3068a3f48a49770d0a694295f2c974bcce493a38c743873ddde6741f990afa39	0ee52f63e553030d3bded577d700a9dc9fcda6cddc96a7fd70b67ae7265b51a6	f9ec2ddd9b3720e7b62cbea37b9f18361653aac3fda4ed97641450fbf090a68b
322	103224	4809	84997	183553	ea3dd5c019e7a89f15d90a4eadbfe3f2f38e8a0dd1de47dbafd28c7c510976bf	a577fe2bd155568dbdb83e1b7864b77b93d663861d4720244c9ec1f6ad9de367	6593e10ab5c48511788aab13e8df53c7303432775f329edcb90c84277dfcbb11
323	103258	3849	67774	144841	86adbd0f719bde371e4ae9149df037bf20795d773fac5d1a32cf8511d7f09e49	1b88d9a66238ad6adddc4aaa80dc61c901d0566cff64932be75003a0e0a86d61	ee3c5b44e83720ccee69c6f0b970a0ce3e51255a6250f8de6a7493f4d3828d39
324	103354	4345	76087	165171	7ae7d4d8aae48610ab87ff60d6b9f30a5bcb315384af5d570d4f238a502cdc35	86d6e9fc56883ed322a510b8a037ced9ee5b7b96a7cb1ebc0fc2d76d6d156237	b85e0d1a725b38a3023532323755ed5726b9ae5e7185fbd6205727ae193524df
325	103348	3712	64848	135276	bdca6e5ae2d3b17b70ba11a5f282b0cd81a04e6278c2fd495c37154b7b253c5a	59883a396b64e3802f1d129455b84050aba576f0935f12db2e5e86b4988ab6b3	c82037b5874bf257e30856ebd979e349a1169bd063a8380bec884ed99891c128
326	103619	3324	58303	116492	943f710a6d4bbae91385a6ea74b950862dac4f525dddf3fb56ef0d37a2d65ad7	0ebdc9b3a4a7bcdf6c6e14bb5ca75ccc70586309c7b01ed22868c238f44f7f8e	84f4910c178438a0201931bd1e3e43124184ac080c527db2572b8956ec9d4edf
327	103356	4398	77615	167956	0b97fdafc3be28a03152460464b87299083336d5e5192545a891c15e6ac59ab2	47139cbe279ee68375179e08785086b5400d42e5248aa58b3f613b47f83c356e	0df7d9aadf80236542b7a9abb5030b0580991082398b614d6afaced1f4de1bcc
