core,restart,seed,initial,best,best_step,steps_done,bits
92,0,112261182,2870,186,19134,25000,00010011001100110111001101001000110111110110010101001110011001111010111000110110110001010001001010010001101110000110010011100110110011010110000110010101111010111010001111100011000110111001010111011111011100100110001100110100110101010011100011000000001111000011100011001001101010110101001010101101100000101101101010101101
92,1,112261183,4361,185,6380,25000,00010011010101001001110101011000110101011010101110101101111001001110110100110110001001101000010101001111001110000101110010010010001100110101110001001100101101010110001111111001101100011101001011001101011111000101000101101000011101110101101101000001111100100010001111000101100110100101010001101100011001110001000111001111
92,2,112261184,2346,183,15402,25000,00010011010111000111011010101000110101111001101010111001111010111010111000101010101001000100101110110010000100111101011010010110011011011110010010100101101000111010001111110010001101110101010111100111101110101100101011010100101111000110110010000001100110010100101100101101001100000101111000010111011000110001100110110001
92,3,112261185,2587,175,18339,25000,00010011001101110001111011010100110101110010110101001111111000111011000111010110110001110000100100100100101100101100100101010001001110000100111011011110001100101101110111110111011111001101011110110111001010110100001001101000001110100100101111000000101011010011001100011010110010011011000010111100001000110011000101010011
97,0,117261197,2999,194,20704,25000,00010011000100101101110001101101100100111000101100111111011010011001001110010010110011101001001100110011101111001011001101100110101100101101110100110001010001101101010111100111111111110011000111101010111100000111000100101010010010010101101011010000011100001010011110001110101010000101110101110000110111001100000001110101
97,1,117261198,3266,182,12259,25000,00010011010110110100100111010101100110101101110111001010111010101001101000110001000110101011010011010001111001101010010011100111010010000110100111000101110101011010111100001111011110010101011101011011100101010101011011010101010011000010101010110001100110001110001110100010110100011111001001101011100000011011010100011011
97,2,117261199,1535,189,4362,25000,00010011011001010011011100101101100110000101111011010011011001010101110001110100110111010001101110110000111110110001010000101110110110001001001110101010000100110111011001111111010101001111111011100000110000001100001111000101010100010000011001101001001011100011110111001000101101000111101011001010100101101011010101100100
97,3,117261200,1513,184,5712,25000,00010011000111010110111010111001100110001111010010011010011000100100110100111011010101001110010101110111110010101101010010000110001001100110010110010111001101001100110101011100100010110101111111110001110110100101000101101010111101000000101111000111000110001011010011000111000101001110010111000001111010001110001010011001
118,0,138261260,5343,171,20259,25000,00011011000111001110110000110101101101011001001110101001110011011000101010110110100100111001010100101000110111001001110100110110001101011111001101000111001001001101101011111100101111111100010010100111100001111001001000011010001110100001110111001101101100100111000101101100100100100100111000010111010101001011010000110101
118,1,138261261,2254,172,11588,25000,00011011011000101010101010110101101101010100101101001101010010010110111010001110001111101001010010001111011100101101010011010011001001001111000111010010110101101110010111101001000110110010001111011101111101110101001101001000011110110101001110101100000111101000011011000100011000101100101001110101001001011001001000111110
118,2,138261262,2527,176,10772,25000,00011011011010110010110100110101101111001000110101111011110011000101111001110010010111010010000110001101000111010000101001010100110101010010111101101010010000100101100111111101100111001001011110110010010011011000000010111010101011000000111111100001101010010010110100011011100100111110010001110001011000101110010001100111
118,3,138261263,2156,159,13699,25000,00011011011000101010100101110101101110010110011001100111010010110101010111010101101001010110000101101100101111011111010010010101010011001001001110110000101011010000110011011101111111010111010111011001110001101010000101110100001001010000111101110011111000001101100010100101010101001010100010001110100000110111000110011110
119,0,139261263,2561,166,4820,25000,00011011010010111010011001101001101101100110110010010101010110010101111000100111001001010001000111110100100101111010110101110010111000110011000100111100111010010010011011011111001000101100100001100010001001011101000101011100001011100010100110100111100101001011110111100101001101001110111100110110011000111000101010111100
119,1,139261264,2736,184,16621,25000,00011011001010001110101110010001101111101101000101000101010110100111001000110010001000110010111010011010101101010011011000011101110101101111011101110011011010101100110111000111000111101110101111011111011011101111100101001001111001100110001011000010101010010010101010010001101101010100110100011010011000101011010000100101
119,2,139261265,2319,162,15512,25000,00011011011010101110111011001001101101100101100110011111010101110001010101001010001101000101001010110010010001010010101010111001111010000101001111101100101101111001011111110110110110011001011011011111101001101100001100110011001110000101100110100011110010000010100010001010110000110001111001101101011000101100101101000101
119,3,139261266,3391,178,23239,25000,00011011001110011001010111001101101111011010111010110101010100110000110011001100110001100110000110000101001101110010011011000111101001010110010101101011100100110111100001111101111011011101011110011101111111010100001111010000011101010101100110110011101001000000011111100010010000111001000001001011101010101010000110110011
124,0,144261278,1956,182,14086,25000,00011011011001111000101110111001110100101011011010011011011001010001001010111101101110101001001010010011110101101001001011010111010001001110010011000100101001111001111111001111111101010011010010011111111001000001101011000100000011010101110010010010111010000100100110010110101000011011111010001011110000111011000110011101
124,1,144261279,5116,189,20955,25000,00011011000100100110101100111101110100111010110011101100111000100110000110100101000110100101010000110000110011011001100110101110010010100110101111111010111001011011011011000101101111111111111001111100101010111011011100001111010000100000101010100100101111000001100110011110100000101110100000110110101101100101010001101100
124,2,144261280,3537,176,4779,25000,00011011001110110000111001000101110110001110101010001101111000110010000100110001001011010011001010001110011001010010111101011111101101110011010111111111010001010001011111111111011100011011110100011100100111111000000101100100000110111110100001010001011110001110010010110001110000011010001000001010111100110010100101110110
124,3,144261281,4648,184,12695,25000,00011011001111011011101001010101110110101110000101111000111010011000110010001010001101001100110001000110001010011110100101001001110011011010011011001111001110101110000101010011111111000110111011001010100110011100011001111000011100010010011111000110101001010011110101110100001110000110011000011001010101001110100111010110
155,0,175261371,3662,187,4788,25000,10010011010110110111010100111000110111010011011001001101011001010100101010110100101101010101110001000110100100110100101011001110101010100101011101110010011111010001000101100000110101111011011101111111110010001001001011011001111100100110110110000001000111000110010011000001111000110010101010001110011010000111101001100111
155,1,175261372,2090,193,3009,25000,10010011011101101111011001111000110111011010111001001101011010001110000100101111010000111011001010000100110001111010011110001010001010101011101101000100101101101101000001111011010111100101111110001110111111111001101000111001001011100100110111000001110101001101100110100011100100011001001000010101101000010101000110011100
155,2,175261373,2824,174,21805,25000,10010011010001111010011010111000110111001010101101010111011001101100110011010110000100111001100101010001001000110110011101101010001101010110010001011100101010010100100011111101010110000010000111111000111111011001001011100001111001100110010111100010011101001111110000101100001110000101110000001110100000111010110101010011
155,3,175261374,2279,176,17308,25000,10010011001101110101011010111000110100101101001100110110011001100101010110010110110000001001011001111001000110111110001011001010111111010110101011011100111010000100110011100011011010111000111101111101101110111101101001010000010111100101000110101001100101100011000110010011001011011010000010011110010001011011000110010001
164,0,184261398,2209,172,20230,25000,10010011010010011010111000111001101001100111001010011011011010001100101001000111011000101001110110110111111010111101001000111110101101000110101111100111110001000100110011111111110110011011011111011001011110011101001100100001010101000010111001101001011010001100101100000010101011100101001000011010011001000011101000100111
164,1,184261399,4415,171,7946,25000,10010011011011110010001111001101101011001110001101111010011000110101110000111010001010101111011001000100111010110011110010000110010111101100110001100110011101001010011100110011011111011111001111110101111100011010101010101010111100000010010100100110010100000110011010000010011101000011101010010001100010111101000001110011
164,2,184261400,5269,186,6459,25000,10010011001101000110111011001101101001111000101011001110011000110111001011011001111001001011001010001010000111110101001011101010000101111011000110111110000101010010110111111111110100000101011001001111010101111000000011110001000110110100111101001011110001000010011011101000001100011101010100001101011011011000000101100111
164,3,184261401,2772,170,2653,25000,10010011010111001101110101000101101010110101101110110111011001011101010010001010110010010100101101110100111101001001110001100101010010001010010010011110110111100110010011010110011010110010111111111110101011101110101011100001011010110011100001110000111001000010101110001000110100000101110001101100100000111000101001011010
168,0,188261410,3062,183,4430,25000,10010011001001001010111011010101111010110110011010000110111001001001001000101110110001101110000110101111111001100001101001010010100100111101011010110111001011101010001110111110101001011101100011110101110111011000101011001001011011101100110000011001101101100010100110100011010110100001101000000111100011111010000010100111
168,1,188261411,1567,169,23332,25000,10010011001110011001101011000101111011010011010010100100111001000111001110001111001101010000101100111010101001000101010001101110100101111010000100101101111010110101110110110100011011110010011110011111111101011000101101010010111000011110101001000011001110001011100001001001100101000111100110000001110010110010101000111011
168,2,188261412,2209,174,7065,25000,10010011011001101000100110011001111010010010100100101110111011001101011011010000110010001111000110001100110100111001101110101011011101110101101001001101010110101111010111101000111111110111100101101110110110111101000111010000110010110100101010111001001110111010000011000111001000011011000000001111011010010110010010100010
168,3,188261413,2436,184,1314,25000,10010011001001000101111011010001111001011011001101100101111010100110101100110001010101001001100101010011101010010010111001101000101011001101001100101101001111110101100110111011111010111011100001001111111111111010000111011001010101100001001110110011100101001100100101100000111010011100010001011010010100111000000000110111
180,0,200261446,1658,174,5623,25000,10010011001101111001000110110010110001101100110111010010011001110000101011001110010111001001101010001101101001001001010011000101001011111001110110110001011011110101111111100011111111111001100001011110000110010110000001111000010110000101010110000100111101010011000110011100011010011001001011000110111010111000000001111110
180,1,200261447,2458,164,13043,25000,10010011011011110100110100101110110011011001011010100110011000100110111010100101111000101011001011001010001100111000110111011000101111010001110101010001110101011010000111011010011111101101010010111111111101001000111010010001000111010101000111000000111110001001001111000100010101011000110010010111000000111001100011101001
180,2,200261448,2447,186,5022,25000,10010011010111000110010111011010110001100110101110101111011001001100110101010001110000101001101011010011000101011011010011010111001011010011010110000111110010001101011011011110111100001001111110101111101101010110001000101000011010110011000101100111110000101000110010001101001010000110011000111111000100001010100101010110
180,3,200261449,2011,178,5817,25000,10010011010101101010010111011010110001001110101110000101011010110010101110011010110001101000101110001001011110011010000100101101110001001001111001000110111100110111110000001101010111001011100110001110010111111101010111010000000011110011101100100111101110010101101011101100010110001110010010001010010001001001100001111100
182,0,202261452,2138,183,11793,25000,10010011010111001100100101101010110110101101011010001110111010011011010101010010100110010110010011011010100010100011100100110001100101110111010011010011101000110100100110001100010110101101101010010101000110111100111001101000111001111000111100100011011010101011001100100101011101100111100000001111100100100110111010010100
182,1,202261453,2640,175,17969,25000,10010011010100110111110101010110110110011010101010001001011010111001001001011010101001101000110001000110001001111100100101010110011011001111011101010001101100110110111111111011011001110100101011101111101011011100110000011000001101111101101000000101011010010011010100101011010000101100101010100011110000101110000011100110
182,2,202261454,1332,175,15789,25000,10010011001001111111001010101010110101001101010101101010111010110101000101010001001010010111010111001101010100101101001110010100110010101001110010101011010010100101000000101100110111101101110100010100011011100000100111111010001001110100111110000111101001000011111111010111000000001011011111010010100011001011010001100111
182,3,202261455,4026,185,23594,25000,10010011010001001100101001111010110111000111001011000110111010010101111010111001100110000000100100110111100110001011110101011000101110010110101010110100101010010110001000110100111000010101011110110110101011000100001111101100010110111101011100001011000110000000111110001110110101001100010101001101100011010101010011001110
185,0,205261461,2982,177,21784,25000,10011011011100110110110001100101101101001001111000101101110000100110001001101110111011001101010010100110010011011001101010111010110011100111101000110011010100100100111100101110010111110111111111100010001010011010000011011100011001010110100001000000011110000011111101110011110000111010101010110010010011010100101000010111
185,1,205261462,2951,188,21424,25000,10011011001101110010010110010101101101101111000100100100110010100001101110110010001100110010011001110011010001110101010001010101111001010010001101101101111110001101101110011111101000010111011101010101011101011101001100101000011111101010111000001100001011001100101101101010101011010010011100001100110001101100101000110101
185,2,205261463,6211,189,5301,25000,10011011010000110001101110100101101111011010010001110100110011010100100100101010000110111000100110101001001101100100110110110000101011101101011010001110111011000100111110111111010001010100001011100011111000100000110100001100111101000100111100101000100111101010100110010101110011100001101001001111100001100111110000010111
185,3,205261464,3577,187,1642,25000,10011011011000101101011000100101101110110110010101101101010000000100111011011000110111011011001000111001010110101001101110001001110000101100011100101001011100100101110001111101110001110101010011110101110010000100001110110100011111001000100011101001100101101000100110100011101000101001111100101001010011011011000100011101
186,0,206261464,1639,155,11935,25000,10011011010010110101000101110101101101110110110111010010110101010000101001000111010001010001000111010110101110100110110101001110110000111000110011010111101001100100111101000100111011001011111111000110011011101110101011100011001101000011110010100111001010101001001111001111000000100011011010011010010000101011100010101110
186,1,206261465,1826,177,19370,25000,10011011001001111001110111001001101110110000101010010010110101101101010001101010110001001001101000101110110101001011001000101000101101111010100101010111001100100111011101011001101101111101010010011000101011111100010111001001111000101101001010000001110101000110011110110010001110000101110001010111000100001011101011011010
186,2,206261466,2477,193,7660,25000,10011011010100110101000101010101101110101100001001010110110110000100111111001001001100111001100111010010010100110001010111100100100100111011011000110001110111011001100010111111101101101011111101111101101011000111101100100010011100101010110000100010110100000010111010100100110101010101000001001110101000010011100110000111
186,3,206261467,2240,184,7034,25000,10011011001011011001010110011001101111001000101001110111010110101101001110100101001000101010000010000101001111010110011110111100110101111101010110101011001011111001111101111011111111101110100001011001111100001100001111000100000011100010011011011011010100100101000110100100010101010101010110100110010011100110000011010011
190,0,210261476,3008,184,11625,25000,10011011010111011010100110001101110110110000110110010010011010101001000001000101001010010011101010001011111001010010111001101110101001101011110100101101011001001101101011111101111110000111010111111110011001001110100010010001011001010100011101100010001111010010101100110000111100110100011100010010110000011110000111010110
190,1,210261477,2292,190,14528,25000,10011011000000111010010100101101110110101110101010111001111000100111000100100110010100100100101000101111010110101110101000101101101101101011010111011100111000110110111111111101110100100101101101011000110001111001000010011000111110010001110101010010110010100011001111010010101001100101100001010110101000101110000110001111
190,2,210261478,1692,180,12231,25000,10011011011010010111010110101101110111011001100110110010011001110001001110001101000110011010010010010101010001010101110110111101010010101101000111101100110001110101011111011010000101110110111101100011110111110110010010110001101001110000101110101001000110010101110000011100101010001101001001001100110100111001000010101110
190,3,210261479,2242,195,21477,25000,10011011001110101110001101101101110101111001101010010110011010101010011001001000110010010001001010111010000110101000101001111101110010101001010111100101001111101100101011001111000111101110101110000111111001111100101101100010010110100000011100100111001101001100011110010011011010011101010100010101010100100011000001001011
191,0,211261479,4044,189,4969,25000,10011011001111000100110011010001111001011011001101001101100110010001010111001000110001001111010000111010010110001011101110101101100111010010110001010000100111001110110000110111001101101101011101101111100001101010011101001001001011100001001111101001101010101010100101011000011110000110100000010101110010111100100111011100
191,1,211261480,5949,185,14255,25000,10011011001111001110010000110101111010011001101101001010100111001011011000101100101111010001101111001111001011100110000111110010001010001010110010010010000110110011101110001011111011000001110011111111000111101010001110110000010011010100000111100011100110010001110000010011111010001110001011010100110010101110000000100111
191,2,211261481,2498,185,12044,25000,10011011001101011111001010010001111010010100100110110110000101001001111000110110100111010101110000100101100110010101111101010110111000110011010010110110001001011001110101111111110110010110010101011011000111111100001100101100110000110010101111001010110001100001101100011010101110001101010010110011000110001001100000111101
191,3,211261482,3368,188,17222,25000,10011011001001101001100110101001111010101110110000100101000101111010011001011001111000110110000111010111001011110110001010001100101010010010101101111010110100110101010111000111011010011001111011111110101111010111000111100000001110111000100111000000110011001010101100110000110101010100111100011101010010110001010011010101
192,0,212261482,2364,186,7421,25000,10011011000110101010111001101101111011001000101011010001101111000110010011001001001101000101100100111011101101001000001010110001010111001111010111010111001010010001100010010101111011011001110010110111111100111000011111001010110010100100111011011000001111000010111000011010001100101111110001000101111100001101010001100001
192,1,212261483,2644,181,3027,25000,10011011001110000110100100111001111011001111001000101100101100110110000101101001101110000101011000101010001001101111000101111111001010111001101100110110100101101111010000110110011011111111110110110001111001011100001010111000011101010010011100001010101011100100111100101101001010010100011001010010111100110100011100010001
192,2,212261484,3533,181,19783,25000,10011011001010111010110011001001111010110100111010010001001101010101001010001110010000101001001101101101001101111011001100111001100110001100101011000111001010101110001000111011110101100111010111011010100010011110010101101101100100100110110010000000111110010100101011100111000100101000111010110010100010011100100101011011
192,3,212261485,2240,190,2073,25000,10011011001101110100101110010001111000111010100101100100101110101000101010001001001000100110110010101001010111100101101110101110101101101010100100111001010101111101101100011101110110010110111010110111110111111111101000011001011011100010010101101011001001011001110000001101001100100010111100001100100101001111010000001101
193,0,213261485,3163,173,7679,25000,10011011011001101010011010101111011000110001001101110110001101110010110001110101110100110000101000110110100101000110001010101100110110011011111010010111110000110110001111101110110111100010111110100111000110001100100101011100010111001000001101111001100010010001101010010110110100011111101001010100110101111100000011000101
193,1,213261486,2299,187,11992,25000,10011011010001101011011001111011011001100101011001110010001110000110110011010001100111001011000101100111000110000101111111010110100101001110001010100110011010111010101111110111000100011011011010110010101111110100100111100010101101100000001011101101010010000110110111100000111000011101010100011100010100100010100101100110
193,2,213261487,1340,180,8379,25000,10011011001000110100111010001111011001001101011000101110001101101011001011011000101011010100100110110001111110110101001010001101001111101100101001111111010100101010011011110011011110011010011101010101011111111100100010111010100100100000111010110001011010110001000110000111001000010001111011010001001100100110010110100001
193,3,213261488,2725,177,8943,25000,10011011011010001000111001010111011000110001111000101101001100110010000111010001011011010101010001010011001001101110100101111011000110001101001110101011011111100101010100111101110011111111110100111011010010110001100010011000011101010001100101111000101001011101001000010111100110000111110101100100011100100011100101000111
194,0,214261488,2790,167,20971,25000,10011011001001110101101101100111011001011001010110011011010001110010010001110101110100101010010101000110001101000110110111001111000101001111010010111110011011000110101111100110111010101110101111000101111101011100001001111000011110010010010110010010101001100110101011010010001001011001010011100100010000111001101000110110
194,1,214261489,2156,161,9689,25000,10011011000101011010010011010011011010110111001110000101110010110011010101111000101001111000101001110100110010001001111110110111101000110010000101011110001010100111111110111101100001110010110111101010111110100100000101100100101001100010111010100001000011000010111100000110111100110011010000101110011100100100111001110000
194,2,214261490,2091,170,16078,25000,10011011001001100111101011001011011010011111010001000110010000110101101101100101101101001110010101110001001010010010101111011011010000100111010011010111010001000111111111110010111100001001111011111110000011010100001110100010001011100001101011011001100001001100001111110100001100001101011000010111011101100100000001111111
194,3,214261491,3542,174,17208,25000,10011011010000101110110010101011011010111010001110001010110000100100110111011010011000110001000111111100001111100100101000111001110110110101111110100110010000110110011111111000111101110010000100001011110011110111001010100000010101110000011110100101111010010101001101110010001100001101010001101001011011100010010001101101
