component	complement_component	orientation	catalog_index
0	1	base	0
0	1	base	1
0	1	base	2
0	1	base	3
0	1	base	4
0	1	base	5
0	1	base	6
0	1	base	7
0	1	base	8
0	1	base	9
0	1	base	10
0	1	base	11
0	1	base	12
0	1	base	13
0	1	base	14
0	1	base	15
0	1	base	16
0	1	base	17
0	1	base	18
0	1	base	19
0	1	base	20
0	1	base	21
0	1	base	22
0	1	base	24
0	1	base	25
0	1	base	26
0	1	base	27
0	1	base	28
0	1	base	29
0	1	base	30
0	1	base	31
0	1	base	32
0	1	base	33
0	1	base	34
0	1	base	35
0	1	base	36
0	1	base	37
0	1	base	38
0	1	base	42
0	1	base	43
0	1	base	44
0	1	base	45
0	1	base	46
0	1	base	47
0	1	base	48
0	1	base	49
0	1	base	50
0	1	base	51
0	1	base	52
0	1	base	53
0	1	base	54
0	1	base	55
0	1	base	56
0	1	base	57
0	1	base	58
0	1	base	59
0	1	base	60
0	1	base	61
0	1	base	62
0	1	base	63
0	1	base	64
0	1	base	65
0	1	base	66
0	1	base	67
0	1	base	68
0	1	base	69
0	1	base	70
0	1	base	71
0	1	base	72
0	1	base	73
0	1	base	74
0	1	base	75
0	1	base	76
0	1	base	77
0	1	base	78
0	1	base	79
0	1	base	80
0	1	base	81
0	1	base	82
0	1	base	83
0	1	base	84
0	1	base	85
0	1	base	86
0	1	base	87
0	1	base	88
0	1	base	89
0	1	base	90
0	1	base	91
0	1	base	92
0	1	base	93
0	1	base	94
0	1	base	95
0	1	base	96
0	1	base	97
0	1	base	98
0	1	base	99
0	1	base	100
0	1	base	101
0	1	base	102
0	1	base	103
0	1	base	104
0	1	base	105
0	1	base	106
0	1	base	107
0	1	base	108
0	1	base	109
0	1	base	110
0	1	base	111
0	1	base	112
0	1	base	113
0	1	base	114
0	1	base	115
0	1	base	116
0	1	base	117
0	1	base	118
0	1	base	119
0	1	base	120
0	1	base	121
0	1	base	122
0	1	base	123
0	1	base	124
0	1	base	125
0	1	base	126
0	1	base	127
0	1	base	128
0	1	base	129
0	1	base	130
0	1	base	131
0	1	base	132
0	1	base	133
0	1	base	134
0	1	base	135
0	1	base	136
0	1	base	137
0	1	base	138
0	1	base	139
0	1	base	140
0	1	base	141
0	1	base	142
0	1	base	143
0	1	base	144
0	1	base	145
0	1	base	146
0	1	base	147
0	1	base	148
0	1	base	149
0	1	base	150
0	1	base	151
0	1	base	152
0	1	base	153
0	1	base	154
0	1	base	155
0	1	base	156
0	1	base	157
0	1	base	158
0	1	base	159
0	1	base	160
0	1	base	161
0	1	base	162
0	1	base	163
0	1	base	164
0	1	base	165
0	1	base	166
0	1	base	167
0	1	base	168
0	1	base	169
0	1	base	179
0	1	base	180
0	1	base	181
0	1	base	182
0	1	base	183
0	1	base	184
0	1	base	185
0	1	base	186
0	1	base	187
0	1	base	189
0	1	base	194
0	1	base	195
0	1	base	196
0	1	base	197
0	1	base	198
0	1	base	199
0	1	base	200
0	1	base	201
0	1	base	202
0	1	base	203
0	1	base	204
0	1	base	205
0	1	base	206
0	1	base	207
0	1	base	208
0	1	base	209
0	1	base	210
0	1	base	211
0	1	base	212
0	1	base	213
0	1	base	214
0	1	base	215
0	1	base	216
0	1	base	217
0	1	base	218
0	1	base	219
0	1	base	220
0	1	base	221
0	1	base	222
0	1	base	223
0	1	base	224
0	1	base	226
0	1	base	227
0	1	base	228
0	1	base	229
0	1	base	230
0	1	base	231
0	1	base	232
0	1	base	233
0	1	base	234
0	1	base	235
0	1	base	236
0	1	base	237
0	1	base	238
0	1	base	239
0	1	base	240
0	1	base	241
0	1	base	242
0	1	base	243
0	1	base	244
0	1	base	245
0	1	base	246
0	1	base	247
0	1	base	248
0	1	base	249
0	1	base	250
0	1	base	251
0	1	base	252
0	1	base	257
0	1	base	258
0	1	base	283
0	1	base	284
0	1	base	286
0	1	base	287
0	1	base	295
0	1	base	296
0	1	base	297
0	1	base	298
0	1	base	299
0	1	base	300
0	1	base	301
0	1	base	302
0	1	base	303
0	1	base	304
0	1	base	306
0	1	base	307
0	1	base	308
0	1	base	309
0	1	base	310
0	1	base	311
0	1	base	312
0	1	base	313
0	1	base	314
0	1	base	315
0	1	base	316
0	1	base	317
0	1	base	318
0	1	base	319
0	1	base	320
0	1	base	321
0	1	base	322
0	1	base	323
0	1	base	324
0	1	base	325
0	1	complement	23
0	1	complement	40
1	0	base	23
1	0	base	40
1	0	complement	0
1	0	complement	1
1	0	complement	2
1	0	complement	3
1	0	complement	4
1	0	complement	5
1	0	complement	6
1	0	complement	7
1	0	complement	8
1	0	complement	9
1	0	complement	10
1	0	complement	11
1	0	complement	12
1	0	complement	13
1	0	complement	14
1	0	complement	15
1	0	complement	16
1	0	complement	17
1	0	complement	18
1	0	complement	19
1	0	complement	20
1	0	complement	21
1	0	complement	22
1	0	complement	24
1	0	complement	25
1	0	complement	26
1	0	complement	27
1	0	complement	28
1	0	complement	29
1	0	complement	30
1	0	complement	31
1	0	complement	32
1	0	complement	33
1	0	complement	34
1	0	complement	35
1	0	complement	36
1	0	complement	37
1	0	complement	38
1	0	complement	42
1	0	complement	43
1	0	complement	44
1	0	complement	45
1	0	complement	46
1	0	complement	47
1	0	complement	48
1	0	complement	49
1	0	complement	50
1	0	complement	51
1	0	complement	52
1	0	complement	53
1	0	complement	54
1	0	complement	55
1	0	complement	56
1	0	complement	57
1	0	complement	58
1	0	complement	59
1	0	complement	60
1	0	complement	61
1	0	complement	62
1	0	complement	63
1	0	complement	64
1	0	complement	65
1	0	complement	66
1	0	complement	67
1	0	complement	68
1	0	complement	69
1	0	complement	70
1	0	complement	71
1	0	complement	72
1	0	complement	73
1	0	complement	74
1	0	complement	75
1	0	complement	76
1	0	complement	77
1	0	complement	78
1	0	complement	79
1	0	complement	80
1	0	complement	81
1	0	complement	82
1	0	complement	83
1	0	complement	84
1	0	complement	85
1	0	complement	86
1	0	complement	87
1	0	complement	88
1	0	complement	89
1	0	complement	90
1	0	complement	91
1	0	complement	92
1	0	complement	93
1	0	complement	94
1	0	complement	95
1	0	complement	96
1	0	complement	97
1	0	complement	98
1	0	complement	99
1	0	complement	100
1	0	complement	101
1	0	complement	102
1	0	complement	103
1	0	complement	104
1	0	complement	105
1	0	complement	106
1	0	complement	107
1	0	complement	108
1	0	complement	109
1	0	complement	110
1	0	complement	111
1	0	complement	112
1	0	complement	113
1	0	complement	114
1	0	complement	115
1	0	complement	116
1	0	complement	117
1	0	complement	118
1	0	complement	119
1	0	complement	120
1	0	complement	121
1	0	complement	122
1	0	complement	123
1	0	complement	124
1	0	complement	125
1	0	complement	126
1	0	complement	127
1	0	complement	128
1	0	complement	129
1	0	complement	130
1	0	complement	131
1	0	complement	132
1	0	complement	133
1	0	complement	134
1	0	complement	135
1	0	complement	136
1	0	complement	137
1	0	complement	138
1	0	complement	139
1	0	complement	140
1	0	complement	141
1	0	complement	142
1	0	complement	143
1	0	complement	144
1	0	complement	145
1	0	complement	146
1	0	complement	147
1	0	complement	148
1	0	complement	149
1	0	complement	150
1	0	complement	151
1	0	complement	152
1	0	complement	153
1	0	complement	154
1	0	complement	155
1	0	complement	156
1	0	complement	157
1	0	complement	158
1	0	complement	159
1	0	complement	160
1	0	complement	161
1	0	complement	162
1	0	complement	163
1	0	complement	164
1	0	complement	165
1	0	complement	166
1	0	complement	167
1	0	complement	168
1	0	complement	169
1	0	complement	179
1	0	complement	180
1	0	complement	181
1	0	complement	182
1	0	complement	183
1	0	complement	184
1	0	complement	185
1	0	complement	186
1	0	complement	187
1	0	complement	189
1	0	complement	194
1	0	complement	195
1	0	complement	196
1	0	complement	197
1	0	complement	198
1	0	complement	199
1	0	complement	200
1	0	complement	201
1	0	complement	202
1	0	complement	203
1	0	complement	204
1	0	complement	205
1	0	complement	206
1	0	complement	207
1	0	complement	208
1	0	complement	209
1	0	complement	210
1	0	complement	211
1	0	complement	212
1	0	complement	213
1	0	complement	214
1	0	complement	215
1	0	complement	216
1	0	complement	217
1	0	complement	218
1	0	complement	219
1	0	complement	220
1	0	complement	221
1	0	complement	222
1	0	complement	223
1	0	complement	224
1	0	complement	226
1	0	complement	227
1	0	complement	228
1	0	complement	229
1	0	complement	230
1	0	complement	231
1	0	complement	232
1	0	complement	233
1	0	complement	234
1	0	complement	235
1	0	complement	236
1	0	complement	237
1	0	complement	238
1	0	complement	239
1	0	complement	240
1	0	complement	241
1	0	complement	242
1	0	complement	243
1	0	complement	244
1	0	complement	245
1	0	complement	246
1	0	complement	247
1	0	complement	248
1	0	complement	249
1	0	complement	250
1	0	complement	251
1	0	complement	252
1	0	complement	257
1	0	complement	258
1	0	complement	283
1	0	complement	284
1	0	complement	286
1	0	complement	287
1	0	complement	295
1	0	complement	296
1	0	complement	297
1	0	complement	298
1	0	complement	299
1	0	complement	300
1	0	complement	301
1	0	complement	302
1	0	complement	303
1	0	complement	304
1	0	complement	306
1	0	complement	307
1	0	complement	308
1	0	complement	309
1	0	complement	310
1	0	complement	311
1	0	complement	312
1	0	complement	313
1	0	complement	314
1	0	complement	315
1	0	complement	316
1	0	complement	317
1	0	complement	318
1	0	complement	319
1	0	complement	320
1	0	complement	321
1	0	complement	322
1	0	complement	323
1	0	complement	324
1	0	complement	325
2	3	base	172
2	3	base	173
2	3	base	174
2	3	base	175
2	3	base	176
2	3	base	178
2	3	base	255
2	3	base	256
2	3	base	259
2	3	base	260
2	3	base	261
2	3	base	262
2	3	base	263
2	3	base	264
2	3	base	265
2	3	base	266
2	3	base	267
2	3	base	268
2	3	base	269
2	3	base	270
2	3	base	272
2	3	base	273
2	3	base	274
2	3	base	275
2	3	base	276
2	3	base	277
2	3	base	278
2	3	base	279
2	3	base	280
2	3	base	281
2	3	base	282
2	3	base	285
2	3	base	288
2	3	base	289
2	3	base	290
2	3	base	291
2	3	base	292
2	3	base	293
2	3	base	326
2	3	base	327
3	2	complement	172
3	2	complement	173
3	2	complement	174
3	2	complement	175
3	2	complement	176
3	2	complement	178
3	2	complement	255
3	2	complement	256
3	2	complement	259
3	2	complement	260
3	2	complement	261
3	2	complement	262
3	2	complement	263
3	2	complement	264
3	2	complement	265
3	2	complement	266
3	2	complement	267
3	2	complement	268
3	2	complement	269
3	2	complement	270
3	2	complement	272
3	2	complement	273
3	2	complement	274
3	2	complement	275
3	2	complement	276
3	2	complement	277
3	2	complement	278
3	2	complement	279
3	2	complement	280
3	2	complement	281
3	2	complement	282
3	2	complement	285
3	2	complement	288
3	2	complement	289
3	2	complement	290
3	2	complement	291
3	2	complement	292
3	2	complement	293
3	2	complement	326
3	2	complement	327
4	5	base	39
4	5	base	41
4	5	base	170
4	5	base	171
4	5	base	177
4	5	base	188
4	5	base	225
4	5	base	253
4	5	base	254
4	5	base	271
4	5	base	294
4	5	base	305
5	4	complement	39
5	4	complement	41
5	4	complement	170
5	4	complement	171
5	4	complement	177
5	4	complement	188
5	4	complement	225
5	4	complement	253
5	4	complement	254
5	4	complement	271
5	4	complement	294
5	4	complement	305
6	7	base	190
6	7	base	191
6	7	base	192
6	7	base	193
7	6	complement	190
7	6	complement	191
7	6	complement	192
7	6	complement	193
