counts_18_to_24	M	red_mask	orbit_size	kind	payload
0,0,1,42,0,0,0	220	0	1	primal	{"values":[[0,22],[1,20]]}
0,0,2,40,1,0,0	220	3	2	primal	{"values":[[0,13],[3,6],[5,8],[6,9],[7,4]]}
0,0,2,40,1,0,0	220	7	1	primal	{"values":[[0,8],[1,6],[2,6],[5,8],[6,8],[7,4]]}
0,0,3,40,0,0,0	219	3	3	primal	{"values":[[1,8],[2,9],[3,4],[4,13],[7,6]]}
0,0,3,40,0,0,0	219	7	1	primal	{"values":[[1,13],[2,9],[4,5],[5,4],[6,8],[7,1]]}
0,0,3,38,2,0,0	220	15	3	primal	{"values":[[2,2],[3,1],[4,2],[6,2],[9,2],[10,2],[12,6],[17,2],[18,5],[20,1],[22,2],[27,5],[29,6]]}
0,0,3,38,2,0,0	220	31	3	primal	{"values":[[2,1],[5,1],[6,1],[7,1],[9,1],[10,7],[12,3],[13,2],[17,3],[18,5],[20,5],[27,3],[29,5]]}
0,0,3,38,2,0,0	220	41	6	primal	{"values":[[0,1],[3,2],[4,7],[9,3],[10,2],[12,1],[15,1],[17,4],[18,3],[27,3],[29,4],[30,6],[31,1]]}
0,0,3,38,2,0,0	220	43	12	primal	{"values":[[2,3],[6,1],[9,3],[11,4],[12,5],[14,1],[17,4],[18,1],[20,7],[21,1],[27,4],[30,3],[31,1]]}
0,0,3,38,2,0,0	220	47	12	primal	{"values":[[0,1],[2,3],[10,4],[12,3],[13,5],[15,1],[17,5],[18,3],[20,4],[21,2],[27,3],[30,4]]}
0,0,3,38,2,0,0	220	58	6	primal	{"values":[[0,2],[1,1],[2,1],[4,2],[9,6],[12,2],[14,3],[18,2],[20,4],[21,3],[22,2],[27,8],[30,2]]}
0,0,3,38,2,0,0	220	59	6	primal	{"values":[[0,1],[1,3],[4,1],[9,1],[11,4],[12,7],[17,4],[18,4],[20,2],[21,2],[27,3],[30,6]]}
0,0,3,38,2,0,0	220	63	12	primal	{"values":[[3,1],[9,5],[10,3],[12,3],[14,5],[17,5],[18,3],[20,8],[23,1],[27,3],[31,1]]}
0,0,3,38,2,0,0	220	127	3	primal	{"values":[[3,1],[4,1],[9,5],[10,3],[12,3],[14,5],[17,5],[18,3],[20,7],[23,1],[27,3],[29,1]]}
0,0,3,38,2,0,0	220	171	6	primal	{"values":[[0,1],[1,3],[4,3],[10,1],[11,1],[12,5],[14,3],[17,2],[18,6],[20,2],[21,1],[27,6],[29,3],[31,1]]}
0,0,3,38,2,0,0	220	175	6	primal	{"values":[[0,1],[2,1],[4,3],[9,2],[10,2],[12,5],[14,2],[15,1],[17,5],[18,6],[20,1],[23,2],[27,3],[29,3],[30,1]]}
0,0,3,38,2,0,0	220	185	12	primal	{"values":[[0,6],[1,1],[4,2],[11,4],[12,4],[18,5],[21,4],[27,4],[29,4],[30,3],[31,1]]}
0,0,3,38,2,0,0	220	187	6	primal	{"values":[[0,4],[5,1],[9,4],[10,4],[12,4],[17,1],[18,1],[19,3],[20,7],[23,1],[27,4],[30,1],[31,3]]}
0,0,3,38,2,0,0	220	191	6	primal	{"values":[[1,4],[9,3],[10,5],[12,5],[18,6],[20,3],[21,6],[27,3],[30,3]]}
0,0,3,38,2,0,0	220	207	6	primal	{"values":[[0,3],[3,3],[5,2],[9,4],[10,2],[11,1],[12,3],[17,1],[18,3],[20,6],[27,3],[29,1],[30,5],[31,1]]}
0,0,3,38,2,0,0	220	223	6	primal	{"values":[[0,5],[9,4],[10,1],[12,1],[14,6],[15,1],[17,4],[18,4],[20,4],[23,1],[27,3],[29,3],[30,1]]}
0,0,3,38,2,0,0	220	255	6	primal	{"values":[[0,2],[6,4],[9,5],[10,3],[12,2],[13,2],[17,5],[18,3],[20,5],[27,3],[29,1],[30,3]]}
0,0,3,38,2,0,0	220	511	1	primal	{"values":[[1,2],[9,5],[10,5],[12,2],[13,3],[14,2],[17,2],[18,7],[20,5],[21,3],[27,1],[30,1]]}
0,0,3,38,2,0,0	220	639	3	primal	{"values":[[0,2],[3,2],[9,3],[10,5],[12,2],[13,2],[15,3],[17,5],[18,3],[20,7],[29,1],[30,3]]}
0,0,3,38,2,0,0	220	719	6	primal	{"values":[[4,6],[9,3],[10,2],[11,2],[12,4],[14,2],[17,5],[18,6],[19,2],[29,2],[30,2],[31,2]]}
0,0,3,38,2,0,0	220	735	6	primal	{"values":[[0,3],[3,1],[9,3],[10,5],[12,4],[13,3],[17,1],[18,5],[20,3],[21,4],[22,2],[27,3],[31,1]]}
0,0,3,38,2,0,0	220	767	6	primal	{"values":[[2,1],[4,2],[7,2],[9,3],[10,3],[11,2],[12,5],[13,1],[17,6],[18,6],[20,3],[29,2],[30,2]]}
0,0,4,38,1,0,0	219	93	12	primal	{"values":[[1,2],[2,2],[4,4],[5,1],[7,3],[8,1],[9,5],[19,2],[22,4],[23,1],[25,2],[26,4],[27,1],[28,6]]}
0,0,4,38,1,0,0	219	95	24	primal	{"values":[[1,1],[2,3],[4,3],[7,2],[8,5],[9,2],[10,1],[15,1],[19,2],[21,2],[22,6],[25,6],[28,2],[30,2]]}
0,0,4,38,1,0,0	219	126	6	primal	{"values":[[3,3],[4,8],[8,4],[13,1],[14,2],[19,3],[21,3],[22,2],[23,1],[25,5],[26,5],[31,1]]}
0,0,4,38,1,0,0	219	127	6	primal	{"values":[[1,1],[2,3],[4,1],[5,3],[6,2],[8,3],[9,2],[10,3],[19,2],[21,2],[22,6],[25,6],[28,4]]}
0,0,4,38,1,0,0	219	219	12	primal	{"values":[[1,5],[2,2],[4,6],[10,3],[12,2],[21,2],[22,1],[23,3],[25,3],[26,7],[27,1],[29,3]]}
0,0,4,38,1,0,0	219	221	12	primal	{"values":[[1,3],[3,4],[4,3],[6,3],[9,1],[10,3],[12,1],[19,3],[21,4],[25,2],[26,4],[28,7]]}
0,0,4,38,1,0,0	219	223	24	primal	{"values":[[1,3],[2,5],[5,1],[8,1],[11,1],[12,7],[19,3],[21,4],[22,4],[25,4],[26,4],[28,1]]}
0,0,4,38,1,0,0	219	254	6	primal	{"values":[[1,1],[2,2],[3,2],[4,5],[8,3],[9,5],[19,2],[21,4],[22,5],[26,3],[27,3],[28,3]]}
0,0,4,38,1,0,0	219	255	6	primal	{"values":[[1,7],[2,6],[12,3],[13,1],[14,1],[21,7],[22,1],[26,7],[27,1],[28,4]]}
0,0,4,38,1,0,0	219	351	12	primal	{"values":[[2,3],[3,3],[4,6],[9,7],[19,2],[21,2],[22,3],[26,5],[27,1],[28,5],[29,1]]}
0,0,4,38,1,0,0	219	382	12	primal	{"values":[[1,5],[4,4],[6,4],[8,3],[11,3],[19,3],[21,3],[22,1],[25,2],[26,5],[28,4],[31,1]]}
0,0,4,38,1,0,0	219	383	12	primal	{"values":[[1,4],[2,4],[4,1],[6,4],[8,3],[13,3],[19,2],[21,2],[22,3],[25,5],[26,3],[28,4]]}
0,0,4,38,1,0,0	219	495	12	primal	{"values":[[1,4],[2,5],[4,3],[5,1],[8,2],[9,3],[12,1],[21,3],[22,5],[25,1],[26,3],[27,3],[28,3],[31,1]]}
0,0,4,38,1,0,0	219	511	4	primal	{"values":[[1,7],[2,3],[4,1],[7,1],[8,4],[14,3],[19,3],[21,3],[22,3],[25,2],[26,3],[28,5]]}
0,0,4,38,1,0,0	219	894	3	primal	{"values":[[1,2],[2,7],[5,5],[8,3],[11,2],[12,1],[19,1],[21,3],[22,3],[25,3],[26,3],[28,4],[31,1]]}
0,0,4,38,1,0,0	219	895	6	primal	{"values":[[1,3],[2,1],[3,4],[5,2],[6,4],[8,6],[19,1],[21,3],[22,3],[25,3],[26,3],[28,5]]}
0,0,4,37,1,1,0	220	2367	12	dual	{"lambda":[0,0,0,0,-1,1,1],"roots":[[16,40,1],[35,0,1],[37,0,1],[38,0,1]]}
0,0,4,37,1,1,0	220	2431	24	dual	{"lambda":[0,0,0,0,-1,1,1],"roots":[[16,40,1],[35,0,1],[37,0,1],[38,0,1]]}
0,0,4,37,1,1,0	220	2559	12	dual	{"lambda":[0,0,0,0,-1,1,1],"roots":[[16,40,1],[35,0,1],[37,0,1],[38,0,1]]}
0,0,4,37,1,1,0	220	2911	12	dual	{"lambda":[0,0,0,0,-1,1,2],"roots":[[9,22,1],[16,40,1],[34,1,1],[35,0,2],[36,0,1],[37,2,1]]}
0,0,4,37,1,1,0	220	2943	12	dual	{"lambda":[0,0,0,0,-1,1,1],"roots":[[16,40,1],[35,0,1],[37,0,1],[38,0,1]]}
0,0,4,37,1,1,0	220	3071	12	dual	{"lambda":[0,0,0,0,-1,1,1],"roots":[[16,40,1],[35,0,1],[37,0,1],[38,0,1]]}
0,0,4,37,1,1,0	220	4095	4	dual	{"lambda":[0,0,0,0,-1,1,1],"roots":[[16,40,1],[35,0,1],[37,0,1],[38,0,1]]}
0,0,4,37,1,1,0	220	6455	12	dual	{"lambda":[0,0,0,0,-1,1,1],"roots":[[16,40,1],[35,0,1],[37,0,1],[38,0,1]]}
0,0,4,37,1,1,0	220	6463	12	dual	{"lambda":[0,0,0,0,-1,1,1],"roots":[[16,40,1],[35,0,1],[37,0,1],[38,0,1]]}
0,0,4,37,1,1,0	220	6518	12	dual	{"lambda":[0,0,0,0,-1,1,2],"roots":[[16,40,1],[33,0,1],[34,4,1],[36,19,1],[37,0,1],[38,0,1],[38,1,1]]}
0,0,4,37,1,1,0	220	6519	12	dual	{"lambda":[0,0,0,0,-1,1,1],"roots":[[16,40,1],[35,0,1],[37,0,1],[38,0,1]]}
0,0,4,37,1,1,0	220	6527	24	dual	{"lambda":[0,0,0,0,-1,1,1],"roots":[[16,40,1],[35,0,1],[37,0,1],[38,0,1]]}
0,0,4,37,1,1,0	220	6655	12	dual	{"lambda":[0,0,0,0,-1,1,1],"roots":[[16,40,1],[35,8,1],[37,0,1],[38,0,1]]}
0,0,4,37,1,1,0	220	6999	12	dual	{"lambda":[0,0,0,0,-1,1,2],"roots":[[9,22,1],[16,40,1],[34,0,1],[35,4,1],[36,0,1],[37,0,1]]}
0,0,4,37,1,1,0	220	7007	12	dual	{"lambda":[0,0,0,0,-1,1,2],"roots":[[9,22,1],[16,40,1],[34,1,1],[35,0,2],[36,0,1],[37,2,1]]}
0,0,4,37,1,1,0	220	7031	4	dual	{"lambda":[0,0,0,0,-1,1,1],"roots":[[16,40,1],[35,0,1],[37,0,1],[38,0,1]]}
0,0,4,37,1,1,0	220	7039	12	dual	{"lambda":[0,0,0,0,-1,1,1],"roots":[[16,40,1],[35,0,1],[37,0,1],[38,0,1]]}
0,0,4,37,1,1,0	220	7167	12	dual	{"lambda":[0,0,0,0,-1,1,1],"roots":[[16,40,1],[35,16,1],[37,0,1],[38,0,1]]}
0,0,4,37,1,1,0	220	10623	12	dual	{"lambda":[0,0,0,0,0,0,1],"roots":[[35,16,1],[37,0,1],[38,0,1],[40,16,1]]}
0,0,4,37,1,1,0	220	10751	6	dual	{"lambda":[0,0,0,0,0,1,1],"roots":[[16,32,1],[35,16,1],[36,0,1],[41,0,1],[42,0,1]]}
0,0,5,38,0,0,0	218	126	10	primal	{"values":[[3,2],[5,5],[6,3],[9,5],[12,1],[14,1],[15,3],[17,1],[18,5],[20,1],[22,3],[24,7],[29,1]]}
0,0,5,38,0,0,0	218	127	10	primal	{"values":[[3,2],[5,2],[6,5],[10,1],[11,2],[12,2],[13,5],[15,1],[17,3],[18,5],[20,2],[21,1],[24,7]]}
0,0,5,38,0,0,0	218	207	15	primal	{"values":[[5,3],[7,2],[9,2],[10,5],[12,7],[15,1],[17,4],[18,6],[20,2],[21,1],[23,2],[25,1],[26,2]]}
0,0,5,38,0,0,0	218	220	12	primal	{"values":[[3,2],[5,2],[6,5],[9,2],[10,1],[11,3],[12,2],[15,3],[17,5],[18,1],[20,2],[22,3],[24,6],[29,1]]}
0,0,5,38,0,0,0	218	221	60	primal	{"values":[[3,3],[5,2],[6,5],[9,1],[11,2],[12,4],[13,3],[17,4],[18,5],[20,1],[24,3],[25,2],[28,1],[30,2]]}
0,0,5,38,0,0,0	218	223	60	primal	{"values":[[3,3],[5,2],[6,5],[10,3],[12,1],[13,3],[14,3],[17,5],[19,2],[20,3],[24,7],[27,1]]}
0,0,5,38,0,0,0	218	254	30	primal	{"values":[[3,2],[5,3],[6,4],[7,1],[9,2],[10,4],[11,1],[12,1],[13,1],[15,1],[17,1],[18,4],[20,3],[21,3],[24,5],[25,2]]}
0,0,5,38,0,0,0	218	255	30	primal	{"values":[[3,4],[5,4],[6,4],[12,8],[17,8],[20,1],[24,1],[26,8]]}
0,0,5,38,0,0,0	218	495	15	primal	{"values":[[3,5],[5,3],[6,1],[9,3],[10,1],[12,2],[14,6],[17,3],[18,2],[19,2],[20,5],[24,5]]}
0,0,5,38,0,0,0	218	511	10	primal	{"values":[[3,2],[5,5],[6,3],[9,8],[10,2],[12,1],[18,5],[19,1],[20,4],[22,1],[24,4],[30,2]]}
0,0,5,37,0,1,0	219	11262	30	dual	{"lambda":[1,0,0,0,0,-1,1],"roots":[[0,48,1],[34,4,1],[37,0,1],[38,0,1],[41,0,1],[44,0,1]]}
0,0,5,37,0,1,0	219	12255	60	dual	{"lambda":[1,0,0,0,0,-1,1],"roots":[[0,48,1],[34,8,1],[37,0,1],[41,0,1],[42,0,1],[44,0,1]]}
0,0,5,37,0,1,0	219	15870	15	dual	{"lambda":[1,0,0,0,0,-1,0],"roots":[[0,48,1],[38,16,1],[41,16,1]]}
0,0,5,37,0,1,0	219	15871	30	dual	{"lambda":[1,0,0,0,0,-1,1],"roots":[[0,48,1],[19,0,1],[36,1,1],[37,0,1],[41,0,1],[42,0,1]]}
0,0,5,37,0,1,0	219	28639	15	dual	{"lambda":[0,0,0,0,0,0,1],"roots":[[35,0,1],[41,0,1],[44,0,1],[50,0,1]]}
0,1,2,39,1,0,0	219	51	1	dual	{"lambda":[2,-1,-1,-1,0],"roots":[[0,9,1],[1,6,1]]}
0,1,2,39,1,0,0	219	59	1	dual	{"lambda":[1,-1,0,0,0],"roots":[[0,9,1],[14,1,1]]}
0,1,2,37,3,0,0	220	211	6	dual	{"lambda":[2,-1,-1,-1,0,0,1],"roots":[[0,9,1],[1,38,1],[8,17,1],[32,25,1],[33,2,1],[33,4,1]]}
0,1,2,37,3,0,0	220	243	6	dual	{"lambda":[1,-1,0,-1,0,0,1],"roots":[[2,9,1],[10,17,1],[32,25,1],[33,4,1]]}
0,1,2,37,3,0,0	220	483	2	dual	{"lambda":[1,-1,0,0,0,0,0],"roots":[[0,25,1],[0,41,1],[0,49,1],[6,1,1]]}
0,1,2,37,3,0,0	220	487	6	dual	{"lambda":[3,-3,-2,-1,3,0,0],"roots":[[4,17,1],[4,33,1],[8,49,3],[9,2,2],[9,4,1],[10,1,1],[16,33,1],[32,17,1]]}
0,1,2,37,3,0,0	220	659	6	primal	{"values":[[0,1],[10,3],[12,3],[18,2],[20,3],[25,3],[30,1],[34,2],[36,1],[37,1],[39,1],[41,2],[46,2],[49,2],[54,3],[59,4],[61,3]]}
0,1,2,37,3,0,0	220	691	6	primal	{"values":[[0,1],[10,3],[12,1],[18,2],[20,3],[25,5],[30,1],[34,1],[36,2],[41,1],[45,3],[46,4],[49,4],[54,3],[59,3]]}
0,1,2,37,3,0,0	220	723	12	dual	{"lambda":[2,-1,-1,-1,0,0,1],"roots":[[0,25,1],[0,38,1],[10,52,1],[12,17,1],[16,9,1],[32,25,1],[33,2,1],[33,4,1]]}
0,1,2,37,3,0,0	220	755	12	dual	{"lambda":[1,-1,0,-1,0,0,1],"roots":[[0,25,1],[2,9,1],[10,52,1],[14,17,1],[33,4,1]]}
0,1,2,37,3,0,0	220	899	6	dual	{"lambda":[2,-1,-1,-1,0,0,0],"roots":[[0,25,1],[0,41,1],[0,49,1],[1,6,1]]}
0,1,2,37,3,0,0	220	903	6	primal	{"values":[[0,1],[1,1],[10,2],[12,1],[18,3],[20,3],[25,1],[27,2],[30,2],[34,1],[36,3],[41,3],[46,4],[49,3],[53,1],[54,1],[59,2],[61,3]]}
0,1,2,37,3,0,0	220	907	12	primal	{"values":[[0,1],[10,3],[12,1],[17,2],[18,1],[20,2],[27,2],[30,4],[34,3],[36,3],[41,5],[46,1],[49,1],[51,1],[54,2],[61,5]]}
0,1,2,37,3,0,0	220	929	6	dual	{"lambda":[1,-1,0,0,0,0,0],"roots":[[0,25,1],[0,41,1],[0,49,1],[6,1,1]]}
0,1,2,37,3,0,0	220	931	6	dual	{"lambda":[1,-1,0,0,0,0,0],"roots":[[0,25,1],[0,41,1],[0,49,1],[6,1,1]]}
0,1,2,37,3,0,0	220	935	6	primal	{"values":[[0,1],[10,2],[12,1],[18,2],[19,1],[20,3],[25,3],[30,3],[34,1],[36,3],[41,4],[46,4],[49,5],[54,1],[59,1],[61,1],[63,1]]}
0,1,2,37,3,0,0	220	939	12	primal	{"values":[[0,1],[10,3],[12,1],[17,3],[18,1],[20,2],[25,1],[30,4],[34,2],[36,4],[41,5],[46,1],[49,1],[54,2],[59,3],[61,3]]}
0,1,2,37,3,0,0	220	993	6	dual	{"lambda":[2,-2,0,0,0,0,0],"roots":[[0,25,1],[0,41,1],[0,49,2],[2,9,1],[4,9,1],[14,1,2]]}
0,1,2,37,3,0,0	220	995	6	dual	{"lambda":[3,-3,0,0,0,0,0],"roots":[[0,25,2],[0,41,2],[0,49,3],[4,9,1],[14,1,3],[18,9,1],[34,9,1]]}
0,1,2,37,3,0,0	220	999	6	dual	{"lambda":[0,0,0,0,1,0,0],"roots":[[8,49,1],[9,0,1],[14,0,1]]}
0,1,2,37,3,0,0	220	1003	12	dual	{"lambda":[3,-3,-1,-2,0,3,0],"roots":[[0,9,1],[0,41,2],[10,52,2],[12,33,1],[14,33,2],[16,41,1],[17,2,1],[17,4,2],[18,9,1],[34,9,1]]}
0,1,2,37,3,0,0	220	1747	3	dual	{"lambda":[2,-1,-1,-1,0,0,2],"roots":[[0,25,2],[1,38,1],[10,17,1],[12,17,1],[18,9,1],[20,9,1],[32,25,1],[33,0,1],[33,2,1],[33,4,1]]}
0,1,2,37,3,0,0	220	1779	3	dual	{"lambda":[2,-2,-1,-1,0,0,2],"roots":[[0,25,2],[10,17,1],[12,17,1],[18,9,1],[20,9,1],[32,25,1],[33,2,1],[33,4,1]]}
0,1,2,37,3,0,0	220	1859	6	dual	{"lambda":[2,-1,-1,-1,0,0,0],"roots":[[0,25,1],[0,41,1],[0,49,1],[1,6,1]]}
0,1,2,37,3,0,0	220	1863	6	dual	{"lambda":[2,-1,-1,-1,1,0,0],"roots":[[0,17,1],[0,33,1],[1,6,1],[9,4,1],[13,2,1]]}
0,1,2,37,3,0,0	220	1867	12	dual	{"lambda":[2,-1,-1,-1,0,1,0],"roots":[[0,9,1],[0,33,1],[1,6,1],[17,4,1],[21,2,1]]}
0,1,2,37,3,0,0	220	1891	6	dual	{"lambda":[2,-2,0,0,0,0,0],"roots":[[0,25,1],[0,41,1],[0,49,2],[2,9,1],[4,9,1],[14,1,2]]}
0,1,2,37,3,0,0	220	1895	6	dual	{"lambda":[0,0,0,0,1,0,0],"roots":[[8,49,1],[9,2,1],[11,0,1],[14,0,1]]}
0,1,2,37,3,0,0	220	1899	12	dual	{"lambda":[1,-1,0,-1,0,1,0],"roots":[[0,41,1],[2,9,1],[10,33,1],[17,4,1]]}
0,1,2,37,3,0,0	220	2019	6	dual	{"lambda":[1,-1,0,0,0,0,0],"roots":[[0,25,1],[0,41,1],[0,49,1],[14,17,1],[22,1,1]]}
0,1,2,37,3,0,0	220	2023	12	dual	{"lambda":[0,0,0,0,1,0,0],"roots":[[8,49,1],[9,0,1],[14,0,1]]}
0,1,2,37,3,0,0	220	2035	6	dual	{"lambda":[2,-2,-1,-1,0,0,2],"roots":[[0,17,1],[0,25,1],[14,17,1],[16,9,1],[22,9,1],[32,25,1],[33,2,1],[33,4,1]]}
0,1,2,37,3,0,0	220	4067	1	dual	{"lambda":[2,-2,0,0,0,0,0],"roots":[[0,25,2],[0,41,2],[0,49,2],[14,1,1],[22,1,1],[38,1,1]]}
0,1,2,37,3,0,0	220	4071	3	dual	{"lambda":[2,-2,-1,-1,2,0,0],"roots":[[0,17,1],[0,33,1],[8,49,1],[9,2,1],[9,4,1],[14,0,1]]}
0,1,2,37,3,0,0	220	4939	12	dual	{"lambda":[2,-1,-1,-1,0,1,0],"roots":[[0,41,2],[1,22,1],[10,52,1],[12,33,1],[17,2,1],[17,4,1],[32,9,1]]}
0,1,2,37,3,0,0	220	4971	12	dual	{"lambda":[2,-2,0,-1,0,1,0],"roots":[[0,41,2],[2,9,1],[10,52,2],[12,33,1],[14,1,1],[17,4,1],[32,9,1]]}
0,1,2,37,3,0,0	220	5099	12	dual	{"lambda":[5,-5,-1,-2,0,3,0],"roots":[[0,41,5],[10,52,4],[12,33,3],[14,1,2],[16,41,1],[17,2,1],[17,4,2],[18,9,1],[32,9,3],[34,9,1]]}
0,1,2,37,3,0,0	220	5843	3	primal	{"values":[[0,1],[9,1],[10,4],[12,1],[18,4],[20,1],[25,2],[30,2],[36,6],[41,4],[46,1],[51,2],[53,2],[54,1],[55,1],[59,2],[61,2]]}
0,1,2,37,3,0,0	220	5875	3	dual	{"lambda":[3,-3,-1,-1,0,0,2],"roots":[[0,9,2],[0,17,2],[14,1,1],[22,1,1],[33,2,1],[33,4,1]]}
0,1,2,37,3,0,0	220	5963	12	primal	{"values":[[0,2],[10,3],[12,4],[18,2],[19,3],[25,1],[30,1],[36,3],[41,4],[43,1],[46,1],[49,3],[54,5],[59,1],[61,3]]}
0,1,2,37,3,0,0	220	5995	12	primal	{"values":[[0,2],[10,4],[12,3],[17,1],[18,2],[25,1],[27,1],[29,1],[30,1],[36,3],[41,5],[46,1],[49,5],[54,5],[63,2]]}
0,1,2,37,3,0,0	220	6115	6	dual	{"lambda":[1,-1,0,0,0,0,0],"roots":[[0,41,1],[8,49,1],[22,1,1],[32,17,1]]}
0,1,2,37,3,0,0	220	6119	12	dual	{"lambda":[0,0,0,0,1,0,0],"roots":[[8,49,1],[9,4,1],[13,0,1],[14,0,1]]}
0,1,2,37,3,0,0	220	6131	6	primal	{"values":[[10,3],[12,3],[18,3],[20,3],[25,5],[33,5],[34,2],[36,3],[46,2],[54,2],[59,3],[61,3]]}
0,1,2,37,3,0,0	220	6987	6	dual	{"lambda":[2,-1,-1,-1,0,1,0],"roots":[[0,9,1],[0,33,1],[1,22,1],[17,2,1],[17,4,1]]}
0,1,2,37,3,0,0	220	7019	6	dual	{"lambda":[2,-2,-1,-1,0,2,0],"roots":[[0,41,2],[8,33,1],[14,33,1],[16,41,1],[17,2,1],[17,4,1],[34,9,1],[36,9,1]]}
0,1,2,37,3,0,0	220	7147	12	dual	{"lambda":[2,-2,-1,-1,0,2,0],"roots":[[0,41,2],[10,33,1],[12,33,1],[16,41,1],[17,2,1],[17,4,1],[32,9,1],[38,9,1]]}
0,1,2,37,3,0,0	220	8163	3	dual	{"lambda":[2,-2,0,0,0,0,0],"roots":[[0,9,1],[0,41,1],[8,49,2],[32,17,1],[38,1,1]]}
0,1,2,37,3,0,0	220	8167	6	dual	{"lambda":[1,-1,0,0,1,0,0],"roots":[[0,17,1],[8,49,1],[9,4,1],[13,0,1],[16,40,1],[38,1,1]]}
0,1,2,37,3,0,0	220	8179	3	primal	{"values":[[10,4],[12,3],[18,3],[20,3],[25,5],[34,2],[36,3],[43,2],[45,3],[46,1],[49,5],[54,2],[59,1]]}
0,1,2,37,3,0,0	220	15847	6	primal	{"values":[[0,1],[1,1],[10,1],[11,2],[12,2],[18,3],[20,3],[25,3],[30,2],[34,3],[36,3],[41,2],[43,1],[46,2],[49,4],[54,1],[61,3]]}
0,1,2,37,3,0,0	220	16359	3	dual	{"lambda":[0,0,0,0,1,0,0],"roots":[[8,49,1],[9,4,1],[13,0,1]]}
0,1,3,39,0,0,0	218	15	3	dual	{"lambda":[3,-1,-1,-1,-2],"roots":[[1,10,1],[1,12,1],[6,1,1]]}
0,1,3,39,0,0,0	218	31	3	dual	{"lambda":[2,-1,0,-1,-1],"roots":[[1,12,1],[6,1,1],[10,4,1]]}
0,1,3,39,0,0,0	218	63	1	primal	{"values":[[1,11],[3,2],[5,2],[6,7],[9,1],[10,8],[12,8]]}
0,1,3,37,2,0,0	219	1175	6	primal	{"values":[[2,1],[4,3],[8,2],[19,2],[22,2],[25,1],[26,3],[28,2],[33,1],[37,3],[38,2],[42,2],[44,3],[51,3],[55,1],[57,4],[62,2]]}
0,1,3,37,2,0,0	219	1207	6	primal	{"values":[[1,1],[4,3],[8,2],[19,1],[22,1],[25,2],[26,2],[28,4],[33,2],[37,1],[38,4],[42,4],[51,3],[53,2],[57,3],[62,2]]}
0,1,3,37,2,0,0	219	1239	12	primal	{"values":[[1,1],[4,3],[8,1],[17,2],[22,4],[26,3],[28,2],[35,4],[38,1],[42,4],[44,3],[53,4],[57,4],[62,1]]}
0,1,3,37,2,0,0	219	1271	12	dual	{"lambda":[2,-1,-1,-1,-1,0,1],"roots":[[0,17,1],[1,12,1],[33,2,1]]}
0,1,3,37,2,0,0	219	1463	12	primal	{"values":[[2,1],[4,3],[8,1],[17,2],[19,1],[21,1],[22,2],[26,4],[28,2],[33,2],[38,1],[41,2],[42,3],[44,4],[51,2],[53,3],[57,1],[59,1],[62,1]]}
0,1,3,37,2,0,0	219	1495	12	primal	{"values":[[8,5],[17,3],[22,4],[25,1],[26,2],[28,2],[33,4],[38,4],[42,1],[43,1],[44,2],[53,4],[59,2],[62,2]]}
0,1,3,37,2,0,0	219	1527	12	dual	{"lambda":[2,-1,-1,-1,-1,0,1],"roots":[[0,17,1],[1,12,1],[33,2,1]]}
0,1,3,37,2,0,0	219	1751	6	dual	{"lambda":[2,-1,-1,-1,-1,0,1],"roots":[[0,17,1],[1,6,1],[33,8,1]]}
0,1,3,37,2,0,0	219	1783	6	primal	{"values":[[2,1],[4,2],[8,2],[17,5],[26,3],[28,3],[33,4],[38,4],[42,2],[44,2],[51,2],[53,1],[55,1],[57,2],[62,3]]}
0,1,3,37,2,0,0	219	1975	12	primal	{"values":[[2,1],[4,3],[8,3],[17,4],[26,4],[28,2],[33,3],[38,4],[39,1],[42,1],[44,1],[51,1],[53,1],[55,1],[57,4],[62,3]]}
0,1,3,37,2,0,0	219	2007	12	primal	{"values":[[1,1],[4,3],[8,2],[17,3],[22,3],[26,4],[28,1],[33,1],[37,2],[38,2],[42,3],[44,3],[51,3],[53,2],[57,3],[62,1]]}
0,1,3,37,2,0,0	219	2039	12	primal	{"values":[[2,2],[4,2],[8,1],[17,4],[22,1],[25,1],[26,3],[28,3],[33,4],[38,3],[42,2],[44,3],[51,2],[53,2],[57,2],[62,2]]}
0,1,3,37,2,0,0	219	3495	3	primal	{"values":[[2,1],[4,2],[10,1],[22,2],[25,5],[26,3],[28,3],[33,5],[38,2],[42,3],[44,3],[51,3],[53,3],[62,1]]}
0,1,3,37,2,0,0	219	3503	6	primal	{"values":[[2,1],[4,2],[6,1],[8,1],[17,2],[19,1],[22,2],[26,3],[27,1],[28,3],[33,4],[38,2],[42,4],[44,3],[51,1],[53,2],[57,3],[61,1]]}
0,1,3,37,2,0,0	219	3555	6	dual	{"lambda":[3,-2,0,-1,-1,0,0],"roots":[[1,12,1],[6,25,2],[6,41,2],[8,17,1],[8,33,1],[10,1,1]]}
0,1,3,37,2,0,0	219	3559	6	primal	{"values":[[2,2],[4,1],[8,1],[17,1],[19,1],[22,2],[25,3],[26,3],[28,3],[33,5],[38,1],[42,4],[44,3],[51,1],[53,5],[62,1]]}
0,1,3,37,2,0,0	219	3567	12	primal	{"values":[[1,1],[2,1],[4,2],[8,2],[17,3],[22,2],[26,3],[28,3],[33,2],[37,2],[38,2],[42,4],[44,2],[51,2],[53,2],[57,3],[62,1]]}
0,1,3,37,2,0,0	219	4035	3	dual	{"lambda":[2,-1,-1,-1,0,0,0],"roots":[[1,6,1],[8,17,1],[8,33,1]]}
0,1,3,37,2,0,0	219	4039	3	primal	{"values":[[2,2],[4,2],[17,4],[19,1],[22,1],[26,3],[28,4],[33,2],[35,3],[38,1],[42,4],[44,3],[53,4],[57,2],[62,1]]}
0,1,3,37,2,0,0	219	4047	6	primal	{"values":[[2,3],[4,1],[8,5],[17,4],[22,2],[26,1],[28,1],[33,4],[37,1],[38,1],[42,1],[44,2],[51,3],[53,1],[61,2],[62,5]]}
0,1,3,37,2,0,0	219	4067	3	dual	{"lambda":[2,-2,0,0,0,0,0],"roots":[[6,25,2],[6,41,2],[8,17,1],[8,33,1],[10,1,1],[12,1,1]]}
0,1,3,37,2,0,0	219	4071	3	primal	{"values":[[2,2],[4,2],[17,5],[22,1],[26,3],[28,4],[33,3],[35,2],[38,2],[42,3],[44,3],[51,1],[53,2],[57,3],[62,1]]}
0,1,3,37,2,0,0	219	4079	6	primal	{"values":[[2,2],[4,1],[8,2],[17,3],[19,1],[22,2],[26,3],[28,3],[33,5],[38,2],[42,3],[44,3],[51,1],[53,3],[57,2],[62,1]]}
0,1,3,37,2,0,0	219	5271	2	dual	{"lambda":[8,-3,-4,-4,-4,0,4],"roots":[[0,17,4],[1,6,1],[1,10,1],[1,12,1],[33,2,2],[33,4,2],[33,8,2]]}
0,1,3,37,2,0,0	219	5303	6	primal	{"values":[[2,1],[4,1],[8,3],[17,3],[22,1],[26,4],[28,3],[33,2],[38,5],[41,3],[42,1],[44,2],[51,2],[53,2],[55,2],[57,1],[62,1]]}
0,1,3,37,2,0,0	219	5367	6	dual	{"lambda":[2,-1,-1,-1,-1,0,1],"roots":[[0,17,1],[1,12,1],[33,2,1]]}
0,1,3,37,2,0,0	219	5399	6	primal	{"values":[[4,4],[8,2],[17,2],[19,1],[22,4],[25,2],[26,2],[33,1],[38,1],[41,2],[42,4],[43,1],[44,2],[51,2],[53,4],[62,3]]}
0,1,3,37,2,0,0	219	5431	12	primal	{"values":[[1,1],[2,1],[4,1],[8,4],[17,2],[21,1],[22,1],[26,4],[28,2],[33,2],[38,5],[39,1],[44,2],[51,2],[53,2],[57,3],[59,1],[62,2]]}
0,1,3,37,2,0,0	219	5495	6	dual	{"lambda":[2,-1,-1,-1,-1,0,1],"roots":[[0,17,1],[1,12,1],[33,2,1]]}
0,1,3,37,2,0,0	219	5559	12	primal	{"values":[[2,1],[4,1],[5,1],[8,3],[17,3],[22,2],[26,4],[28,2],[33,2],[37,2],[38,4],[42,1],[44,3],[51,2],[55,1],[57,4],[62,1]]}
0,1,3,37,2,0,0	219	5623	6	dual	{"lambda":[2,-1,0,-1,-1,0,1],"roots":[[0,17,1],[0,44,1],[22,1,1],[26,36,1],[33,4,1],[33,8,1],[34,17,1]]}
0,1,3,37,2,0,0	219	5879	2	dual	{"lambda":[3,-3,-1,-1,-1,0,3],"roots":[[0,17,2],[22,32,1],[26,32,1],[28,32,1],[32,17,2],[33,2,1],[33,4,1],[33,8,1]]}
0,1,3,37,2,0,0	219	5911	6	primal	{"values":[[1,4],[2,1],[4,4],[22,4],[26,4],[42,5],[44,3],[51,3],[53,4],[57,3],[61,1],[62,1]]}
0,1,3,37,2,0,0	219	5943	12	primal	{"values":[[2,2],[8,3],[17,4],[22,4],[26,4],[33,1],[35,3],[38,3],[44,5],[53,3],[57,4],[62,1]]}
0,1,3,37,2,0,0	219	6007	6	primal	{"values":[[2,1],[4,2],[8,1],[12,1],[17,5],[22,3],[26,3],[28,1],[33,4],[38,2],[42,3],[44,3],[51,2],[53,2],[57,2],[62,2]]}
0,1,3,37,2,0,0	219	6071	12	dual	{"lambda":[2,-1,-1,-1,-1,0,1],"roots":[[0,17,1],[1,10,1],[33,4,1]]}
0,1,3,37,2,0,0	219	6135	6	dual	{"lambda":[3,-3,-1,-1,-1,0,3],"roots":[[0,17,2],[22,32,1],[26,32,1],[28,0,1],[32,17,2],[33,2,1],[33,4,1],[33,8,1]]}
0,1,3,37,2,0,0	219	6567	12	primal	{"values":[[1,5],[2,3],[8,1],[22,4],[25,1],[28,3],[38,1],[42,3],[44,4],[51,3],[53,3],[57,4],[62,2]]}
0,1,3,37,2,0,0	219	6575	12	primal	{"values":[[1,1],[2,4],[9,2],[17,2],[22,4],[28,4],[33,3],[38,1],[42,3],[44,4],[51,2],[53,2],[57,3],[62,2]]}
0,1,3,37,2,0,0	219	6583	12	primal	{"values":[[1,3],[2,2],[4,4],[19,1],[21,1],[22,2],[26,1],[28,4],[33,2],[42,5],[44,1],[51,2],[53,2],[57,4],[62,3]]}
0,1,3,37,2,0,0	219	6631	6	primal	{"values":[[1,1],[2,2],[8,2],[17,1],[21,3],[22,4],[26,1],[28,3],[33,4],[38,2],[42,3],[44,3],[51,2],[53,1],[57,4],[62,1]]}
0,1,3,37,2,0,0	219	6639	12	primal	{"values":[[1,3],[2,5],[8,1],[17,1],[22,2],[26,1],[28,4],[33,2],[38,1],[42,2],[44,4],[51,2],[53,4],[57,3],[62,2]]}
0,1,3,37,2,0,0	219	7077	12	primal	{"values":[[1,1],[2,1],[4,2],[8,1],[17,5],[22,3],[26,2],[28,2],[38,1],[39,1],[41,4],[42,2],[44,4],[51,4],[53,2],[62,2]]}
0,1,3,37,2,0,0	219	7079	12	primal	{"values":[[2,2],[4,1],[8,1],[17,2],[21,1],[22,4],[25,2],[26,1],[28,3],[33,5],[38,2],[42,3],[44,3],[51,2],[55,1],[57,3],[62,1]]}
0,1,3,37,2,0,0	219	7087	12	primal	{"values":[[2,2],[3,1],[4,5],[17,3],[22,1],[26,4],[28,1],[33,4],[42,2],[44,4],[51,2],[53,1],[55,1],[57,3],[62,3]]}
0,1,3,37,2,0,0	219	7095	12	primal	{"values":[[2,3],[4,2],[9,1],[17,4],[22,2],[26,2],[28,4],[33,3],[38,2],[42,3],[44,3],[51,3],[53,1],[57,2],[61,1],[62,1]]}
0,1,3,37,2,0,0	219	7139	12	primal	{"values":[[1,1],[2,1],[4,1],[8,2],[17,2],[19,3],[22,2],[26,2],[28,3],[33,3],[35,1],[38,2],[42,3],[44,3],[53,4],[57,3],[62,1]]}
0,1,3,37,2,0,0	219	7143	6	primal	{"values":[[2,2],[4,2],[17,4],[22,3],[25,1],[26,2],[28,3],[33,5],[38,1],[42,3],[44,4],[51,3],[53,1],[57,1],[61,1],[62,1]]}
0,1,3,37,2,0,0	219	7151	12	primal	{"values":[[2,2],[4,1],[8,2],[17,4],[22,4],[26,1],[28,3],[33,4],[38,2],[41,1],[42,3],[44,3],[51,2],[53,2],[57,2],[62,1]]}
0,1,3,37,2,0,0	219	7591	6	dual	{"lambda":[1,-1,0,0,0,0,0],"roots":[[0,17,1],[22,1,1],[24,33,1]]}
0,1,3,37,2,0,0	219	7599	6	primal	{"values":[[2,2],[4,3],[8,1],[17,2],[21,2],[22,2],[26,2],[28,3],[33,4],[38,2],[41,1],[42,4],[44,2],[51,2],[57,2],[59,1],[61,1],[62,1]]}
0,1,3,37,2,0,0	219	7607	6	primal	{"values":[[2,1],[4,5],[17,4],[22,2],[26,4],[28,2],[33,2],[38,1],[41,2],[42,4],[44,2],[45,1],[51,2],[53,2],[57,1],[59,1],[62,1]]}
0,1,3,37,2,0,0	219	7655	12	dual	{"lambda":[2,-1,0,-1,-1,0,0],"roots":[[0,49,1],[1,12,1],[2,17,1],[22,33,1],[26,33,1]]}
0,1,3,37,2,0,0	219	7663	12	primal	{"values":[[2,1],[4,3],[5,1],[8,2],[17,2],[19,1],[22,2],[26,2],[28,3],[33,4],[38,2],[42,5],[44,1],[51,1],[53,3],[57,3],[62,1]]}
0,1,3,37,2,0,0	219	7671	12	dual	{"lambda":[2,-1,-1,-1,-1,0,1],"roots":[[0,17,1],[1,12,1],[33,2,1]]}
0,1,3,37,2,0,0	219	8131	6	dual	{"lambda":[1,-1,0,0,0,0,0],"roots":[[0,17,1],[18,33,1],[28,1,1]]}
0,1,3,37,2,0,0	219	8135	6	dual	{"lambda":[3,-2,-1,-1,0,0,0],"roots":[[0,49,2],[1,6,1],[8,17,1],[20,33,1],[26,33,2],[28,1,1],[32,17,1]]}
0,1,3,37,2,0,0	219	8143	6	primal	{"values":[[2,3],[3,1],[8,3],[17,2],[22,3],[25,1],[26,2],[28,2],[33,4],[38,2],[42,1],[44,5],[51,3],[53,3],[57,1],[62,1]]}
0,1,3,37,2,0,0	219	8151	6	dual	{"lambda":[4,-2,-2,-2,-1,0,3],"roots":[[0,17,2],[1,6,2],[8,17,1],[26,1,1],[28,1,1],[32,17,1],[33,4,2],[33,8,1],[37,2,2]]}
0,1,3,37,2,0,0	219	8163	6	dual	{"lambda":[1,-1,0,0,0,0,0],"roots":[[0,17,1],[22,33,1],[26,33,1],[28,33,1]]}
0,1,3,37,2,0,0	219	8167	6	dual	{"lambda":[1,-1,0,0,0,0,0],"roots":[[0,17,1],[22,32,1],[26,33,1],[28,33,1]]}
0,1,3,37,2,0,0	219	8183	6	dual	{"lambda":[1,-1,0,0,0,0,0],"roots":[[0,17,1],[22,32,1],[26,32,1],[28,0,1]]}
0,1,3,37,2,0,0	219	15847	3	dual	{"lambda":[1,-1,0,0,0,0,0],"roots":[[0,49,1],[20,33,1],[26,33,1],[38,1,1],[40,17,1]]}
0,1,3,37,2,0,0	219	15855	6	dual	{"lambda":[2,-1,-1,-1,-1,1,0],"roots":[[0,33,1],[1,12,1],[17,2,1]]}
0,1,3,37,2,0,0	219	16359	1	dual	{"lambda":[1,-1,0,0,0,0,0],"roots":[[0,49,1],[22,33,1],[26,33,1],[28,33,1],[38,17,1],[42,17,1],[44,17,1]]}
0,1,3,37,2,0,0	219	21943	12	primal	{"values":[[2,2],[4,2],[10,1],[17,2],[21,1],[22,2],[25,2],[26,3],[28,3],[33,5],[38,3],[39,1],[42,2],[44,3],[55,1],[57,3],[62,1]]}
0,1,3,37,2,0,0	219	22007	6	dual	{"lambda":[2,-1,0,-1,-1,0,1],"roots":[[0,17,1],[0,44,1],[22,40,1],[26,1,1],[33,4,1],[33,8,1],[34,17,1]]}
0,1,3,37,2,0,0	219	22455	12	primal	{"values":[[1,4],[2,2],[8,3],[22,2],[26,4],[28,3],[33,1],[37,1],[38,5],[44,3],[51,3],[53,2],[57,4]]}
0,1,3,37,2,0,0	219	22519	6	dual	{"lambda":[1,-1,0,0,0,0,0],"roots":[[0,17,1],[22,32,1],[26,32,1],[28,32,1]]}
0,1,3,37,2,0,0	219	23991	6	primal	{"values":[[1,4],[2,2],[4,2],[6,1],[22,2],[25,1],[26,3],[28,3],[30,1],[33,2],[38,2],[42,3],[44,3],[51,2],[53,2],[57,4]]}
0,1,3,37,2,0,0	219	24055	12	primal	{"values":[[1,3],[2,2],[4,4],[17,1],[22,2],[26,3],[28,4],[33,2],[38,1],[42,4],[43,1],[44,2],[51,2],[53,3],[57,3]]}
0,1,3,37,2,0,0	219	24535	6	primal	{"values":[[2,2],[4,3],[17,4],[19,1],[22,3],[26,3],[28,3],[33,3],[37,2],[42,4],[43,1],[44,4],[51,2],[53,1],[57,1]]}
0,1,3,37,2,0,0	219	24567	6	dual	{"lambda":[1,-1,0,0,0,0,0],"roots":[[0,17,1],[22,0,1],[26,32,1],[28,32,1]]}
0,1,3,37,2,0,0	219	32231	3	dual	{"lambda":[1,-1,0,0,0,0,0],"roots":[[0,17,1],[22,1,1],[24,33,1]]}
0,1,3,37,2,0,0	219	32239	6	primal	{"values":[[1,4],[2,3],[4,1],[8,2],[17,2],[22,2],[26,2],[28,3],[37,1],[38,3],[42,3],[44,3],[51,2],[53,3],[57,3]]}
0,1,4,37,1,0,0	218	319	12	primal	{"values":[[5,1],[6,2],[10,3],[12,5],[17,2],[18,1],[20,3],[35,1],[37,1],[39,1],[41,2],[43,1],[45,1],[49,3],[54,3],[57,1],[58,5],[60,1]]}
0,1,4,37,1,0,0	218	383	12	primal	{"values":[[5,1],[6,2],[9,2],[10,1],[12,4],[18,2],[20,1],[24,4],[35,1],[37,3],[41,2],[43,1],[46,1],[49,3],[51,1],[54,5],[58,2],[60,1]]}
0,1,4,37,1,0,0	218	511	4	dual	{"lambda":[2,-1,-1,-1,-1,-1,1],"roots":[[3,28,1],[33,2,1]]}
0,1,4,37,1,0,0	218	831	24	primal	{"values":[[1,2],[6,2],[11,1],[12,3],[17,1],[18,4],[20,3],[24,1],[35,2],[37,1],[41,2],[45,2],[46,3],[49,3],[54,1],[58,4],[60,2]]}
0,1,4,37,1,0,0	218	895	12	primal	{"values":[[1,1],[5,2],[6,1],[9,1],[10,2],[12,2],[18,3],[20,3],[24,2],[35,2],[37,2],[41,2],[46,3],[49,4],[54,2],[58,3],[60,2]]}
0,1,4,37,1,0,0	218	927	12	primal	{"values":[[1,1],[6,3],[9,1],[10,1],[12,3],[17,1],[18,4],[20,3],[35,1],[37,2],[39,1],[41,3],[43,1],[46,2],[49,2],[53,1],[58,4],[60,3]]}
0,1,4,37,1,0,0	218	959	24	primal	{"values":[[1,2],[5,1],[6,1],[10,2],[18,3],[20,3],[24,5],[35,1],[37,2],[39,1],[41,4],[46,5],[49,2],[51,1],[54,2],[60,2]]}
0,1,4,37,1,0,0	218	1023	12	dual	{"lambda":[9,-4,-4,-4,-4,-5,5],"roots":[[0,52,1],[0,56,1],[1,20,2],[1,24,1],[12,1,1],[33,2,4],[33,8,1],[34,1,1],[35,20,2]]}
0,1,4,37,1,0,0	218	1855	12	primal	{"values":[[1,1],[3,1],[6,2],[9,1],[10,3],[12,4],[17,1],[18,1],[20,3],[35,2],[37,2],[41,3],[49,3],[54,3],[58,5],[60,2]]}
0,1,4,37,1,0,0	218	1887	24	primal	{"values":[[1,2],[6,1],[10,5],[12,3],[17,2],[18,3],[20,1],[35,2],[37,3],[41,1],[45,1],[46,1],[49,3],[54,3],[58,2],[60,4]]}
0,1,4,37,1,0,0	218	1919	24	primal	{"values":[[1,3],[6,1],[9,1],[10,2],[12,4],[18,3],[20,3],[35,2],[37,2],[41,2],[46,2],[49,4],[54,2],[58,4],[60,2]]}
0,1,4,37,1,0,0	218	2015	12	dual	{"lambda":[4,-1,-2,-2,-2,-2,2],"roots":[[1,6,1],[1,24,2],[33,2,1],[33,4,1]]}
0,1,4,37,1,0,0	218	2367	6	primal	{"values":[[1,1],[3,1],[5,1],[6,1],[12,5],[14,1],[18,4],[20,3],[25,1],[35,1],[37,1],[41,3],[43,1],[46,2],[49,3],[53,1],[54,1],[58,5],[60,1]]}
0,1,4,37,1,0,0	218	2431	24	primal	{"values":[[1,3],[10,4],[12,3],[14,1],[18,3],[20,4],[37,2],[41,3],[43,1],[46,1],[49,2],[51,2],[53,1],[54,2],[58,2],[60,3]]}
0,1,4,37,1,0,0	218	2559	12	primal	{"values":[[1,2],[5,1],[6,1],[9,1],[10,3],[12,4],[18,2],[20,4],[35,1],[37,2],[41,2],[43,1],[46,1],[49,4],[54,2],[58,4],[60,2]]}
0,1,4,37,1,0,0	218	2911	12	primal	{"values":[[1,2],[5,1],[6,1],[10,1],[11,1],[12,1],[13,1],[18,4],[20,3],[24,3],[35,2],[37,2],[41,1],[46,5],[49,4],[54,1],[58,2],[60,2]]}
0,1,4,37,1,0,0	218	2943	12	primal	{"values":[[1,2],[6,2],[9,2],[10,4],[18,3],[20,5],[35,2],[37,1],[41,2],[45,1],[46,2],[49,4],[54,1],[58,2],[60,4]]}
0,1,4,37,1,0,0	218	2975	12	primal	{"values":[[1,2],[3,1],[6,1],[10,3],[19,1],[20,5],[24,5],[35,2],[37,2],[41,2],[46,5],[47,1],[49,3],[54,2],[58,1],[60,1]]}
0,1,4,37,1,0,0	218	3007	12	primal	{"values":[[1,3],[6,1],[10,4],[12,4],[20,5],[24,1],[35,2],[37,1],[41,2],[45,2],[49,3],[51,1],[54,3],[58,5]]}
0,1,4,37,1,0,0	218	3039	24	primal	{"values":[[1,3],[6,1],[9,1],[12,2],[18,4],[20,3],[24,4],[35,2],[37,2],[41,2],[45,1],[46,5],[49,2],[51,1],[54,2],[58,1],[60,1]]}
0,1,4,37,1,0,0	218	3071	24	primal	{"values":[[1,3],[6,1],[9,1],[10,5],[12,2],[18,3],[20,3],[35,2],[37,2],[41,2],[46,1],[49,4],[54,2],[58,1],[60,5]]}
0,1,4,37,1,0,0	218	4063	6	dual	{"lambda":[2,0,-1,-1,-1,-1,1],"roots":[[1,6,1],[1,24,1],[33,2,1],[35,4,1]]}
0,1,4,37,1,0,0	218	5951	12	primal	{"values":[[1,4],[3,1],[6,1],[10,2],[12,3],[18,2],[20,4],[35,3],[37,2],[41,2],[46,2],[49,2],[54,1],[58,5],[60,3]]}
0,1,4,37,1,0,0	218	6463	6	primal	{"values":[[1,3],[5,1],[6,4],[10,2],[12,2],[14,1],[17,1],[18,3],[24,1],[35,2],[41,3],[45,1],[49,2],[54,3],[57,1],[58,2],[60,5]]}
0,1,4,37,1,0,0	218	6527	24	primal	{"values":[[1,3],[5,1],[6,2],[12,5],[18,4],[20,3],[35,1],[37,1],[41,2],[43,1],[45,1],[46,2],[49,4],[54,1],[58,5],[60,1]]}
0,1,4,37,1,0,0	218	6655	12	primal	{"values":[[1,5],[6,2],[10,5],[12,1],[18,2],[20,3],[37,3],[41,3],[46,1],[49,2],[51,1],[54,2],[58,2],[60,5]]}
0,1,4,37,1,0,0	218	7007	12	primal	{"values":[[1,2],[3,1],[5,2],[6,1],[10,5],[12,2],[20,2],[24,3],[35,2],[37,2],[41,1],[46,1],[49,4],[54,5],[58,2],[60,2]]}
0,1,4,37,1,0,0	218	7039	12	primal	{"values":[[1,4],[6,3],[10,4],[18,3],[20,3],[24,1],[35,2],[37,2],[41,1],[46,3],[49,4],[57,1],[58,1],[60,5]]}
0,1,4,37,1,0,0	218	7071	12	primal	{"values":[[1,5],[10,3],[12,1],[18,3],[20,5],[24,1],[35,2],[37,2],[41,1],[45,1],[46,5],[49,1],[51,1],[54,1],[57,1],[58,2],[60,2]]}
0,1,4,37,1,0,0	218	7103	12	dual	{"lambda":[4,-1,-2,-2,-2,-2,2],"roots":[[1,10,1],[1,20,2],[33,2,1],[33,8,1]]}
0,1,4,37,1,0,0	218	7135	24	primal	{"values":[[1,4],[6,2],[10,2],[18,3],[20,4],[24,3],[35,2],[37,3],[41,2],[46,5],[49,2],[51,1],[58,1],[60,3]]}
0,1,4,37,1,0,0	218	10607	12	primal	{"values":[[1,1],[6,4],[10,4],[17,3],[20,4],[24,1],[25,1],[35,2],[37,3],[41,4],[54,3],[57,1],[58,3],[60,3]]}
0,1,4,37,1,0,0	218	10623	12	primal	{"values":[[1,2],[6,5],[9,2],[12,3],[17,1],[18,4],[24,1],[26,1],[35,1],[37,2],[41,2],[46,1],[49,3],[54,2],[57,1],[58,2],[60,4]]}
0,1,4,37,1,0,0	218	10734	12	primal	{"values":[[1,1],[5,4],[6,2],[10,4],[18,1],[20,4],[24,2],[35,2],[41,4],[45,2],[49,2],[51,1],[54,3],[58,3],[60,2]]}
0,1,4,37,1,0,0	218	10735	12	primal	{"values":[[1,2],[5,3],[6,4],[10,2],[12,1],[18,2],[20,1],[24,3],[35,1],[39,1],[41,4],[46,1],[49,4],[54,2],[58,2],[60,4]]}
0,1,4,37,1,0,0	218	10751	12	primal	{"values":[[1,2],[5,2],[6,2],[9,1],[10,5],[12,1],[18,3],[20,3],[35,1],[37,2],[41,2],[46,1],[49,4],[54,1],[58,2],[60,5]]}
0,1,4,37,1,0,0	218	11119	4	primal	{"values":[[1,2],[6,3],[7,1],[9,2],[10,4],[12,1],[18,1],[20,1],[24,3],[35,1],[37,4],[49,5],[54,3],[58,3],[60,3]]}
0,1,4,37,1,0,0	218	11151	12	primal	{"values":[[1,1],[6,4],[12,1],[15,1],[17,3],[20,3],[24,5],[35,4],[37,3],[41,3],[46,2],[54,2],[58,4],[60,1]]}
0,1,4,37,1,0,0	218	11167	12	primal	{"values":[[1,1],[3,1],[6,1],[10,3],[12,5],[17,3],[18,1],[20,1],[24,3],[35,2],[37,2],[41,2],[46,2],[49,2],[51,1],[54,5],[58,1],[60,1]]}
0,1,4,37,1,0,0	218	11183	24	primal	{"values":[[1,1],[6,5],[9,4],[12,3],[18,2],[24,3],[35,3],[37,3],[49,4],[54,2],[58,4],[60,3]]}
0,1,4,37,1,0,0	218	11199	24	primal	{"values":[[1,4],[7,1],[10,3],[12,5],[18,2],[20,4],[35,2],[37,1],[41,2],[46,1],[49,3],[51,1],[54,2],[58,4],[60,2]]}
0,1,4,37,1,0,0	218	11246	12	primal	{"values":[[1,1],[5,4],[6,3],[10,4],[18,1],[20,2],[24,3],[35,2],[37,1],[41,4],[49,3],[53,1],[54,3],[58,3],[60,2]]}
0,1,4,37,1,0,0	218	11247	12	primal	{"values":[[1,3],[6,4],[9,1],[10,3],[12,2],[17,1],[18,1],[24,3],[35,1],[37,4],[41,1],[49,4],[54,3],[58,3],[60,3]]}
0,1,4,37,1,0,0	218	11719	24	primal	{"values":[[1,2],[5,2],[6,2],[10,1],[12,1],[13,1],[18,4],[20,2],[21,1],[24,2],[35,4],[41,3],[43,1],[46,2],[49,2],[54,1],[58,1],[60,5]]}
0,1,4,37,1,0,0	218	11727	24	primal	{"values":[[1,3],[3,1],[6,1],[10,3],[12,1],[18,4],[20,2],[21,1],[24,2],[37,4],[41,5],[46,2],[51,1],[54,3],[58,1],[60,3]]}
0,1,4,37,1,0,0	218	11743	24	primal	{"values":[[1,4],[6,1],[10,3],[12,3],[18,2],[20,1],[24,5],[35,2],[37,2],[41,2],[45,1],[46,2],[49,2],[54,5],[55,1],[60,1]]}
0,1,4,37,1,0,0	218	11751	24	primal	{"values":[[1,5],[6,2],[9,1],[10,1],[12,1],[18,4],[20,2],[24,2],[35,2],[37,1],[41,4],[46,1],[47,1],[53,2],[54,2],[58,2],[60,4]]}
0,1,4,37,1,0,0	218	11758	24	primal	{"values":[[1,5],[6,4],[10,2],[12,1],[18,2],[21,1],[24,3],[37,3],[41,4],[46,1],[51,3],[54,2],[58,2],[60,4]]}
0,1,4,37,1,0,0	218	11759	24	primal	{"values":[[1,5],[6,5],[10,3],[20,2],[24,3],[35,2],[37,1],[41,4],[49,1],[53,2],[54,2],[58,3],[60,4]]}
0,1,4,37,1,0,0	218	11775	24	primal	{"values":[[1,4],[5,1],[6,5],[10,2],[18,3],[24,4],[35,1],[37,2],[41,3],[46,2],[49,3],[54,1],[58,1],[60,5]]}
0,1,4,37,1,0,0	218	12231	12	dual	{"lambda":[3,-1,-1,-1,-1,-1,0],"roots":[[0,33,1],[1,6,1],[1,24,1]]}
0,1,4,37,1,0,0	218	12239	12	dual	{"lambda":[3,-1,-1,-1,-1,-1,0],"roots":[[0,33,1],[1,6,1],[1,24,1]]}
0,1,4,37,1,0,0	218	12255	12	dual	{"lambda":[2,0,-1,-1,-1,-1,1],"roots":[[1,6,1],[1,24,1],[33,4,1],[37,2,1]]}
0,1,4,37,1,0,0	218	12263	12	dual	{"lambda":[3,-2,0,0,-1,-1,0],"roots":[[0,49,1],[1,24,1],[2,49,1],[4,49,1],[16,33,1],[18,1,1],[20,1,1]]}
0,1,4,37,1,0,0	218	12269	24	primal	{"values":[[1,5],[6,4],[12,4],[18,2],[24,3],[35,1],[37,2],[41,4],[49,1],[51,3],[54,3],[58,2],[60,3]]}
0,1,4,37,1,0,0	218	12271	12	primal	{"values":[[1,5],[6,3],[10,2],[12,3],[18,2],[20,2],[24,1],[35,2],[37,1],[41,4],[49,3],[54,3],[58,3],[60,3]]}
0,1,4,37,1,0,0	218	15751	4	primal	{"values":[[5,3],[6,1],[9,3],[10,1],[12,1],[17,1],[18,2],[20,3],[24,3],[35,5],[37,1],[41,2],[46,3],[49,1],[54,3],[58,2],[60,2]]}
0,1,4,37,1,0,0	218	15759	4	primal	{"values":[[1,3],[5,2],[6,2],[12,3],[18,3],[20,3],[24,2],[35,3],[37,1],[41,4],[46,3],[51,1],[53,1],[54,1],[58,4],[60,1]]}
0,1,4,37,1,0,0	218	15775	4	dual	{"lambda":[2,-1,-1,-1,-1,-1,1],"roots":[[1,14,1],[35,12,1],[37,10,1],[41,6,1]]}
0,1,4,37,1,0,0	218	15783	12	primal	{"values":[[1,6],[6,2],[10,1],[12,1],[18,2],[20,4],[24,2],[35,2],[37,2],[41,3],[45,1],[46,1],[47,1],[54,2],[58,4],[59,1],[60,2]]}
0,1,4,37,1,0,0	218	15791	12	primal	{"values":[[1,4],[6,1],[9,1],[10,1],[12,3],[18,2],[20,4],[24,2],[35,3],[37,3],[39,1],[41,2],[46,2],[49,1],[54,1],[58,5],[60,1]]}
0,1,4,37,1,0,0	218	15807	12	primal	{"values":[[1,4],[6,2],[9,1],[10,3],[12,3],[18,1],[20,5],[35,2],[37,2],[41,3],[46,1],[49,2],[54,2],[58,5],[60,1]]}
0,1,4,37,1,0,0	218	15847	12	primal	{"values":[[1,5],[6,1],[10,1],[11,1],[12,2],[18,4],[20,2],[24,2],[35,3],[37,4],[41,2],[46,1],[54,2],[57,1],[58,2],[60,4]]}
0,1,4,37,1,0,0	218	15854	12	primal	{"values":[[1,5],[6,3],[10,4],[12,1],[18,1],[20,2],[24,2],[35,2],[37,5],[41,1],[54,3],[57,3],[58,3],[60,2]]}
0,1,4,37,1,0,0	218	15855	12	primal	{"values":[[1,5],[6,4],[10,3],[12,1],[18,1],[20,2],[24,2],[35,1],[37,3],[41,4],[49,2],[54,3],[58,3],[60,3]]}
0,1,4,37,1,0,0	218	16359	4	dual	{"lambda":[2,-2,0,0,0,0,0],"roots":[[0,33,1],[0,49,1],[18,1,1],[20,1,1],[24,1,1]]}
0,1,4,37,1,0,0	218	16363	12	primal	{"values":[[1,4],[6,3],[10,4],[12,2],[17,1],[18,1],[20,1],[24,2],[35,2],[37,4],[41,2],[49,3],[54,2],[58,3],[60,3]]}
0,1,4,37,1,0,0	218	27118	4	split	{"left":{"branch_weight":2,"lambda":[6,-3,0,-2,-2,-2,0],"roots":[[0,33,2],[1,12,1],[1,20,1],[1,24,1],[2,33,2],[50,1,2]]},"real_primal":{"denominator":2,"values":[[3,1],[5,9],[6,3],[9,2],[10,7],[12,4],[18,6],[20,5],[24,1],[35,4],[41,5],[43,2],[46,3],[49,9],[54,3],[58,3],[60,7]]},"right":{"branch_weight":2,"lambda":[6,-3,0,-2,-2,-2,0],"roots":[[0,33,2],[1,12,1],[1,20,1],[1,24,1],[2,33,2],[38,1,2],[42,1,2]]},"signature":46,"threshold":1}
0,1,4,37,1,0,0	218	27119	4	dual	{"lambda":[6,-4,0,-2,-2,-2,0],"roots":[[0,33,2],[1,28,2],[2,33,2],[38,1,1],[42,1,1],[50,1,1]]}
0,1,4,37,1,0,0	218	27535	3	dual	{"lambda":[1,-1,0,0,0,0,0],"roots":[[0,33,1],[44,1,1],[50,1,1]]}
0,1,4,37,1,0,0	218	27551	3	dual	{"lambda":[0,0,0,0,0,0,1],"roots":[[35,4,1],[37,16,1],[41,2,1],[44,0,1],[49,8,1],[50,0,1]]}
0,1,4,37,1,0,0	218	27567	12	dual	{"lambda":[1,-1,0,0,0,0,0],"roots":[[0,33,1],[44,1,1],[50,1,1]]}
0,1,4,37,1,0,0	218	27583	12	dual	{"lambda":[0,0,0,0,0,0,1],"roots":[[33,0,1],[44,0,1],[50,0,1]]}
0,1,4,37,1,0,0	218	27630	12	dual	{"lambda":[1,-1,0,0,0,0,0],"roots":[[0,33,1],[44,1,1],[50,1,1]]}
0,1,4,37,1,0,0	218	27631	12	dual	{"lambda":[1,-1,0,0,0,0,0],"roots":[[0,33,1],[44,0,1],[50,1,1]]}
0,1,4,37,1,0,0	218	28623	3	dual	{"lambda":[1,-1,0,0,0,0,0],"roots":[[0,33,1],[44,1,1],[50,1,1]]}
0,1,4,37,1,0,0	218	28639	3	dual	{"lambda":[0,0,0,0,0,0,1],"roots":[[35,0,1],[37,0,1],[41,0,1],[42,0,1],[49,0,1],[52,0,1]]}
0,1,4,37,1,0,0	218	28653	12	dual	{"lambda":[1,-1,0,0,0,0,0],"roots":[[0,33,1],[42,1,1],[44,0,1]]}
0,1,4,37,1,0,0	218	28655	6	dual	{"lambda":[1,-1,0,0,0,0,0],"roots":[[0,33,1],[42,0,1],[44,0,1]]}
0,1,5,37,0,0,0	217	510	5	primal	{"values":[[5,2],[9,2],[13,2],[14,4],[17,2],[21,2],[22,4],[28,1],[33,2],[37,1],[42,4],[44,2],[49,2],[50,4],[56,3]]}
0,1,5,37,0,0,0	217	927	30	primal	{"values":[[7,1],[9,2],[13,2],[14,3],[17,1],[19,1],[21,2],[22,3],[26,1],[28,3],[33,5],[38,2],[42,2],[44,2],[50,4],[56,3]]}
0,1,5,37,0,0,0	217	958	60	primal	{"values":[[3,1],[5,2],[9,2],[13,1],[14,1],[17,4],[22,4],[26,4],[33,1],[37,1],[41,1],[42,5],[44,4],[51,2],[52,4]]}
0,1,5,37,0,0,0	217	959	60	primal	{"values":[[3,1],[5,2],[9,2],[13,1],[14,3],[17,3],[22,2],[25,1],[26,2],[28,2],[33,2],[37,1],[41,1],[42,5],[44,1],[50,3],[52,5]]}
0,1,5,37,0,0,0	217	1022	30	primal	{"values":[[3,1],[5,1],[9,2],[13,1],[14,2],[17,4],[22,4],[28,4],[33,3],[37,2],[38,1],[42,5],[44,1],[50,2],[51,1],[52,1],[56,2]]}
0,1,5,37,0,0,0	217	1023	30	primal	{"values":[[3,1],[5,2],[9,2],[14,2],[17,4],[22,4],[26,2],[28,2],[33,4],[42,4],[44,4],[50,1],[51,1],[52,3],[56,1]]}
0,1,5,37,0,0,0	217	1887	60	primal	{"values":[[3,1],[5,1],[9,1],[13,1],[14,4],[17,3],[19,1],[21,1],[22,3],[28,3],[33,4],[35,1],[38,1],[42,4],[44,1],[50,2],[52,2],[56,3]]}
0,1,5,37,0,0,0	217	1917	120	primal	{"values":[[3,2],[11,1],[13,1],[14,2],[17,5],[22,3],[26,3],[28,2],[33,4],[35,1],[38,2],[42,2],[44,4],[52,2],[53,1],[56,2]]}
0,1,5,37,0,0,0	217	1919	60	primal	{"values":[[3,2],[5,1],[9,2],[13,2],[14,2],[17,4],[22,4],[28,2],[33,3],[42,4],[44,3],[50,4],[52,2],[56,2]]}
0,1,5,37,0,0,0	217	2014	60	primal	{"values":[[3,2],[5,1],[9,2],[13,1],[17,4],[22,4],[26,4],[28,1],[33,1],[37,3],[38,4],[42,3],[44,3],[49,1],[56,3]]}
0,1,5,37,0,0,0	217	2015	60	dual	{"lambda":[3,-1,-1,-1,-1,-1,-1],"roots":[[1,6,1],[1,56,1]]}
0,1,5,37,0,0,0	217	2045	60	primal	{"values":[[3,1],[5,2],[9,4],[14,2],[17,2],[25,1],[26,3],[28,4],[33,4],[38,4],[42,2],[44,1],[50,2],[51,1],[52,4]]}
0,1,5,37,0,0,0	217	2046	60	primal	{"values":[[3,2],[7,1],[9,4],[14,2],[17,2],[21,1],[22,2],[26,1],[28,4],[33,4],[38,4],[41,1],[42,1],[44,1],[50,3],[52,1],[56,3]]}
0,1,5,37,0,0,0	217	2047	60	primal	{"values":[[3,1],[5,2],[9,3],[14,2],[17,4],[22,2],[26,2],[28,3],[33,4],[38,4],[42,4],[52,3],[56,3]]}
0,1,5,37,0,0,0	217	4061	20	dual	{"lambda":[3,-1,-1,-1,-1,-1,-1],"roots":[[1,6,1],[1,56,1]]}
0,1,5,37,0,0,0	217	4063	10	dual	{"lambda":[3,-1,-1,-1,-1,-1,-1],"roots":[[1,6,1],[1,56,1]]}
0,1,5,37,0,0,0	217	4093	20	primal	{"values":[[3,2],[5,1],[9,4],[14,2],[17,4],[22,2],[26,2],[28,3],[33,3],[38,2],[42,3],[44,3],[49,1],[50,2],[52,3]]}
0,1,5,37,0,0,0	217	5919	10	primal	{"values":[[3,4],[5,1],[11,1],[14,3],[17,3],[22,4],[26,3],[33,4],[41,1],[42,1],[44,3],[46,2],[52,4],[56,3]]}
0,1,5,37,0,0,0	217	5949	60	primal	{"values":[[3,4],[5,3],[9,1],[14,2],[17,1],[22,4],[25,1],[27,1],[28,2],[33,3],[38,2],[42,1],[44,4],[50,2],[51,1],[56,5]]}
0,1,5,37,0,0,0	217	5951	60	primal	{"values":[[3,4],[5,2],[9,2],[14,4],[17,2],[22,2],[28,3],[33,2],[38,2],[42,4],[49,2],[50,1],[52,3],[56,4]]}
0,1,5,37,0,0,0	217	6011	120	primal	{"values":[[3,2],[5,3],[9,2],[14,2],[17,2],[19,1],[22,1],[26,5],[28,1],[33,3],[35,2],[38,1],[44,5],[50,2],[52,3],[56,2]]}
0,1,5,37,0,0,0	217	6014	60	primal	{"values":[[3,2],[5,3],[9,1],[13,1],[14,2],[17,3],[26,5],[28,2],[33,3],[35,2],[38,2],[42,1],[44,3],[50,3],[52,3],[56,1]]}
0,1,5,37,0,0,0	217	6015	60	primal	{"values":[[3,2],[5,1],[9,1],[14,2],[17,5],[22,2],[26,3],[28,3],[33,5],[38,4],[42,2],[44,3],[50,1],[52,1],[56,2]]}
0,1,5,37,0,0,0	217	6135	60	primal	{"values":[[3,1],[5,4],[9,3],[14,2],[17,2],[22,2],[26,2],[28,3],[33,5],[38,2],[42,3],[50,2],[52,2],[54,1],[56,3]]}
0,1,5,37,0,0,0	217	6142	20	primal	{"values":[[3,2],[5,3],[9,3],[14,2],[17,3],[22,2],[26,2],[28,2],[33,4],[38,3],[42,1],[44,3],[50,3],[54,1],[56,3]]}
0,1,5,37,0,0,0	217	6654	15	primal	{"values":[[3,2],[5,3],[9,3],[14,5],[17,2],[22,1],[26,2],[28,2],[33,3],[37,2],[44,1],[46,1],[50,5],[52,2],[56,3]]}
0,1,5,37,0,0,0	217	6655	15	primal	{"values":[[3,2],[5,2],[9,4],[14,2],[17,4],[22,3],[28,3],[33,2],[38,3],[42,1],[44,4],[50,4],[56,3]]}
0,1,5,37,0,0,0	217	7071	12	primal	{"values":[[3,3],[5,2],[9,1],[13,2],[14,1],[17,3],[22,1],[26,4],[28,3],[33,3],[38,2],[42,5],[44,1],[50,1],[52,5]]}
0,1,5,37,0,0,0	217	7101	120	primal	{"values":[[3,1],[5,2],[7,1],[9,4],[14,3],[17,3],[22,2],[23,1],[26,1],[28,2],[33,3],[38,3],[42,1],[44,2],[50,3],[52,1],[56,4]]}
0,1,5,37,0,0,0	217	7103	60	primal	{"values":[[3,2],[5,2],[9,4],[17,4],[22,4],[26,2],[28,2],[33,2],[38,2],[42,4],[44,4],[50,2],[52,2],[56,1]]}
0,1,5,37,0,0,0	217	7163	120	primal	{"values":[[3,2],[5,2],[9,1],[13,1],[14,1],[17,4],[22,3],[26,2],[28,4],[33,5],[38,2],[42,3],[44,3],[50,2],[56,2]]}
0,1,5,37,0,0,0	217	7166	60	primal	{"values":[[3,1],[5,2],[7,1],[9,4],[14,2],[17,4],[22,4],[28,2],[33,3],[42,4],[44,3],[50,4],[52,2],[56,1]]}
0,1,5,37,0,0,0	217	8151	60	primal	{"values":[[3,1],[5,5],[9,1],[11,1],[14,3],[17,2],[22,2],[26,2],[28,3],[33,5],[38,1],[42,2],[44,1],[50,4],[52,1],[56,3]]}
0,1,5,37,0,0,0	217	8157	60	primal	{"values":[[3,4],[5,2],[9,2],[14,4],[17,2],[22,1],[26,2],[28,3],[33,4],[37,1],[38,1],[42,2],[44,1],[50,2],[52,4],[56,2]]}
0,2,1,38,2,0,0	219	59	2	dual	{"lambda":[1,0,-1,0,0,0],"roots":[[0,18,1],[17,2,1]]}
0,2,1,38,2,0,0	219	187	4	dual	{"lambda":[1,-1,-1,0,0,1],"roots":[[0,9,1],[14,1,1],[17,2,1]]}
0,2,1,38,2,0,0	219	955	2	dual	{"lambda":[0,-1,-1,0,1,1],"roots":[[28,0,1]]}
0,2,2,38,1,0,0	218	287	4	dual	{"lambda":[1,0,-1,0,0,0],"roots":[[1,26,1],[8,18,1],[17,2,1]]}
0,2,2,38,1,0,0	218	319	4	dual	{"lambda":[1,-1,-1,0,-1,1],"roots":[[20,8,1]]}
0,2,2,38,1,0,0	218	831	2	dual	{"lambda":[1,0,-1,0,0,0],"roots":[[0,18,1],[21,8,1],[25,2,1]]}
0,2,3,38,0,0,0	217	127	1	dual	{"lambda":[3,-1,-1,-1,-1,-1],"roots":[[3,28,1],[4,24,1],[8,20,1],[16,12,1]]}
0,2,3,38,0,0,0	217	221	6	dual	{"lambda":[3,-1,-2,0,-1,-1],"roots":[[1,10,1],[4,24,1],[9,20,1],[12,2,1]]}
0,2,3,38,0,0,0	217	223	12	dual	{"lambda":[2,-1,-1,-1,0,-1],"roots":[[8,20,1]]}
0,2,3,38,0,0,0	217	443	6	primal	{"values":[[3,2],[5,4],[6,4],[9,2],[10,8],[17,8],[18,2],[28,8]]}
0,2,3,38,0,0,0	217	445	12	dual	{"lambda":[2,-1,-1,0,-1,-1],"roots":[[4,24,1]]}
