orbit,packings
0,12072
1,11246
2,14949
3,17554
4,17066
5,14501
6,13873
7,44056
8,17115
9,30056
10,18920
11,36215
12,41567
13,44599
14,47763
15,15799
16,25382
17,10230
18,30273
19,25987
20,14748
21,13181
22,27474
23,20224
24,24632
25,20735
26,21870
27,25215
28,23570
29,3871
30,28431
31,13049
32,25771
33,5254
34,15527
35,24653
36,11680
37,28743
38,10253
39,20819
40,12098
41,28635
42,13437
43,16956
44,16592
45,13453
46,8410
47,3224
48,26794
49,7738
50,15127
51,7063
52,7901
53,3233
54,9633
55,14411
56,8154
57,12884
58,12426
59,2244
60,7646
61,3167
62,17644
63,21916
64,14697
65,12439
66,11414
67,3560
68,11980
69,9372
70,14077
71,7738
72,5674
73,26207
74,19053
75,11094
76,7367
77,4889
78,24098
79,15935
80,12677
81,3051
82,6785
83,8615
84,5618
85,26556
86,19335
87,12626
88,11535
89,19353
90,11057
91,10781
92,6813
93,6583
94,26400
95,5706
96,18406
97,25424
98,16727
99,11200
100,13815
101,12137
102,22471
103,18156
104,12609
105,23114
106,10820
107,9790
108,28008
109,7356
110,27707
111,7641
112,12079
113,16207
114,12066
115,2848
116,9789
117,22554
118,6988
119,13976
120,8023
121,22484
122,15874
123,15973
124,9870
125,16999
126,13282
127,4124
128,11812
129,19318
130,4629
131,4040
132,2535
133,14640
134,7275
135,6813
136,12876
137,10876
138,13716
139,12246
140,16444
141,26036
142,23707
143,7281
144,18452
145,21572
146,20398
147,7430
148,11088
149,22354
150,18651
151,18011
152,9032
153,13640
154,12070
155,7983
156,20661
157,19718
158,24103
159,2806
160,25686
161,15945
162,14852
163,10882
164,15420
165,13494
166,3570
167,10118
168,9852
169,16737
170,13411
171,18548
172,17550
173,19654
174,15602
175,5177
176,21567
177,15266
178,6609
179,4831
180,18757
181,7759
182,16849
183,8312
184,8968
185,9098
186,2580
187,5140
188,12325
189,14695
190,14411
191,10901
192,26167
193,13768
194,10116
195,4719
196,14141
197,5802
198,8812
199,4770
200,13279
201,5638
202,5569
203,19539
204,7444
205,11588
206,2475
207,8606
208,14618
209,4518
210,2826
211,12555
212,6438
213,7119
214,11455
215,3091
216,24974
217,4787
218,12083
219,10719
220,1804
221,21502
222,25286
223,18728
224,7098
225,14942
226,12171
227,13034
228,14623
229,18870
230,21293
231,8321
232,8244
233,4548
234,10189
235,21453
236,8565
237,2212
238,16341
239,21869
240,5551
241,18488
242,8159
243,21627
244,13658
245,20248
246,4476
247,11836
248,4912
249,8064
250,12906
251,16217
252,11057
253,12393
254,7012
255,12751
256,6748
257,3012
258,5373
259,3308
260,8408
261,17148
262,4284
263,18957
264,7153
265,12349
266,6532
267,9401
268,3949
269,14962
270,1983
271,5661
272,2567
273,13118
274,3063
275,5090
276,5333
277,11673
278,8096
279,3765
280,9252
281,2478
282,2254
283,4657
284,18688
285,14587
286,6190
287,4827
288,11115
289,6590
290,17839
291,4934
292,7682
293,5272
294,4842
295,9590
296,5406
297,13330
298,9816
299,8840
300,7728
301,8122
302,2298
303,2545
304,3435
305,4425
306,17191
307,10560
308,7136
309,2962
310,6472
311,3358
312,6040
313,4965
314,9578
315,1667
316,1111
317,6900
318,2391
319,4682
320,14707
321,3608
322,5046
323,3788
324,987
325,5536
326,5103
327,4682
328,11329
329,5780
330,13174
331,1848
332,2158
333,8680
334,4021
335,5688
336,12711
337,3204
338,7529
339,2032
340,1116
341,9659
342,7542
343,3623
344,3704
345,6378
346,14040
347,7596
348,1084
349,3372
350,4925
351,8506
352,4848
353,12457
354,10675
355,3316
356,907
357,10267
358,2932
359,5108
360,4646
361,4150
362,2884
363,12739
364,6086
365,6412
366,7053
367,6381
368,4602
369,3163
370,7567
371,1403
372,1724
373,4829
374,5156
375,961
376,8521
377,10990
378,3214
379,2022
380,9137
381,8845
382,1977
383,6400
384,4944
385,6178
386,4714
387,866
388,5028
389,2669
390,7615
391,3164
392,2297
393,7422
394,661
395,4255
396,8820
397,1814
398,3698
399,10998
400,11008
401,15804
402,5722
403,8204
404,3938
405,5376
406,6048
407,3657
408,4341
409,1392
410,7794
411,1882
412,735
413,11131
414,6503
415,1620
416,13702
417,2919
418,5357
419,8982
420,3501
421,668
422,7608
423,4703
424,1446
425,7482
426,2850
427,1249
428,2941
429,2948
430,8520
431,1210
432,13219
433,12430
434,2707
435,5472
436,2788
437,2573
438,13164
439,7179
440,1097
441,12583
442,2486
443,3054
444,1515
445,3994
446,2736
447,1035
448,6281
449,4176
450,7049
451,4547
452,4368
453,832
454,1598
455,3187
456,2942
457,4480
458,1392
459,3932
460,4072
461,4883
462,1510
463,823
464,3565
465,4738
466,3239
467,2461
468,4263
469,5758
470,5469
471,3341
472,4875
473,1534
474,798
475,1060
476,7812
477,4595
478,849
479,1523
480,6162
481,1742
482,7756
483,1182
484,1998
485,2474
486,1628
487,1229
488,1700
489,4028
490,7651
491,2031
492,4216
493,2511
494,8213
495,1605
496,8307
497,1673
498,8470
499,3888
500,5698
501,8038
502,916
503,2822
504,3825
505,7738
506,2186
507,6205
508,3566
509,9845
510,3091
511,3822
512,802
513,952
514,5658
515,3816
516,1196
517,6155
518,4075
519,6301
520,3141
521,1897
522,3478
523,9534
524,2795
525,5429
526,1116
527,4478
528,5107
529,973
530,2376
531,1073
532,1633
533,2386
534,7893
535,2474
536,8648
537,2646
538,1193
539,2573
540,2184
541,3500
542,1901
543,1168
544,274
545,3635
546,2052
547,2267
548,5281
549,1131
550,4960
551,4526
552,1757
553,1620
554,2952
555,5343
556,6155
557,2430
558,4526
559,3281
560,3074
561,10738
562,718
563,6947
564,2694
565,686
566,3452
567,3701
568,2794
569,3915
570,3785
571,3132
572,1999
573,5243
574,2094
575,8151
576,11732
577,2928
578,981
579,3252
580,4566
581,1710
582,1198
583,1643
584,2462
585,4310
586,3161
587,1378
588,1044
589,4639
590,1224
591,2936
592,3391
593,2801
594,4931
595,745
596,1839
597,2749
598,4863
599,4328
600,1556
601,4230
602,5324
603,1480
604,3321
605,1704
606,1155
607,2749
608,4786
609,2830
610,7908
611,4138
612,4707
613,4389
614,7491
615,2591
616,1993
617,1350
618,2740
619,1023
620,1233
621,2099
622,4264
623,4132
624,826
625,619
626,921
627,2612
628,2114
629,1033
630,2447
631,1579
632,2228
633,2251
634,3720
635,2153
636,846
637,3477
638,4544
639,2017
640,1300
641,393
642,906
643,1291
644,7264
645,595
646,8582
647,1886
648,1933
649,375
650,2868
651,2514
652,1153
653,2548
654,1087
655,612
656,2585
657,2956
658,1661
659,4036
660,2150
661,1479
662,10196
663,8987
664,1198
665,1015
666,1272
667,3611
668,2802
669,1203
670,5641
671,559
672,2153
673,568
674,1831
675,1308
676,450
677,2596
678,1476
679,3303
680,7717
681,178
682,3438
683,4634
684,1568
685,3263
686,3924
687,4623
688,2525
689,1631
690,1455
691,6426
692,3092
693,913
694,2584
695,557
696,590
697,666
698,3986
699,826
700,3332
701,3232
702,1628
703,1356
704,1626
705,2031
706,1338
707,988
708,1617
709,3309
710,3149
711,7266
712,1710
713,8636
714,1321
715,1714
716,1520
717,380
718,3577
719,2251
720,3520
721,913
722,1628
723,1807
724,4131
725,1531
726,1607
727,9184
728,1728
729,4611
730,2091
731,2026
732,1440
733,1740
734,1092
735,2203
736,4998
737,1654
738,846
739,6304
740,2871
741,2234
742,4480
743,2628
744,1621
745,2657
746,1446
747,2110
748,217
749,988
750,3373
751,866
752,4019
753,3181
754,1462
755,228
756,2059
757,494
758,1097
759,1457
760,4027
761,6289
762,2055
763,2437
764,1103
765,3674
766,5761
767,6988
768,4509
769,508
770,5229
771,2401
772,1356
773,5974
774,985
775,1637
776,792
777,5817
778,2063
779,617
780,1223
781,2256
782,3318
783,1266
784,4443
785,2715
786,3744
787,1632
788,995
789,1114
790,1110
791,3207
792,744
793,3777
794,596
795,1580
796,2848
797,738
798,2852
799,7248
800,918
801,337
802,1040
803,1028
804,2021
805,4668
806,3769
807,2802
808,421
809,2067
810,2588
811,5629
812,849
813,815
814,610
815,1853
816,487
817,1614
818,2302
819,212
820,7824
821,2329
822,1653
823,2228
824,2112
825,701
826,3722
827,584
828,3299
829,1259
830,314
831,711
832,4355
833,1173
834,441
835,867
836,214
837,3640
838,948
839,2049
840,1341
841,889
842,3035
843,993
844,1115
845,3254
846,501
847,2319
848,1979
849,1460
850,1184
851,1919
852,556
853,694
854,179
855,1363
856,157
857,3275
858,1668
859,1225
860,1358
861,907
862,1623
863,244
864,2679
865,393
866,1137
867,1656
868,959
869,455
870,785
871,6078
872,4285
873,4873
874,797
875,852
876,1483
877,2381
878,4697
879,1849
880,468
881,6292
882,796
883,3825
884,2321
885,624
886,275
887,3444
888,4152
889,2506
890,1122
891,1540
892,867
893,1587
894,1358
895,1879
896,5014
897,489
898,308
899,755
900,640
901,1765
902,2744
903,1000
904,3286
905,543
906,510
907,1353
908,6419
909,3818
910,748
911,2429
912,6156
913,654
914,3093
915,786
916,576
917,392
918,435
919,1456
920,429
921,2831
922,378
923,1676
924,1435
925,3090
926,2088
927,2683
928,2739
929,2199
930,1285
931,2460
932,1936
933,749
934,474
935,2722
936,486
937,4451
938,1369
939,2955
940,4524
941,1292
942,928
943,2161
944,893
945,1297
946,649
947,487
948,1119
949,5236
950,559
951,1237
952,1253
953,618
954,1636
955,4954
956,789
957,1592
958,3820
959,601
960,819
961,1156
962,6758
963,4576
964,1503
965,626
966,2147
967,2825
968,398
969,3717
970,2667
971,783
972,534
973,1268
974,1381
975,719
976,867
977,1540
978,559
979,3629
980,784
981,938
982,3306
983,3455
984,176
985,705
986,2490
987,988
988,1180
989,109
990,4437
991,2435
992,298
993,2007
994,3560
995,486
996,636
997,2535
998,1942
999,1569
1000,1653
1001,270
1002,839
1003,1359
1004,130
1005,740
1006,1693
1007,1690
1008,6407
1009,240
1010,1365
1011,2964
1012,827
1013,1774
1014,235
1015,252
1016,1380
1017,292
1018,1015
1019,605
1020,922
1021,518
1022,2659
1023,540
1024,899
1025,2865
1026,809
1027,715
1028,910
1029,2737
1030,1186
1031,1269
1032,5779
1033,1031
1034,685
1035,329
1036,639
1037,1017
1038,2529
1039,3270
1040,1350
1041,536
1042,1091
1043,1054
1044,1295
1045,3007
1046,494
1047,2191
1048,218
1049,982
1050,488
1051,1229
1052,631
1053,3003
1054,1932
1055,3833
1056,1064
1057,3244
1058,598
1059,437
1060,492
1061,387
1062,825
1063,372
1064,224
1065,671
1066,3211
1067,4852
1068,871
1069,718
1070,1610
1071,738
1072,746
1073,276
1074,468
1075,156
1076,603
1077,837
1078,1929
1079,1672
1080,138
1081,921
1082,408
1083,838
1084,817
1085,1779
1086,1204
1087,2375
1088,48
1089,3738
1090,31
1091,1233
1092,1493
1093,1185
1094,161
1095,2270
1096,1066
1097,563
1098,201
1099,329
1100,1287
1101,1173
1102,5239
1103,150
1104,3622
1105,264
1106,1841
1107,1027
1108,245
1109,221
1110,394
1111,588
1112,92
1113,1125
1114,2465
1115,574
1116,1570
1117,123
1118,3858
1119,1277
1120,1275
1121,4022
1122,35
1123,1367
1124,956
1125,323
1126,213
1127,1237
1128,929
1129,1394
1130,212
1131,1647
1132,410
1133,2859
1134,160
1135,1013
1136,1137
1137,842
1138,2068
1139,2114
1140,627
1141,3671
1142,1228
1143,759
1144,259
1145,96
1146,2565
1147,2357
1148,3542
1149,382
1150,75
1151,807
1152,1860
1153,749
1154,195
1155,18
1156,802
1157,336
1158,751
1159,2745
1160,103
1161,1694
1162,972
1163,3378
1164,2295
1165,441
1166,1382
1167,312
1168,511
1169,1408
1170,128
1171,1290
1172,439
1173,346
1174,288
1175,176
1176,202
1177,379
1178,428
1179,86
1180,397
1181,762
1182,261
1183,324
1184,3715
1185,1902
1186,1008
1187,43
1188,1519
1189,313
1190,3251
1191,1578
1192,134
1193,207
1194,696
1195,262
1196,610
1197,33
1198,1015
1199,138
1200,1305
1201,1493
1202,3427
1203,369
1204,1614
1205,902
1206,3308
1207,683
1208,335
1209,2822
1210,1437
1211,399
1212,959
1213,1158
1214,135
1215,189
1216,111
1217,176
1218,1416
1219,176
1220,964
1221,370
1222,1023
1223,2715
1224,473
1225,359
1226,2188
1227,1011
1228,109
1229,384
1230,269
1231,953
1232,2023
1233,1559
1234,175
1235,487
1236,2260
1237,349
1238,2401
1239,1138
1240,262
1241,485
1242,1336
1243,154
1244,140
1245,455
1246,776
1247,147
1248,1019
1249,1232
1250,2198
1251,26
1252,307
1253,838
1254,912
1255,120
1256,154
1257,1541
1258,877
1259,2541
1260,234
1261,98
1262,2085
1263,201
1264,72
1265,1138
1266,648
1267,86
1268,1097
1269,2362
1270,281
1271,252
1272,378
1273,39
1274,779
1275,315
1276,463
1277,349
1278,106
1279,246
1280,113
1281,2585
1282,3448
1283,240
1284,164
1285,42
1286,576
1287,2235
1288,645
1289,210
1290,983
1291,905
1292,175
1293,1012
1294,208
1295,103
1296,200
1297,530
1298,343
1299,95
1300,3352
1301,1198
1302,679
1303,1007
1304,795
1305,1302
1306,1373
1307,317
1308,533
1309,416
1310,1153
1311,1200
1312,410
1313,263
1314,400
1315,775
1316,579
1317,156
1318,970
1319,207
1320,2423
1321,1897
1322,1223
1323,559
1324,480
1325,81
1326,751
1327,25
1328,792
1329,1088
1330,867
1331,252
1332,885
1333,328
1334,642
1335,219
1336,370
1337,1953
1338,865
1339,433
1340,36
1341,181
1342,2255
1343,891
1344,147
1345,418
1346,2034
1347,1168
1348,83
1349,102
1350,244
1351,136
1352,1018
1353,1058
1354,76
1355,117
1356,216
1357,94
1358,39
1359,918
1360,429
1361,1416
1362,288
1363,2143
1364,889
1365,328
1366,204
1367,837
1368,911
1369,372
1370,480
1371,643
1372,84
1373,104
1374,450
1375,67
1376,571
1377,709
1378,412
1379,31
1380,99
1381,304
1382,83
1383,112
1384,780
1385,1644
1386,2266
1387,211
1388,253
1389,864
1390,706
1391,366
1392,867
1393,235
1394,272
1395,1071
1396,26
1397,837
1398,67
1399,67
1400,157
1401,334
1402,1002
1403,32
1404,563
1405,137
1406,18
1407,1439
1408,61
1409,415
1410,449
1411,227
1412,358
1413,73
1414,125
1415,420
1416,846
1417,942
1418,56
1419,189
1420,265
1421,229
1422,1462
1423,441
1424,586
1425,195
1426,102
1427,553
1428,472
1429,102
1430,91
1431,79
1432,157
1433,200
1434,45
1435,37
1436,67
1437,162
1438,242
1439,33
1440,2070
1441,737
1442,1045
1443,86
1444,578
1445,367
1446,133
1447,2290
1448,39
1449,249
1450,371
1451,878
1452,384
1453,610
1454,32
1455,2472
1456,441
1457,409
1458,454
1459,482
1460,112
1461,474
1462,476
1463,573
1464,55
1465,240
1466,354
1467,171
1468,1174
1469,165
1470,73
1471,386
1472,1776
1473,189
1474,775
1475,151
1476,83
1477,53
1478,114
1479,199
1480,8
1481,93
1482,84
1483,1634
1484,295
1485,148
1486,47
1487,766
1488,1091
1489,34
1490,743
1491,40
1492,277
1493,392
1494,570
1495,127
1496,673
1497,1407
1498,180
1499,292
1500,675
1501,102
1502,94
1503,339
1504,393
1505,586
1506,365
1507,173
1508,324
1509,109
1510,139
1511,88
1512,246
1513,201
1514,313
1515,59
1516,9
1517,1533
1518,234
1519,140
1520,197
1521,423
1522,46
1523,1841
1524,448
1525,923
1526,120
1527,547
1528,177
1529,20
1530,962
1531,465
1532,163
1533,355
1534,16
1535,153
1536,530
1537,81
1538,233
1539,782
1540,51
1541,90
1542,422
1543,181
1544,218
1545,933
1546,836
1547,56
1548,31
1549,1309
1550,1695
1551,265
1552,62
1553,429
1554,854
1555,14
1556,745
1557,543
1558,127
1559,343
1560,80
1561,231
1562,279
1563,43
1564,242
1565,300
1566,133
1567,55
1568,133
1569,63
1570,249
1571,60
1572,489
1573,297
1574,190
1575,65
1576,122
1577,127
1578,845
1579,728
1580,586
1581,248
1582,215
1583,249
1584,13
1585,53
1586,29
1587,753
1588,147
1589,180
1590,276
1591,128
1592,31
1593,28
1594,32
1595,51
1596,410
1597,24
1598,255
1599,129
1600,36
1601,230
1602,695
1603,382
1604,92
1605,21
1606,1646
1607,513
1608,988
1609,171
1610,17
1611,240
1612,670
1613,43
1614,424
1615,398
1616,52
1617,712
1618,121
1619,65
1620,393
1621,68
1622,495
1623,18
1624,1143
1625,306
1626,42
1627,854
1628,113
1629,68
1630,45
1631,93
1632,35
1633,580
1634,75
1635,149
1636,141
1637,42
1638,61
1639,359
1640,12
1641,723
1642,83
1643,164
1644,613
1645,5
1646,22
1647,13
1648,206
1649,810
1650,441
1651,692
1652,1734
1653,429
1654,141
1655,29
1656,0
1657,197
1658,206
1659,50
1660,193
1661,130
1662,39
1663,99
1664,86
1665,863
1666,262
1667,77
1668,138
1669,151
1670,163
1671,285
1672,695
1673,731
1674,89
1675,192
1676,16
1677,11
1678,118
1679,744
1680,33
1681,2019
1682,156
1683,95
1684,105
1685,475
1686,93
1687,183
1688,68
1689,397
1690,40
1691,657
1692,2
1693,435
1694,8
1695,59
1696,15
1697,0
1698,72
1699,151
1700,28
1701,149
1702,12
1703,674
1704,35
1705,21
1706,378
1707,303
1708,37
1709,17
1710,49
1711,17
1712,92
1713,447
1714,326
1715,68
1716,226
1717,1
1718,17
1719,175
1720,368
1721,240
1722,55
1723,15
1724,330
1725,141
1726,1289
1727,87
1728,38
1729,11
1730,138
1731,18
1732,115
1733,285
1734,19
1735,93
1736,53
1737,93
1738,5
1739,363
1740,70
1741,5
1742,5
1743,6
1744,35
1745,49
1746,24
1747,1338
1748,356
1749,129
1750,462
1751,40
1752,35
1753,96
1754,64
1755,22
1756,241
1757,1
1758,406
1759,77
1760,142
1761,223
1762,540
1763,118
1764,479
1765,300
1766,1
1767,89
1768,229
1769,729
1770,64
1771,61
1772,607
1773,192
1774,206
1775,43
1776,135
1777,72
1778,358
1779,41
1780,63
1781,1
1782,15
1783,200
1784,50
1785,240
1786,336
1787,165
1788,0
1789,459
1790,181
1791,104
1792,24
1793,150
1794,26
1795,6
1796,223
1797,78
1798,7
1799,1709
1800,55
1801,83
1802,776
1803,2
1804,264
1805,132
1806,215
1807,3
1808,57
1809,161
1810,66
1811,436
1812,12
1813,47
1814,4
1815,119
1816,111
1817,102
1818,5
1819,0
1820,121
1821,9
1822,13
1823,56
1824,0
1825,214
1826,131
1827,179
1828,207
1829,61
1830,109
1831,0
1832,7
1833,9
1834,40
1835,330
1836,55
1837,220
1838,80
1839,107
1840,50
1841,85
1842,23
1843,21
1844,26
1845,170
1846,146
1847,15
1848,44
1849,258
1850,11
1851,212
1852,27
1853,68
1854,930
1855,8
1856,100
1857,116
1858,36
1859,2
1860,24
1861,36
1862,443
1863,160
1864,9
1865,48
1866,21
1867,85
1868,26
1869,13
1870,73
1871,149
1872,10
1873,5
1874,0
1875,291
1876,6
1877,85
1878,42
1879,35
1880,428
1881,94
1882,43
1883,3
1884,14
1885,83
1886,27
1887,11
1888,479
1889,268
1890,39
1891,509
1892,30
1893,84
1894,12
1895,149
1896,547
1897,12
1898,378
1899,8
1900,22
1901,123
1902,101
1903,26
1904,22
1905,38
1906,312
1907,28
1908,9
1909,339
1910,191
1911,2
1912,428
1913,14
1914,172
1915,30
1916,322
1917,194
1918,271
1919,96
1920,200
1921,70
1922,89
1923,97
1924,145
1925,76
1926,146
1927,1
1928,11
1929,6
1930,216
1931,282
1932,40
1933,116
1934,28
1935,76
1936,63
1937,115
1938,44
1939,102
1940,7
1941,421
1942,15
1943,14
1944,80
1945,101
1946,5
1947,18
1948,6
1949,375
1950,6
1951,5
1952,138
1953,7
1954,88
1955,346
1956,3
1957,18
1958,19
1959,18
1960,145
1961,267
1962,1
1963,15
1964,161
1965,196
1966,83
1967,39
1968,1
1969,16
1970,0
1971,20
1972,63
1973,12
1974,45
1975,65
1976,44
1977,66
1978,133
1979,1
1980,120
1981,62
1982,242
1983,1
1984,1
1985,685
1986,519
1987,8
1988,67
1989,589
1990,440
1991,40
1992,23
1993,0
1994,6
1995,4
1996,37
1997,15
1998,1
1999,211
2000,7
2001,343
2002,13
2003,167
2004,31
2005,300
2006,4
2007,1
2008,81
2009,14
2010,2
2011,141
2012,18
2013,19
2014,12
2015,112
2016,365
2017,15
2018,4
2019,4
2020,39
2021,2
2022,1
2023,583
2024,291
2025,2
2026,85
2027,35
2028,0
2029,3
2030,149
2031,2
2032,187
2033,1
2034,50
2035,60
2036,46
2037,15
2038,79
2039,2
2040,52
2041,7
2042,18
2043,26
2044,44
2045,23
2046,27
2047,5
2048,31
2049,87
2050,29
2051,8
2052,40
2053,178
2054,50
2055,8
2056,262
2057,91
2058,230
2059,16
2060,109
2061,39
2062,63
2063,22
2064,2
2065,3
2066,122
2067,95
2068,91
2069,2
2070,6
2071,80
2072,2
2073,208
2074,101
2075,1
2076,28
2077,2
2078,4
2079,69
2080,23
2081,2
2082,5
2083,7
2084,4
2085,71
2086,50
2087,2
2088,3
2089,8
2090,16
2091,7
2092,3
2093,1
2094,1
2095,18
2096,310
2097,30
2098,8
2099,10
2100,1
2101,2
2102,0
2103,11
2104,5
2105,354
2106,14
2107,14
2108,11
2109,7
2110,0
2111,1
2112,13
2113,93
2114,0
2115,5
2116,19
2117,14
2118,8
2119,28
2120,13
2121,0
2122,8
2123,0
2124,129
2125,8
2126,0
2127,37
2128,28
2129,221
2130,24
2131,214
2132,76
2133,52
2134,25
2135,1
2136,8
2137,41
2138,24
2139,4
2140,9
2141,3
2142,3
2143,17
2144,27
2145,3
2146,19
2147,407
2148,8
2149,44
2150,70
2151,28
2152,10
2153,44
2154,7
2155,1
2156,38
2157,84
2158,0
2159,0
2160,20
2161,15
2162,6
2163,9
2164,11
2165,4
2166,266
2167,28
2168,42
2169,1
2170,40
2171,144
2172,10
2173,0
2174,2
2175,21
2176,22
2177,49
2178,50
2179,6
2180,2
2181,14
2182,10
2183,19
2184,14
2185,51
2186,2
2187,5
2188,80
2189,3
2190,118
2191,1
2192,0
2193,38
2194,5
2195,18
2196,15
2197,88
2198,27
2199,82
2200,39
2201,11
2202,7
2203,2
2204,4
2205,2
2206,46
2207,78
2208,72
2209,84
2210,0
2211,1
2212,6
2213,9
2214,49
2215,6
2216,1
2217,8
2218,8
2219,142
2220,37
2221,7
2222,11
2223,0
2224,34
2225,6
2226,1
2227,4
2228,1
2229,1
2230,25
2231,23
2232,33
2233,6
2234,0
2235,0
2236,6
2237,0
2238,29
2239,0
2240,2
2241,27
2242,10
2243,0
2244,5
2245,19
2246,12
2247,14
2248,80
2249,0
2250,21
2251,11
2252,8
2253,0
2254,0
2255,18
2256,7
2257,0
2258,76
2259,15
2260,127
2261,0
2262,13
2263,19
2264,0
2265,33
2266,0
2267,0
2268,0
2269,30
2270,74
2271,2
2272,1
2273,0
2274,17
2275,2
2276,7
2277,3
2278,12
2279,20
2280,2
2281,1
2282,13
2283,21
2284,0
2285,142
2286,0
2287,5
2288,62
2289,3
2290,6
2291,18
2292,24
2293,3
2294,14
2295,37
2296,84
2297,12
2298,31
2299,4
2300,0
2301,6
2302,0
2303,32
2304,24
2305,13
2306,1
2307,0
2308,40
2309,1
2310,0
2311,3
2312,47
2313,2
2314,5
2315,2
2316,3
2317,5
2318,9
2319,84
2320,4
2321,29
2322,4
2323,3
2324,3
2325,5
2326,6
2327,1
2328,8
2329,24
2330,34
2331,40
2332,7
2333,1
2334,3
2335,19
2336,1
2337,1
2338,1
2339,30
2340,1
2341,1
2342,6
2343,20
2344,3
2345,0
2346,10
2347,0
2348,52
2349,0
2350,10
2351,14
2352,0
2353,0
2354,26
2355,30
2356,29
2357,0
2358,12
2359,0
2360,0
2361,8
2362,3
2363,15
2364,2
2365,8
2366,0
2367,29
2368,1
2369,1
2370,0
2371,20
2372,8
2373,0
2374,1
2375,5
2376,6
2377,1
2378,1
2379,121
2380,5
2381,4
2382,3
2383,22
2384,0
2385,1
2386,26
2387,8
2388,16
2389,0
2390,12
2391,5
2392,5
2393,3
2394,88
2395,5
2396,0
2397,7
2398,1
2399,2
2400,0
2401,1
2402,20
2403,49
2404,11
2405,0
2406,2
2407,2
2408,7
2409,0
2410,7
2411,1
2412,2
2413,0
2414,0
2415,1
2416,0
2417,100
2418,27
2419,4
2420,0
2421,111
2422,0
2423,5
2424,36
2425,2
2426,16
2427,13
2428,1
2429,3
2430,6
2431,0
2432,0
2433,9
2434,0
2435,16
2436,0
2437,19
2438,2
2439,5
2440,0
2441,0
2442,15
2443,11
2444,17
2445,44
2446,0
2447,4
2448,0
2449,0
2450,6
2451,2
2452,2
2453,0
2454,7
2455,1
2456,6
2457,0
2458,18
2459,37
2460,1
2461,0
2462,16
2463,0
2464,0
2465,0
2466,0
2467,0
2468,2
2469,2
2470,0
2471,0
2472,0
2473,0
2474,2
2475,1
2476,0
2477,0
2478,0
2479,1
2480,3
2481,0
2482,0
2483,14
2484,3
2485,0
2486,0
2487,8
2488,5
2489,4
2490,7
2491,8
2492,6
2493,3
2494,0
2495,3
2496,2
2497,15
2498,0
2499,4
2500,0
2501,11
2502,1
2503,3
2504,0
2505,0
2506,0
2507,7
2508,5
2509,0
2510,4
2511,0
2512,3
2513,1
2514,0
2515,31
2516,73
2517,0
2518,2
2519,6
2520,0
2521,0
2522,0
2523,8
2524,24
2525,29
2526,2
2527,1
2528,0
2529,0
2530,24
2531,10
2532,0
2533,8
2534,0
2535,2
2536,0
2537,1
2538,0
2539,2
2540,0
2541,0
2542,5
2543,39
2544,0
2545,4
2546,3
2547,0
2548,0
2549,1
2550,1
2551,0
2552,7
2553,0
2554,0
2555,22
2556,1
2557,1
2558,2
2559,0
2560,1
2561,3
2562,7
2563,8
2564,17
2565,1
2566,0
2567,3
2568,3
2569,0
2570,2
2571,0
2572,0
2573,0
2574,0
2575,0
2576,0
2577,1
2578,4
2579,0
2580,0
2581,0
2582,0
2583,0
2584,2
2585,4
2586,0
2587,0
2588,0
2589,1
2590,0
2591,1
2592,17
2593,1
2594,3
2595,5
2596,0
2597,71
2598,3
2599,0
2600,0
2601,0
2602,7
2603,4
2604,5
2605,0
2606,3
2607,15
2608,1
2609,0
2610,0
2611,0
2612,0
2613,158
2614,0
2615,22
2616,0
2617,0
2618,1
2619,6
2620,0
2621,0
2622,0
2623,0
2624,0
2625,2
2626,0
2627,0
2628,3
2629,0
2630,12
2631,0
2632,0
2633,3
2634,0
2635,1
2636,5
2637,1
2638,0
2639,0
2640,1
2641,4
2642,0
2643,0
2644,3
2645,0
2646,12
2647,9
2648,0
2649,0
2650,1
2651,10
2652,20
2653,0
2654,1
2655,3
2656,0
2657,0
2658,0
2659,8
2660,7
2661,0
2662,0
2663,3
2664,0
2665,6
2666,0
2667,0
2668,3
2669,0
2670,2
2671,0
2672,0
2673,3
2674,0
2675,11
2676,2
2677,2
2678,1
2679,0
2680,3
2681,23
2682,6
2683,11
2684,0
2685,0
2686,3
2687,1
2688,0
2689,0
2690,0
2691,0
2692,23
2693,0
2694,3
2695,5
2696,0
2697,1
2698,0
2699,1
2700,1
2701,1
2702,0
2703,0
2704,0
2705,0
2706,10
2707,39
2708,0
2709,1
2710,0
2711,0
2712,0
2713,0
2714,0
2715,0
2716,0
2717,0
2718,16
2719,0
2720,0
2721,5
2722,0
2723,0
2724,0
2725,3
2726,0
2727,14
2728,1
2729,0
2730,0
2731,0
2732,0
2733,0
2734,0
2735,1
2736,0
2737,0
2738,0
2739,3
2740,0
2741,0
2742,0
2743,0
2744,0
2745,2
2746,0
2747,4
2748,0
2749,1
2750,6
2751,2
2752,4
2753,0
2754,0
2755,2
2756,0
2757,0
2758,0
2759,0
2760,10
2761,0
2762,1
2763,0
2764,0
2765,16
2766,0
2767,0
2768,0
2769,0
2770,0
2771,1
2772,2
2773,0
2774,7
2775,9
2776,0
2777,12
2778,0
2779,3
2780,1
2781,9
2782,0
2783,1
2784,0
2785,0
2786,0
2787,0
2788,0
2789,0
2790,3
2791,0
2792,0
2793,0
2794,0
2795,9
2796,0
2797,0
2798,0
2799,0
2800,0
2801,0
2802,7
2803,1
2804,0
2805,0
2806,2
2807,0
2808,0
2809,0
2810,11
2811,4
2812,6
2813,0
2814,0
2815,0
2816,1
2817,0
2818,0
2819,0
2820,0
2821,21
2822,0
2823,3
2824,0
2825,0
2826,0
2827,1
2828,0
2829,1
2830,0
2831,1
2832,1
2833,0
2834,0
2835,1
2836,0
2837,2
2838,0
2839,0
2840,0
2841,0
2842,0
2843,0
2844,0
2845,0
2846,0
2847,0
2848,0
2849,0
2850,0
2851,0
2852,0
2853,4
2854,0
2855,0
2856,0
2857,3
2858,0
2859,0
2860,0
2861,0
2862,1
2863,0
2864,0
2865,0
2866,0
2867,0
2868,0
2869,0
2870,2
2871,0
2872,8
2873,0
2874,0
2875,0
2876,0
2877,0
2878,0
2879,2
2880,0
2881,0
2882,15
2883,0
2884,0
2885,0
2886,8
2887,0
2888,0
2889,0
2890,0
2891,0
2892,0
2893,0
2894,5
2895,0
2896,0
2897,0
2898,0
2899,0
2900,0
2901,1
2902,0
2903,0
2904,0
2905,0
2906,1
2907,0
2908,2
2909,0
2910,0
2911,0
2912,0
2913,0
2914,0
2915,0
2916,0
2917,0
2918,0
2919,0
2920,0
2921,0
2922,0
2923,0
2924,0
2925,0
2926,1
2927,0
2928,0
2929,0
2930,0
2931,0
2932,0
2933,0
2934,0
2935,0
2936,0
2937,1
2938,0
2939,1
2940,1
2941,0
2942,0
2943,4
2944,1
2945,3
2946,0
2947,0
2948,0
2949,0
2950,3
2951,1
2952,0
2953,0
2954,0
2955,0
2956,0
2957,0
2958,0
2959,0
2960,0
2961,0
2962,0
2963,0
2964,0
2965,0
2966,1
2967,0
2968,0
2969,1
2970,0
2971,0
2972,0
2973,0
2974,0
2975,0
2976,0
2977,0
2978,0
2979,0
2980,0
2981,11
2982,0
2983,0
2984,0
2985,0
2986,0
2987,0
2988,0
2989,0
2990,0
2991,0
2992,0
2993,0
2994,0
2995,0
2996,0
2997,0
2998,0
2999,0
3000,0
3001,6
3002,0
3003,0
3004,0
3005,0
3006,0
3007,0
3008,0
3009,0
3010,0
3011,0
3012,0
3013,0
3014,0
3015,0
3016,0
3017,0
3018,0
3019,0
3020,0
3021,0
3022,0
3023,0
3024,0
3025,0
3026,0
3027,6
3028,3
3029,0
3030,0
3031,0
3032,0
3033,0
3034,0
3035,0
3036,0
3037,0
3038,0
3039,0
3040,0
3041,2
3042,0
3043,0
3044,0
3045,0
3046,0
3047,0
3048,0
3049,0
3050,0
3051,0
3052,1
3053,2
3054,0
3055,0
3056,0
3057,0
3058,0
3059,0
3060,1
3061,0
3062,0
3063,0
3064,0
3065,0
3066,0
3067,0
3068,0
3069,0
3070,0
3071,0
3072,5
3073,0
3074,0
3075,0
3076,1
3077,1
3078,0
3079,0
3080,0
3081,0
3082,0
3083,0
3084,0
3085,0
3086,0
3087,0
3088,0
3089,0
3090,0
3091,0
3092,0
3093,0
3094,0
3095,0
3096,0
3097,0
3098,0
3099,0
3100,0
3101,0
3102,0
3103,0
3104,0
3105,0
3106,0
3107,0
3108,0
3109,0
3110,0
3111,0
3112,0
3113,0
3114,1
3115,0
3116,0
3117,0
3118,0
3119,0
3120,0
3121,0
3122,0
3123,0
3124,0
3125,0
3126,0
3127,0
3128,0
3129,1
3130,0
3131,0
3132,0
3133,0
3134,0
3135,0
3136,0
3137,0
3138,0
3139,1
3140,0
3141,0
3142,0
3143,0
3144,0
3145,0
3146,0
3147,0
3148,1
3149,0
3150,0
3151,0
3152,0
3153,0
3154,0
3155,0
3156,0
3157,0
3158,0
3159,0
3160,0
3161,0
3162,0
3163,0
3164,0
3165,0
3166,0
3167,0
3168,0
3169,0
3170,0
3171,0
3172,0
3173,0
3174,0
3175,0
3176,1
3177,0
3178,0
3179,0
3180,0
3181,0
3182,0
3183,0
3184,0
3185,0
3186,0
3187,0
3188,0
3189,0
3190,0
3191,0
3192,0
3193,0
3194,0
3195,0
3196,0
3197,0
3198,0
3199,0
3200,0
3201,0
3202,1
3203,0
3204,0
3205,0
3206,0
3207,1
3208,0
3209,0
3210,0
3211,0
3212,0
3213,0
3214,0
3215,0
3216,0
3217,0
3218,0
3219,0
3220,0
3221,0
3222,0
3223,0
3224,0
3225,0
3226,0
3227,0
3228,0
3229,0
3230,0
3231,0
3232,0
3233,0
3234,0
3235,0
3236,0
3237,0
3238,0
3239,0
3240,0
3241,0
3242,0
3243,0
3244,0
3245,0
3246,0
3247,0
3248,0
3249,0
3250,0
3251,0
3252,0
3253,0
3254,0
3255,0
3256,0
3257,0
3258,0
3259,1
3260,0
3261,0
3262,0
3263,0
3264,0
3265,0
3266,0
3267,0
3268,0
3269,0
3270,0
3271,0
3272,0
3273,0
3274,0
3275,0
3276,0
3277,0
3278,0
3279,0
3280,0
3281,0
3282,0
3283,0
3284,0
3285,0
3286,0
3287,0
3288,0
3289,0
3290,0
3291,0
3292,0
3293,0
3294,0
3295,0
3296,0
3297,1
3298,0
3299,0
3300,0
3301,0
3302,0
3303,0
3304,0
3305,0
3306,0
3307,0
3308,0
3309,0
3310,0
3311,0
3312,0
3313,0
3314,0
3315,0
3316,2
3317,0
3318,0
3319,0
3320,0
3321,0
3322,0
3323,0
3324,0
3325,0
3326,0
3327,0
3328,0
3329,0
3330,0
3331,0
3332,0
3333,0
3334,0
3335,0
3336,0
3337,0
3338,0
3339,0
3340,0
3341,0
3342,0
3343,0
3344,0
3345,0
3346,0
3347,0
3348,0
3349,0
3350,0
3351,0
3352,0
3353,0
3354,0
3355,0
3356,0
3357,0
3358,0
3359,0
3360,0
3361,0
3362,0
3363,0
3364,0
3365,0
3366,0
3367,0
3368,0
3369,0
3370,0
3371,0
3372,0
3373,0
3374,0
3375,0
3376,0
3377,0
3378,0
3379,0
3380,0
3381,0
3382,0
3383,0
3384,0
3385,0
3386,0
3387,0
3388,0
3389,0
3390,0
3391,0
3392,0
3393,0
3394,0
3395,0
3396,0
3397,0
3398,0
3399,0
3400,0
3401,0
3402,0
3403,0
3404,0
3405,0
3406,0
3407,0
3408,1
3409,0
3410,0
3411,1
3412,0
3413,0
3414,0
3415,0
3416,0
3417,0
3418,0
3419,0
3420,0
3421,0
3422,0
3423,0
3424,2
3425,0
3426,0
3427,0
3428,0
3429,0
3430,0
3431,0
3432,0
3433,0
3434,0
3435,0
3436,0
3437,0
3438,0
3439,0
3440,0
3441,0
3442,0
3443,0
3444,0
3445,0
3446,0
3447,0
3448,0
3449,0
3450,0
3451,0
3452,0
3453,0
3454,0
3455,0
3456,0
3457,0
3458,0
3459,0
3460,0
3461,0
3462,0
3463,0
3464,0
3465,0
3466,0
3467,0
3468,0
3469,0
3470,0
3471,0
3472,0
3473,0
3474,0
3475,0
3476,0
3477,0
3478,0
3479,0
3480,0
3481,0
3482,0
3483,0
3484,0
3485,0
3486,0
3487,0
3488,0
3489,0
3490,0
3491,0
3492,0
3493,0
3494,0
3495,0
3496,0
3497,0
3498,0
3499,0
3500,0
3501,0
3502,0
3503,0
3504,0
3505,0
3506,0
3507,0
3508,0
3509,0
3510,0
3511,0
3512,0
3513,0
3514,0
3515,0
3516,0
3517,0
3518,0
3519,0
3520,0
3521,0
3522,0
3523,0
3524,0
3525,0
3526,0
3527,0
3528,0
3529,0
3530,0
3531,0
3532,0
3533,0
3534,0
3535,0
3536,0
3537,0
3538,0
3539,0
3540,0
3541,0
3542,0
3543,0
3544,0
3545,0
3546,0
3547,0
3548,0
3549,0
3550,0
3551,0
3552,0
3553,0
3554,0
3555,0
3556,0
3557,0
3558,0
3559,0
3560,0
3561,0
3562,0
3563,0
3564,0
3565,0
3566,0
3567,0
3568,0
3569,0
3570,0
3571,0
3572,0
3573,0
3574,0
3575,0
3576,0
3577,0
3578,0
3579,0
3580,0
3581,0
3582,0
3583,0
3584,0
3585,0
3586,0
3587,0
3588,0
3589,0
3590,0
3591,0
3592,0
3593,0
3594,0
3595,0
3596,0
3597,0
3598,0
3599,0
3600,0
3601,0
3602,0
3603,0
3604,0
3605,0
3606,0
3607,0
3608,0
3609,0
3610,0
3611,0
3612,0
3613,0
3614,0
3615,0
3616,0
3617,0
3618,0
3619,0
3620,0
3621,0
3622,0
3623,0
3624,0
3625,0
3626,0
3627,0
3628,0
3629,0
3630,0
3631,0
3632,0
3633,0
3634,0
3635,0
3636,0
3637,0
3638,0
3639,0
3640,0
3641,0
3642,0
3643,0
3644,0
3645,0
3646,0
3647,0
3648,0
3649,0
3650,0
3651,0
3652,0
3653,0
3654,0
3655,0
3656,0
3657,0
3658,0
3659,0
3660,0
3661,0
3662,0
3663,0
3664,0
3665,0
3666,0
3667,0
3668,0
3669,0
3670,0
3671,0
3672,0
3673,0
3674,0
3675,0
3676,0
3677,0
3678,0
3679,0
3680,0
3681,0
3682,0
3683,0
3684,0
3685,0
3686,0
3687,0
3688,0
3689,0
3690,0
3691,0
3692,0
3693,0
3694,0
3695,0
3696,0
3697,0
3698,0
3699,0
3700,0
3701,0
3702,0
3703,0
3704,0
3705,0
3706,0
3707,0
3708,0
3709,0
3710,0
3711,0
3712,0
3713,0
3714,0
3715,0
3716,0
3717,0
3718,0
3719,0
3720,0
3721,0
3722,0
3723,0
3724,0
3725,0
3726,0
3727,0
3728,0
3729,0
3730,0
3731,0
3732,0
3733,0
3734,0
3735,0
3736,0
3737,0
3738,0
3739,0
3740,0
3741,0
3742,0
3743,0
3744,0
3745,0
3746,0
3747,0
3748,0
3749,0
3750,0
3751,0
3752,0
3753,0
3754,0
3755,0
3756,0
3757,0
3758,0
3759,0
3760,0
3761,0
3762,0
3763,0
3764,0
3765,0
3766,0
3767,0
3768,0
3769,0
3770,0
3771,0
3772,0
3773,0
3774,0
3775,0
3776,0
3777,0
3778,0
3779,0
3780,0
3781,0
3782,0
3783,0
3784,0
3785,0
3786,0
3787,0
3788,0
3789,0
3790,0
3791,0
3792,0
3793,0
3794,0
3795,0
3796,0
3797,0
3798,0
3799,0
3800,0
3801,0
3802,0
3803,0
3804,0
3805,0
3806,0
3807,0
3808,0
3809,0
3810,0
3811,0
3812,0
3813,0
3814,0
3815,0
3816,0
3817,0
3818,0
3819,0
3820,0
3821,0
3822,0
3823,0
3824,0
3825,0
3826,0
3827,0
3828,0
3829,0
3830,0
3831,0
3832,0
3833,0
3834,0
3835,0
3836,0
3837,0
3838,0
3839,0
3840,0
3841,0
3842,0
3843,0
3844,0
3845,0
3846,0
3847,0
3848,0
3849,0
3850,0
3851,0
3852,0
3853,0
3854,0
3855,0
3856,0
3857,0
3858,0
3859,0
3860,0
3861,0
3862,0
3863,0
3864,0
3865,0
3866,0
3867,0
3868,0
3869,0
3870,0
3871,0
3872,0
3873,0
3874,0
3875,0
3876,0
3877,0
3878,0
3879,0
3880,0
3881,0
3882,0
3883,0
3884,0
3885,0
3886,0
3887,0
3888,0
3889,0
3890,0
3891,0
3892,0
3893,0
3894,0
3895,0
3896,0
3897,0
3898,0
3899,0
3900,0
3901,0
3902,0
3903,0
3904,0
3905,0
3906,0
3907,0
3908,0
3909,0
3910,0
3911,0
3912,0
3913,0
3914,0
3915,0
3916,0
3917,0
3918,0
3919,0
3920,0
3921,0
3922,0
3923,0
3924,0
3925,0
3926,0
3927,0
3928,0
3929,0
3930,0
3931,0
3932,0
3933,0
3934,0
3935,0
3936,0
3937,0
3938,0
3939,0
3940,0
3941,0
3942,0
3943,0
3944,0
3945,0
3946,0
3947,0
3948,0
3949,0
3950,0
3951,0
3952,0
3953,0
3954,0
3955,0
3956,0
3957,0
3958,0
3959,0
3960,0
3961,0
3962,0
3963,0
3964,0
3965,0
3966,0
3967,0
3968,0
3969,0
3970,0
3971,0
3972,0
3973,0
3974,0
3975,0
3976,0
3977,0
3978,0
3979,0
3980,0
3981,0
3982,0
3983,0
3984,0
3985,0
3986,0
3987,0
3988,0
3989,0
3990,0
3991,0
3992,0
3993,0
3994,0
3995,0
3996,0
3997,0
3998,0
3999,0
4000,0
4001,0
4002,0
4003,0
4004,0
4005,0
4006,0
4007,0
4008,0
4009,0
4010,0
4011,0
4012,0
4013,0
4014,0
4015,0
4016,0
4017,0
4018,0
4019,0
4020,0
