block	a	b	c	d	bits	minimum	first_mask	multiplicity	maximum	sum	projected_events
0	0	1	2	3	22	123	0	1	2214	1722064896	1209
1	0	1	2	4	22	123	0	1	3003	1773772800	1247
2	0	1	2	5	22	123	0	1	2568	1582669824	1132
3	0	1	2	6	22	123	0	1	2466	1537646592	1171
4	0	1	2	7	22	123	0	1	1614	1648926720	1031
5	0	1	2	8	22	123	0	1	2064	1605279744	1169
6	0	1	2	9	22	123	0	1	1965	1731895296	1112
7	0	1	2	10	22	123	0	1	2376	1665638400	1119
8	0	1	2	11	22	123	0	1	2064	1647943680	1185
9	0	1	2	12	22	123	0	1	2007	1551605760	1141
10	0	1	2	13	22	123	0	1	1998	1610784768	1133
11	0	1	3	4	22	123	0	1	3024	1917886464	1299
12	0	1	3	5	22	123	0	1	2355	1736220672	1221
13	0	1	3	6	22	123	0	1	1959	1916116992	1201
14	0	1	3	7	22	123	0	1	1806	1714790400	1079
15	0	1	3	8	22	123	0	1	2388	2146934784	1293
16	0	1	3	9	22	123	0	1	1884	1874239488	1109
17	0	1	3	10	22	123	0	1	1884	1648140288	1156
18	0	1	3	11	22	123	0	1	2112	1896062976	1224
19	0	1	3	12	22	123	0	1	1953	1724424192	1186
20	0	1	3	13	22	123	0	1	2319	1749000192	1241
21	0	1	4	5	22	123	0	1	3243	1841405952	1353
22	0	1	4	6	22	123	0	1	2934	1730912256	1246
23	0	1	4	7	22	123	0	1	2274	1737793536	1168
24	0	1	4	8	22	123	0	1	2841	1881120768	1290
25	0	1	4	9	22	123	0	1	2523	1853005824	1213
26	0	1	4	10	22	123	0	1	3159	2050793472	1295
27	0	1	4	11	22	123	0	1	3552	2319753216	1392
28	0	1	4	12	22	123	0	1	2850	1880137728	1228
29	0	1	4	13	22	123	0	1	3207	2041552896	1326
30	0	1	5	6	22	123	0	1	2343	1671733248	1158
31	0	1	5	7	22	123	0	1	1875	1672716288	1139
32	0	1	5	8	22	123	0	1	2607	1754701824	1204
33	0	1	5	9	22	123	0	1	1935	1579524096	1184
34	0	1	5	10	22	123	0	1	2022	1548656640	1192
35	0	1	5	11	22	123	0	1	2661	1878958080	1217
36	0	1	5	12	22	123	0	1	2172	1625726976	1182
37	0	1	5	13	22	123	0	1	2601	1740152832	1285
38	0	1	6	7	22	123	0	1	1902	1573625856	1039
39	0	1	6	8	22	123	0	1	2115	1632411648	1188
40	0	1	6	9	22	123	0	1	2463	1692377088	1238
41	0	1	6	10	22	123	0	1	2271	1556520960	1151
42	0	1	6	11	22	123	0	1	2694	1866768384	1260
43	0	1	6	12	22	123	0	1	2007	1576181760	1135
44	0	1	6	13	22	123	0	1	1791	1580113920	1086
45	0	1	7	8	22	123	0	1	1779	1639292928	1083
46	0	1	7	9	22	123	0	1	1800	1725014016	1099
47	0	1	7	10	22	123	0	1	1692	1507565568	1045
48	0	1	7	11	22	123	0	1	1989	1821548544	1162
49	0	1	7	12	22	123	0	1	1914	1597612032	1053
50	0	1	7	13	22	123	0	1	1992	1728356352	1157
51	0	1	8	9	22	123	0	1	1875	1660723200	1172
52	0	1	8	10	22	123	0	1	1884	1658757120	1137
53	0	1	8	11	22	123	0	1	2358	1792450560	1346
54	0	1	8	12	22	123	0	1	1842	1623171072	1108
55	0	1	8	13	22	123	0	1	2304	1880334336	1265
56	0	1	9	10	22	123	0	1	1977	1687855104	1213
57	0	1	9	11	22	123	0	1	2238	1800118272	1232
58	0	1	9	12	22	123	0	1	2112	1759617024	1176
59	0	1	9	13	22	123	0	1	2013	1748213760	1175
60	0	1	10	11	22	123	0	1	2154	1722261504	1215
61	0	1	10	12	22	123	0	1	1962	1573036032	1193
62	0	1	10	13	22	123	0	1	2010	1644404736	1212
63	0	1	11	12	22	123	0	1	1977	1668784128	1219
64	0	1	11	13	22	123	0	1	2379	1835704320	1299
65	0	1	12	13	22	123	0	1	2280	1697095680	1255
66	0	2	3	4	22	123	0	1	2778	1732681728	1315
67	0	2	3	5	22	123	0	1	2751	1829609472	1216
68	0	2	3	6	22	123	0	1	2520	1822728192	1253
69	0	2	3	7	22	123	0	1	1833	1798742016	1162
70	0	2	3	8	22	123	0	1	2271	1911791616	1342
71	0	2	3	9	22	123	0	1	1833	1935384576	1131
72	0	2	3	10	22	123	0	1	2529	1860476928	1166
73	0	2	3	11	22	123	0	1	2031	1826267136	1234
74	0	2	3	12	22	123	0	1	2175	1719508992	1216
75	0	2	3	13	22	123	0	1	2415	1748803584	1241
76	0	2	4	5	22	123	0	1	3156	1774755840	1334
77	0	2	4	6	22	123	0	1	2721	1759420416	1253
78	0	2	4	7	22	123	0	1	2073	1839439872	1169
79	0	2	4	8	22	123	0	1	2400	1749000192	1248
80	0	2	4	9	22	123	0	1	2016	1743101952	1174
81	0	2	4	10	22	123	0	1	3135	2047254528	1278
82	0	2	4	11	22	123	0	1	2508	1849663488	1300
83	0	2	4	12	22	123	0	1	2559	1686478848	1280
84	0	2	4	13	22	123	0	1	2664	1832755200	1277
85	0	2	5	6	22	123	0	1	2928	1754308608	1205
86	0	2	5	7	22	123	0	1	1944	1816436736	1187
87	0	2	5	8	22	123	0	1	3000	2062786560	1231
88	0	2	5	9	22	123	0	1	2127	1686478848	1153
89	0	2	5	10	22	123	0	1	2865	1840619520	1256
90	0	2	5	11	22	123	0	1	2481	1881317376	1209
91	0	2	5	12	22	123	0	1	2463	1708695552	1188
92	0	2	5	13	22	123	0	1	2841	1841405952	1289
93	0	2	6	7	22	123	0	1	2001	1797562368	1146
94	0	2	6	8	22	123	0	1	2388	1640472576	1230
95	0	2	6	9	22	123	0	1	2571	1895079936	1227
96	0	2	6	10	22	123	0	1	2991	2070061056	1211
97	0	2	6	11	22	123	0	1	2361	1792450560	1245
98	0	2	6	12	22	123	0	1	2304	1636737024	1198
99	0	2	6	13	22	123	0	1	1980	1541971968	1123
100	0	2	7	8	22	123	0	1	1917	1711054848	1142
101	0	2	7	9	22	123	0	1	2241	1795989504	1167
102	0	2	7	10	22	123	0	1	1740	1778884608	1110
103	0	2	7	11	22	123	0	1	2442	1977655296	1172
104	0	2	7	12	22	123	0	1	2418	1776132096	1188
105	0	2	7	13	22	123	0	1	2043	1718722560	1176
106	0	2	8	9	22	123	0	1	1827	1694343168	1165
107	0	2	8	10	22	123	0	1	2346	1745657856	1166
108	0	2	8	11	22	123	0	1	2214	1793433600	1307
109	0	2	8	12	22	123	0	1	1974	1591910400	1180
110	0	2	8	13	22	123	0	1	2259	1856348160	1279
111	0	2	9	10	22	123	0	1	2049	1927913472	1201
112	0	2	9	11	22	123	0	1	2130	1701027840	1215
113	0	2	9	12	22	123	0	1	2271	1772593152	1212
114	0	2	9	13	22	123	0	1	2115	1781047296	1157
115	0	2	10	11	22	123	0	1	2067	1756667904	1198
116	0	2	10	12	22	123	0	1	2172	1788321792	1229
117	0	2	10	13	22	123	0	1	2361	1795399680	1241
118	0	2	11	12	22	123	0	1	2304	1729732608	1251
119	0	2	11	13	22	123	0	1	2034	1734057984	1226
120	0	2	12	13	22	123	0	1	2481	1712234496	1317
121	0	3	4	5	22	123	0	1	2847	1833148416	1328
122	0	3	4	6	22	123	0	1	2298	1818796032	1180
123	0	3	4	7	22	123	0	1	1902	1666621440	1192
124	0	3	4	8	22	123	0	1	1992	1978441728	1281
125	0	3	4	9	22	123	0	1	1767	1815453696	1095
126	0	3	4	10	22	123	0	1	2568	1805623296	1182
127	0	3	4	11	22	123	0	1	2475	1916116992	1235
128	0	3	4	12	22	123	0	1	2436	1751162880	1200
129	0	3	4	13	22	123	0	1	2910	1926537216	1247
130	0	3	5	6	22	123	0	1	2178	1987092480	1178
131	0	3	5	7	22	123	0	1	1968	1905696768	1209
132	0	3	5	8	22	123	0	1	2367	2186059776	1304
133	0	3	5	9	22	123	0	1	1953	1839046656	1120
134	0	3	5	10	22	123	0	1	2097	1654431744	1260
135	0	3	5	11	22	123	0	1	2169	2024054784	1169
136	0	3	5	12	22	123	0	1	2199	1853595648	1209
137	0	3	5	13	22	123	0	1	2940	2038210560	1320
138	0	3	6	7	22	123	0	1	1713	1973526528	1070
139	0	3	6	8	22	123	0	1	2244	2176032768	1204
140	0	3	6	9	22	123	0	1	1803	1919262720	1123
141	0	3	6	10	22	123	0	1	2079	1836490752	1131
142	0	3	6	11	22	123	0	1	1806	2013634560	1126
143	0	3	6	12	22	123	0	1	1773	1869127680	1135
144	0	3	6	13	22	123	0	1	1842	1783996416	1113
145	0	3	7	8	22	123	0	1	2277	1955438592	1214
146	0	3	7	9	22	123	0	1	2130	1834328064	1061
147	0	3	7	10	22	123	0	1	1773	1517395968	1049
148	0	3	7	11	22	123	0	1	2079	1919066112	1135
149	0	3	7	12	22	123	0	1	1968	1784193024	1087
150	0	3	7	13	22	123	0	1	2040	1861066752	1102
151	0	3	8	9	22	123	0	1	2547	2088345600	1158
152	0	3	8	10	22	123	0	1	2142	1867358208	1166
153	0	3	8	11	22	123	0	1	2631	2214174720	1309
154	0	3	8	12	22	123	0	1	2484	1928306688	1229
155	0	3	8	13	22	123	0	1	2250	2125897728	1333
156	0	3	9	10	22	123	0	1	2223	1757257728	1125
157	0	3	9	11	22	123	0	1	2145	1845141504	1080
158	0	3	9	12	22	123	0	1	2421	1929093120	1144
159	0	3	9	13	22	123	0	1	2079	1831968768	1092
160	0	3	10	11	22	123	0	1	1803	1671733248	1106
161	0	3	10	12	22	123	0	1	1959	1606066176	1182
162	0	3	10	13	22	123	0	1	2157	1633394688	1179
163	0	3	11	12	22	123	0	1	2112	1820958720	1184
164	0	3	11	13	22	123	0	1	2058	1892130816	1219
165	0	3	12	13	22	123	0	1	1953	1718132736	1257
166	0	4	5	6	22	123	0	1	2577	1861459968	1224
167	0	4	5	7	22	123	0	1	2178	1958977536	1289
168	0	4	5	8	22	123	0	1	2979	1973723136	1315
169	0	4	5	9	22	123	0	1	1992	1764532224	1251
170	0	4	5	10	22	123	0	1	2757	1844551680	1376
171	0	4	5	11	22	123	0	1	3099	2122948608	1362
172	0	4	5	12	22	123	0	1	2700	1802477568	1321
173	0	4	5	13	22	123	0	1	3288	1974312960	1439
174	0	4	6	7	22	123	0	1	1758	1753522176	1109
175	0	4	6	8	22	123	0	1	2133	1657774080	1125
176	0	4	6	9	22	123	0	1	2190	1605083136	1190
177	0	4	6	10	22	123	0	1	2715	1859297280	1189
178	0	4	6	11	22	123	0	1	2790	2027593728	1260
179	0	4	6	12	22	123	0	1	2241	1714200576	1169
180	0	4	6	13	22	123	0	1	2127	1714593792	1107
181	0	4	7	8	22	123	0	1	1899	1714397184	1150
182	0	4	7	9	22	123	0	1	2448	1737793536	1184
183	0	4	7	10	22	123	0	1	1929	1693360128	1147
184	0	4	7	11	22	123	0	1	2091	1919655936	1244
185	0	4	7	12	22	123	0	1	2394	1758633984	1195
186	0	4	7	13	22	123	0	1	2037	1795203072	1257
187	0	4	8	9	22	123	0	1	1770	1662689280	1121
188	0	4	8	10	22	123	0	1	2412	1844748288	1180
189	0	4	8	11	22	123	0	1	2640	1992794112	1358
190	0	4	8	12	22	123	0	1	1920	1639882752	1144
191	0	4	8	13	22	123	0	1	2859	2127077376	1319
192	0	4	9	10	22	123	0	1	1944	1893310464	1249
193	0	4	9	11	22	123	0	1	2139	1763549184	1232
194	0	4	9	12	22	123	0	1	2133	1738186752	1203
195	0	4	9	13	22	123	0	1	1893	1803460608	1164
196	0	4	10	11	22	123	0	1	2796	2036047872	1292
197	0	4	10	12	22	123	0	1	2361	1779081216	1292
198	0	4	10	13	22	123	0	1	2823	1921032192	1333
199	0	4	11	12	22	123	0	1	2400	1826463744	1282
200	0	4	11	13	22	123	0	1	2895	2025627648	1362
201	0	4	12	13	22	123	0	1	2190	1756667904	1313
202	0	5	6	7	22	123	0	1	1854	1884659712	1146
203	0	5	6	8	22	123	0	1	2577	1859297280	1172
204	0	5	6	9	22	123	0	1	2184	1675272192	1233
205	0	5	6	10	22	123	0	1	2238	1792057344	1233
206	0	5	6	11	22	123	0	1	2514	2088542208	1182
207	0	5	6	12	22	123	0	1	2070	1788518400	1168
208	0	5	6	13	22	123	0	1	2190	1823711232	1173
209	0	5	7	8	22	123	0	1	2253	2087362560	1199
210	0	5	7	9	22	123	0	1	2496	1746247680	1245
211	0	5	7	10	22	123	0	1	2397	1788518400	1246
212	0	5	7	11	22	123	0	1	2049	2058854400	1225
213	0	5	7	12	22	123	0	1	2376	1917493248	1242
214	0	5	7	13	22	123	0	1	2310	1990238208	1356
215	0	5	8	9	22	123	0	1	2118	1853988864	1170
216	0	5	8	10	22	123	0	1	2319	1790877696	1246
217	0	5	8	11	22	123	0	1	2757	2239733760	1300
218	0	5	8	12	22	123	0	1	2178	1881317376	1148
219	0	5	8	13	22	123	0	1	3324	2561384448	1402
220	0	5	9	10	22	123	0	1	2586	1748213760	1309
221	0	5	9	11	22	123	0	1	1908	1748606976	1195
222	0	5	9	12	22	123	0	1	2403	1750769664	1243
223	0	5	9	13	22	123	0	1	2193	1754505216	1264
224	0	5	10	11	22	123	0	1	2076	1781440512	1237
225	0	5	10	12	22	123	0	1	2397	1704566784	1340
226	0	5	10	13	22	123	0	1	2376	1695326208	1388
227	0	5	11	12	22	123	0	1	2031	1891934208	1227
228	0	5	11	13	22	123	0	1	2742	2177409024	1359
229	0	5	12	13	22	123	0	1	2145	1841602560	1390
230	0	6	7	8	22	123	0	1	1776	1761583104	1074
231	0	6	7	9	22	123	0	1	1848	1847500800	1146
232	0	6	7	10	22	123	0	1	1794	1751752704	1091
233	0	6	7	11	22	123	0	1	1776	2029166592	1138
234	0	6	7	12	22	123	0	1	2076	1846124544	1091
235	0	6	7	13	22	123	0	1	1788	1770037248	1101
236	0	6	8	9	22	123	0	1	2079	1618255872	1178
237	0	6	8	10	22	123	0	1	2040	1686478848	1110
238	0	6	8	11	22	123	0	1	2181	1834917888	1262
239	0	6	8	12	22	123	0	1	1800	1648336896	1071
240	0	6	8	13	22	123	0	1	1914	1841602560	1131
241	0	6	9	10	22	123	0	1	2262	1867948032	1262
242	0	6	9	11	22	123	0	1	2340	1928896512	1217
243	0	6	9	12	22	123	0	1	1947	1839833088	1206
244	0	6	9	13	22	123	0	1	2055	1700438016	1143
245	0	6	10	11	22	123	0	1	2253	1846517760	1169
246	0	6	10	12	22	123	0	1	1836	1714987008	1186
247	0	6	10	13	22	123	0	1	1863	1673895936	1130
248	0	6	11	12	22	123	0	1	1890	1912578048	1184
249	0	6	11	13	22	123	0	1	1881	1860673536	1146
250	0	6	12	13	22	123	0	1	2358	1791074304	1151
251	0	7	8	9	22	123	0	1	2055	1705746432	1107
252	0	7	8	10	22	123	0	1	1893	1585029120	1065
253	0	7	8	11	22	123	0	1	2235	1876795392	1251
254	0	7	8	12	22	123	0	1	2316	1690017792	1081
255	0	7	8	13	22	123	0	1	2259	2166005760	1258
256	0	7	9	10	22	123	0	1	2709	1748606976	1246
257	0	7	9	11	22	123	0	1	2436	1724424192	1212
258	0	7	9	12	22	123	0	1	3084	1926144000	1244
259	0	7	9	13	22	123	0	1	2526	1783603200	1236
260	0	7	10	11	22	123	0	1	2265	1717739520	1134
261	0	7	10	12	22	123	0	1	2811	1729929216	1201
262	0	7	10	13	22	123	0	1	2142	1641652224	1224
263	0	7	11	12	22	123	0	1	2727	1886035968	1198
264	0	7	11	13	22	123	0	1	2163	1884069888	1278
265	0	7	12	13	22	123	0	1	3000	1863229440	1316
266	0	8	9	10	22	123	0	1	2175	1702207488	1168
267	0	8	9	11	22	123	0	1	2115	1683922944	1257
268	0	8	9	12	22	123	0	1	2532	1731895296	1140
269	0	8	9	13	22	123	0	1	2064	1870307328	1198
270	0	8	10	11	22	123	0	1	1932	1747230720	1206
271	0	8	10	12	22	123	0	1	2181	1602920448	1107
272	0	8	10	13	22	123	0	1	2199	1913561088	1257
273	0	8	11	12	22	123	0	1	2415	1773969408	1228
274	0	8	11	13	22	123	0	1	2385	2104467456	1417
275	0	8	12	13	22	123	0	1	2409	1840226304	1248
276	0	9	10	11	22	123	0	1	2307	1621401600	1225
277	0	9	10	12	22	123	0	1	3117	1822924800	1337
278	0	9	10	13	22	123	0	1	2568	1818206208	1247
279	0	9	11	12	22	123	0	1	2697	1719508992	1249
280	0	9	11	13	22	123	0	1	2307	1668784128	1219
281	0	9	12	13	22	123	0	1	3195	1985716224	1274
282	0	10	11	12	22	123	0	1	2409	1685692416	1222
283	0	10	11	13	22	123	0	1	1959	1717542912	1267
284	0	10	12	13	22	123	0	1	2847	1755095040	1333
285	0	11	12	13	22	123	0	1	2715	1836687360	1315
286	1	2	3	4	22	123	0	1	3381	1844158464	1384
287	1	2	3	5	22	123	0	1	2631	1583849472	1146
288	1	2	3	6	22	123	0	1	2691	1757454336	1347
289	1	2	3	7	22	123	0	1	2559	1652269056	1249
290	1	2	3	8	22	123	0	1	2049	1920049152	1321
291	1	2	3	9	22	123	0	1	2643	1771216896	1238
292	1	2	3	10	22	123	0	1	2862	1824301056	1298
293	1	2	3	11	22	123	0	1	1956	1686282240	1214
294	1	2	3	12	22	123	0	1	2979	1742118912	1341
295	1	2	3	13	22	123	0	1	2769	1747230720	1299
296	1	2	4	5	22	123	0	1	2985	1792253952	1251
297	1	2	4	6	22	123	0	1	3036	1808179200	1341
298	1	2	4	7	22	123	0	1	2268	1878761472	1230
299	1	2	4	8	22	123	0	1	2616	1929289728	1264
300	1	2	4	9	22	123	0	1	3030	1986306048	1263
301	1	2	4	10	22	123	0	1	3546	2288885760	1392
302	1	2	4	11	22	123	0	1	2631	2008326144	1270
303	1	2	4	12	22	123	0	1	3177	1952292864	1343
304	1	2	4	13	22	123	0	1	2976	2043912192	1287
305	1	2	5	6	22	123	0	1	2526	1712824320	1166
306	1	2	5	7	22	123	0	1	1977	1688248320	1135
307	1	2	5	8	22	123	0	1	2571	1783603200	1161
308	1	2	5	9	22	123	0	1	2436	1710071808	1104
309	1	2	5	10	22	123	0	1	2448	1819975680	1164
310	1	2	5	11	22	123	0	1	2037	1614323712	1102
311	1	2	5	12	22	123	0	1	2508	1715970048	1167
312	1	2	5	13	22	123	0	1	2361	1683726336	1148
313	1	2	6	7	22	123	0	1	2346	1668587520	1259
314	1	2	6	8	22	123	0	1	2319	1805819904	1321
315	1	2	6	9	22	123	0	1	3372	2074976256	1372
316	1	2	6	10	22	123	0	1	3003	1921622016	1325
317	1	2	6	11	22	123	0	1	2340	1694343168	1322
318	1	2	6	12	22	123	0	1	2766	1709088768	1325
319	1	2	6	13	22	123	0	1	1914	1632018432	1114
320	1	2	7	8	22	123	0	1	1941	1732485120	1199
321	1	2	7	9	22	123	0	1	2490	1875222528	1245
322	1	2	7	10	22	123	0	1	2154	1762959360	1221
323	1	2	7	11	22	123	0	1	2088	1841405952	1159
324	1	2	7	12	22	123	0	1	2076	1758044160	1278
325	1	2	7	13	22	123	0	1	1995	1715970048	1193
326	1	2	8	9	22	123	0	1	2532	1917493248	1238
327	1	2	8	10	22	123	0	1	2349	1910415360	1234
328	1	2	8	11	22	123	0	1	2367	1920442368	1293
329	1	2	8	12	22	123	0	1	2082	1741529088	1231
330	1	2	8	13	22	123	0	1	2127	1884069888	1240
331	1	2	9	10	22	123	0	1	2904	2126880768	1342
332	1	2	9	11	22	123	0	1	2151	1830789120	1168
333	1	2	9	12	22	123	0	1	2667	1815846912	1349
334	1	2	9	13	22	123	0	1	2139	1834524672	1185
335	1	2	10	11	22	123	0	1	1956	1784979456	1223
336	1	2	10	12	22	123	0	1	2757	1901764608	1373
337	1	2	10	13	22	123	0	1	2448	1972936704	1278
338	1	2	11	12	22	123	0	1	1950	1696505856	1225
339	1	2	11	13	22	123	0	1	1974	1762172928	1160
340	1	2	12	13	22	123	0	1	2079	1767677952	1323
341	1	3	4	5	22	123	0	1	2793	1699848192	1249
342	1	3	4	6	22	123	0	1	2709	1851826176	1278
343	1	3	4	7	22	123	0	1	2745	1783603200	1271
344	1	3	4	8	22	123	0	1	2220	2049417216	1258
345	1	3	4	9	22	123	0	1	2631	1813487616	1193
346	1	3	4	10	22	123	0	1	3093	1963892736	1334
347	1	3	4	11	22	123	0	1	2826	2027200512	1254
348	1	3	4	12	22	123	0	1	3213	2029953024	1308
349	1	3	4	13	22	123	0	1	3339	2079694848	1336
350	1	3	5	6	22	123	0	1	1881	1866768384	1167
351	1	3	5	7	22	123	0	1	2037	1707515904	1126
352	1	3	5	8	22	123	0	1	2028	1801297920	1230
353	1	3	5	9	22	123	0	1	1812	1548460032	1074
354	1	3	5	10	22	123	0	1	1998	1622974464	1212
355	1	3	5	11	22	123	0	1	1959	1634574336	1107
356	1	3	5	12	22	123	0	1	2292	1723441152	1167
357	1	3	5	13	22	123	0	1	2514	1719312384	1228
358	1	3	6	7	22	123	0	1	2121	1767284736	1162
359	1	3	6	8	22	123	0	1	2496	2208079872	1272
360	1	3	6	9	22	123	0	1	2367	1821745152	1250
361	1	3	6	10	22	123	0	1	2160	1752932352	1295
362	1	3	6	11	22	123	0	1	1947	1857331200	1236
363	1	3	6	12	22	123	0	1	2265	1818009600	1254
364	1	3	6	13	22	123	0	1	1803	1801887744	1167
365	1	3	7	8	22	123	0	1	1887	1848483840	1187
366	1	3	7	9	22	123	0	1	2250	1775935488	1158
367	1	3	7	10	22	123	0	1	1971	1550426112	1177
368	1	3	7	11	22	123	0	1	1848	1791270912	1142
369	1	3	7	12	22	123	0	1	2289	1755291648	1196
370	1	3	7	13	22	123	0	1	2490	1889378304	1178
371	1	3	8	9	22	123	0	1	2040	1929093120	1166
372	1	3	8	10	22	123	0	1	2328	1970774016	1221
373	1	3	8	11	22	123	0	1	2667	2141822976	1290
374	1	3	8	12	22	123	0	1	2118	1892327424	1223
375	1	3	8	13	22	123	0	1	2043	1991811072	1320
376	1	3	9	10	22	123	0	1	1971	1730715648	1265
377	1	3	9	11	22	123	0	1	1773	1753325568	1086
378	1	3	9	12	22	123	0	1	2220	1753128960	1274
379	1	3	9	13	22	123	0	1	1986	1714397184	1194
380	1	3	10	11	22	123	0	1	2022	1701224448	1206
381	1	3	10	12	22	123	0	1	2235	1701421056	1333
382	1	3	10	13	22	123	0	1	2259	1772199936	1288
383	1	3	11	12	22	123	0	1	1944	1714200576	1207
384	1	3	11	13	22	123	0	1	2004	1776525312	1236
385	1	3	12	13	22	123	0	1	2358	1770627072	1334
386	1	4	5	6	22	123	0	1	2295	1871683584	1187
387	1	4	5	7	22	123	0	1	1917	1966645248	1215
388	1	4	5	8	22	123	0	1	2655	1777901568	1240
389	1	4	5	9	22	123	0	1	2247	1780654080	1151
390	1	4	5	10	22	123	0	1	2307	1985519616	1270
391	1	4	5	11	22	123	0	1	2706	1956618240	1247
392	1	4	5	12	22	123	0	1	2643	1941479424	1240
393	1	4	5	13	22	123	0	1	2826	1896456192	1308
394	1	4	6	7	22	123	0	1	2304	1707319296	1222
395	1	4	6	8	22	123	0	1	2220	1832558592	1198
396	1	4	6	9	22	123	0	1	3150	1841995776	1335
397	1	4	6	10	22	123	0	1	3081	1909432320	1359
398	1	4	6	11	22	123	0	1	2997	2000658432	1349
399	1	4	6	12	22	123	0	1	2799	1904910336	1282
400	1	4	6	13	22	123	0	1	2208	1827053568	1125
401	1	4	7	8	22	123	0	1	2085	1832951808	1178
402	1	4	7	9	22	123	0	1	2382	1880727552	1238
403	1	4	7	10	22	123	0	1	2289	1906286592	1283
404	1	4	7	11	22	123	0	1	2274	2043322368	1269
405	1	4	7	12	22	123	0	1	2154	1924177920	1253
406	1	4	7	13	22	123	0	1	2541	1968611328	1300
407	1	4	8	9	22	123	0	1	2466	1919852544	1178
408	1	4	8	10	22	123	0	1	2529	2118230016	1246
409	1	4	8	11	22	123	0	1	2499	2116460544	1341
410	1	4	8	12	22	123	0	1	2274	1929682944	1165
411	1	4	8	13	22	123	0	1	2766	2140053504	1295
412	1	4	9	10	22	123	0	1	2895	2154602496	1396
413	1	4	9	11	22	123	0	1	2802	2115674112	1251
414	1	4	9	12	22	123	0	1	2685	2011275264	1294
415	1	4	9	13	22	123	0	1	2454	1960157184	1212
416	1	4	10	11	22	123	0	1	2889	2241896448	1351
417	1	4	10	12	22	123	0	1	2949	2155782144	1411
418	1	4	10	13	22	123	0	1	3021	2267848704	1392
419	1	4	11	12	22	123	0	1	2748	2077335552	1297
420	1	4	11	13	22	123	0	1	2799	2110955520	1326
421	1	4	12	13	22	123	0	1	2580	2039980032	1333
422	1	5	6	7	22	123	0	1	1800	1769447424	1127
423	1	5	6	8	22	123	0	1	2031	1713610752	1174
424	1	5	6	9	22	123	0	1	2286	1716363264	1200
425	1	5	6	10	22	123	0	1	2118	1839243264	1229
426	1	5	6	11	22	123	0	1	2115	1754112000	1191
427	1	5	6	12	22	123	0	1	2004	1825087488	1198
428	1	5	6	13	22	123	0	1	1866	1833738240	1101
429	1	5	7	8	22	123	0	1	2025	1816043520	1144
430	1	5	7	9	22	123	0	1	1818	1699848192	1144
431	1	5	7	10	22	123	0	1	2448	1856741376	1175
432	1	5	7	11	22	123	0	1	1932	1829609472	1159
433	1	5	7	12	22	123	0	1	2064	1855561728	1213
434	1	5	7	13	22	123	0	1	1983	1775149056	1238
435	1	5	8	9	22	123	0	1	2166	1697882112	1137
436	1	5	8	10	22	123	0	1	1974	1740546048	1187
437	1	5	8	11	22	123	0	1	2124	1760206848	1245
438	1	5	8	12	22	123	0	1	2019	1740939264	1140
439	1	5	8	13	22	123	0	1	2478	1959174144	1262
440	1	5	9	10	22	123	0	1	2325	1848877056	1224
441	1	5	9	11	22	123	0	1	1965	1651286016	1101
442	1	5	9	12	22	123	0	1	1884	1733271552	1224
443	1	5	9	13	22	123	0	1	1893	1611374592	1170
444	1	5	10	11	22	123	0	1	2217	1740152832	1183
445	1	5	10	12	22	123	0	1	2478	1843568640	1310
446	1	5	10	13	22	123	0	1	2295	1784586240	1279
447	1	5	11	12	22	123	0	1	1860	1703190528	1186
448	1	5	11	13	22	123	0	1	2007	1752539136	1245
449	1	5	12	13	22	123	0	1	2247	1817616384	1328
450	1	6	7	8	22	123	0	1	1863	1699848192	1156
451	1	6	7	9	22	123	0	1	2781	1975296000	1281
452	1	6	7	10	22	123	0	1	2079	1599578112	1246
453	1	6	7	11	22	123	0	1	2010	1812897792	1241
454	1	6	7	12	22	123	0	1	1908	1713807360	1218
455	1	6	7	13	22	123	0	1	1725	1707319296	1110
456	1	6	8	9	22	123	0	1	2574	1837080576	1279
457	1	6	8	10	22	123	0	1	1932	1752539136	1236
458	1	6	8	11	22	123	0	1	2283	1823907840	1364
459	1	6	8	12	22	123	0	1	1896	1751162880	1189
460	1	6	8	13	22	123	0	1	1998	1843765248	1125
461	1	6	9	10	22	123	0	1	2925	1915920384	1457
462	1	6	9	11	22	123	0	1	2913	2020515840	1327
463	1	6	9	12	22	123	0	1	2799	1971560448	1399
464	1	6	9	13	22	123	0	1	1836	1761779712	1170
465	1	6	10	11	22	123	0	1	2178	1683333120	1333
466	1	6	10	12	22	123	0	1	2214	1738776576	1377
467	1	6	10	13	22	123	0	1	1986	1726783488	1203
468	1	6	11	12	22	123	0	1	2208	1841995776	1310
469	1	6	11	13	22	123	0	1	2022	1746837504	1170
470	1	6	12	13	22	123	0	1	2331	1864212480	1185
471	1	7	8	9	22	123	0	1	2106	1898225664	1162
472	1	7	8	10	22	123	0	1	1974	1673895936	1124
473	1	7	8	11	22	123	0	1	2277	1835114496	1254
474	1	7	8	12	22	123	0	1	1947	1691394048	1119
475	1	7	8	13	22	123	0	1	2133	2027790336	1220
476	1	7	9	10	22	123	0	1	2121	1865392128	1339
477	1	7	9	11	22	123	0	1	2034	1925750784	1199
478	1	7	9	12	22	123	0	1	2100	1840816128	1324
479	1	7	9	13	22	123	0	1	1989	1822924800	1245
480	1	7	10	11	22	123	0	1	2292	1757847552	1201
481	1	7	10	12	22	123	0	1	2490	1744674816	1305
482	1	7	10	13	22	123	0	1	2124	1729929216	1273
483	1	7	11	12	22	123	0	1	2244	1800904704	1214
484	1	7	11	13	22	123	0	1	2055	1838653440	1238
485	1	7	12	13	22	123	0	1	2559	1852219392	1329
486	1	8	9	10	22	123	0	1	1977	1876992000	1251
487	1	8	9	11	22	123	0	1	1983	1877581824	1240
488	1	8	9	12	22	123	0	1	1938	1822138368	1219
489	1	8	9	13	22	123	0	1	1857	1853202432	1205
490	1	8	10	11	22	123	0	1	2496	1929289728	1269
491	1	8	10	12	22	123	0	1	2226	1785569280	1209
492	1	8	10	13	22	123	0	1	2073	2005770240	1257
493	1	8	11	12	22	123	0	1	2421	1806016512	1237
494	1	8	11	13	22	123	0	1	2463	1922605056	1362
495	1	8	12	13	22	123	0	1	2358	1830395904	1239
496	1	9	10	11	22	123	0	1	2061	1823514624	1270
497	1	9	10	12	22	123	0	1	2547	1915723776	1472
498	1	9	10	13	22	123	0	1	2283	1958191104	1329
499	1	9	11	12	22	123	0	1	2022	1796186112	1275
500	1	9	11	13	22	123	0	1	1983	1741135872	1178
501	1	9	12	13	22	123	0	1	2559	1935384576	1294
502	1	10	11	12	22	123	0	1	2466	1786552320	1307
503	1	10	11	13	22	123	0	1	2415	1814863872	1300
504	1	10	12	13	22	123	0	1	2853	1910808576	1431
505	1	11	12	13	22	123	0	1	2670	1837080576	1295
506	2	3	4	5	22	123	0	1	2844	1702797312	1240
507	2	3	4	6	22	123	0	1	2877	1824301056	1322
508	2	3	4	7	22	123	0	1	2361	1776525312	1298
509	2	3	4	8	22	123	0	1	2103	1812701184	1286
510	2	3	4	9	22	123	0	1	2397	1737400320	1192
511	2	3	4	10	22	123	0	1	3288	2145558528	1330
512	2	3	4	11	22	123	0	1	2055	1782816768	1234
513	2	3	4	12	22	123	0	1	3060	1831968768	1329
514	2	3	4	13	22	123	0	1	3093	1992990720	1298
515	2	3	5	6	22	123	0	1	2721	1786355712	1173
516	2	3	5	7	22	123	0	1	2391	1745657856	1198
517	2	3	5	8	22	123	0	1	2535	1823514624	1222
518	2	3	5	9	22	123	0	1	2211	1637326848	1056
519	2	3	5	10	22	123	0	1	2727	1901961216	1210
520	2	3	5	11	22	123	0	1	1824	1647550464	1059
521	2	3	5	12	22	123	0	1	2673	1807196160	1163
522	2	3	5	13	22	123	0	1	2943	1864802304	1219
523	2	3	6	7	22	123	0	1	2685	1872076800	1319
524	2	3	6	8	22	123	0	1	2082	1929682944	1321
525	2	3	6	9	22	123	0	1	2892	1984536576	1286
526	2	3	6	10	22	123	0	1	3264	2234425344	1343
527	2	3	6	11	22	123	0	1	1980	1797365760	1238
528	2	3	6	12	22	123	0	1	2889	1831182336	1323
529	2	3	6	13	22	123	0	1	2490	1698078720	1223
530	2	3	7	8	22	123	0	1	2052	1707712512	1312
531	2	3	7	9	22	123	0	1	2388	1743691776	1261
532	2	3	7	10	22	123	0	1	2541	1827840000	1268
533	2	3	7	11	22	123	0	1	2259	1886625792	1168
534	2	3	7	12	22	123	0	1	2520	1863622656	1315
535	2	3	7	13	22	123	0	1	2550	1819582464	1227
536	2	3	8	9	22	123	0	1	1869	1842782208	1204
537	2	3	8	10	22	123	0	1	2115	1874829312	1230
538	2	3	8	11	22	123	0	1	2952	2077138944	1303
539	2	3	8	12	22	123	0	1	2028	1713217536	1288
540	2	3	8	13	22	123	0	1	2343	1853202432	1354
541	2	3	9	10	22	123	0	1	2613	2056495104	1270
542	2	3	9	11	22	123	0	1	1908	1705353216	1083
543	2	3	9	12	22	123	0	1	2418	1742905344	1309
544	2	3	9	13	22	123	0	1	2202	1793826816	1198
545	2	3	10	11	22	123	0	1	1842	1808375808	1148
546	2	3	10	12	22	123	0	1	2976	1989058560	1363
547	2	3	10	13	22	123	0	1	2970	2078711808	1322
548	2	3	11	12	22	123	0	1	2088	1748803584	1191
549	2	3	11	13	22	123	0	1	1923	1768267776	1147
550	2	3	12	13	22	123	0	1	2640	1820958720	1362
551	2	4	5	6	22	123	0	1	2523	1885052928	1200
552	2	4	5	7	22	123	0	1	2226	2001444864	1240
553	2	4	5	8	22	123	0	1	2574	1794023424	1207
554	2	4	5	9	22	123	0	1	2145	1708498944	1113
555	2	4	5	10	22	123	0	1	2841	2024841216	1323
556	2	4	5	11	22	123	0	1	2214	1740152832	1251
557	2	4	5	12	22	123	0	1	2631	1780850688	1268
558	2	4	5	13	22	123	0	1	2763	1847304192	1278
559	2	4	6	7	22	123	0	1	2013	1976279040	1266
560	2	4	6	8	22	123	0	1	2079	1838260224	1198
561	2	4	6	9	22	123	0	1	2715	1911398400	1244
562	2	4	6	10	22	123	0	1	3252	2259787776	1334
563	2	4	6	11	22	123	0	1	2250	1849270272	1304
564	2	4	6	12	22	123	0	1	2661	1798348800	1318
565	2	4	6	13	22	123	0	1	2133	1792843776	1155
566	2	4	7	8	22	123	0	1	2193	1847697408	1189
567	2	4	7	9	22	123	0	1	2109	1800708096	1216
568	2	4	7	10	22	123	0	1	1965	1982570496	1263
569	2	4	7	11	22	123	0	1	2832	2143199232	1269
570	2	4	7	12	22	123	0	1	2559	1908056064	1359
571	2	4	7	13	22	123	0	1	2124	1863819264	1273
572	2	4	8	9	22	123	0	1	2001	1776328704	1115
573	2	4	8	10	22	123	0	1	2532	1980801024	1230
574	2	4	8	11	22	123	0	1	2379	1950130176	1292
575	2	4	8	12	22	123	0	1	1998	1679990784	1213
576	2	4	8	13	22	123	0	1	2373	1980997632	1258
577	2	4	9	10	22	123	0	1	2751	2177015808	1328
578	2	4	9	11	22	123	0	1	1812	1727373312	1164
579	2	4	9	12	22	123	0	1	2211	1702404096	1290
580	2	4	9	13	22	123	0	1	2022	1850843136	1169
581	2	4	10	11	22	123	0	1	2322	2011471872	1297
582	2	4	10	12	22	123	0	1	3012	2044108800	1441
583	2	4	10	13	22	123	0	1	2982	2265292800	1382
584	2	4	11	12	22	123	0	1	2124	1794416640	1297
585	2	4	11	13	22	123	0	1	1923	1905303552	1225
586	2	4	12	13	22	123	0	1	2277	1834721280	1401
587	2	5	6	7	22	123	0	1	2232	1838653440	1246
588	2	5	6	8	22	123	0	1	2700	1784389632	1218
589	2	5	6	9	22	123	0	1	2814	1870110720	1198
590	2	5	6	10	22	123	0	1	2865	2136711168	1271
591	2	5	6	11	22	123	0	1	2193	1720885248	1189
592	2	5	6	12	22	123	0	1	2559	1776132096	1213
593	2	5	6	13	22	123	0	1	2148	1663279104	1115
594	2	5	7	8	22	123	0	1	2259	1891737600	1220
595	2	5	7	9	22	123	0	1	1875	1630838784	1195
596	2	5	7	10	22	123	0	1	2037	1913364480	1264
597	2	5	7	11	22	123	0	1	2418	1892130816	1190
598	2	5	7	12	22	123	0	1	2160	1846910976	1293
599	2	5	7	13	22	123	0	1	2052	1719115776	1270
600	2	5	8	9	22	123	0	1	2445	1873453056	1120
601	2	5	8	10	22	123	0	1	2604	1909628928	1250
602	2	5	8	11	22	123	0	1	1959	1902747648	1194
603	2	5	8	12	22	123	0	1	2346	1818206208	1154
604	2	5	8	13	22	123	0	1	2862	2131795968	1273
605	2	5	9	10	22	123	0	1	2274	1984339968	1210
606	2	5	9	11	22	123	0	1	1704	1572642816	1062
607	2	5	9	12	22	123	0	1	2046	1657774080	1178
608	2	5	9	13	22	123	0	1	1929	1667014656	1127
609	2	5	10	11	22	123	0	1	1953	1767874560	1207
610	2	5	10	12	22	123	0	1	2403	1970380800	1314
611	2	5	10	13	22	123	0	1	2490	1945411584	1318
612	2	5	11	12	22	123	0	1	1959	1737400320	1167
613	2	5	11	13	22	123	0	1	1815	1786552320	1163
614	2	5	12	13	22	123	0	1	2067	1767874560	1310
615	2	6	7	8	22	123	0	1	2133	1774952448	1299
616	2	6	7	9	22	123	0	1	2868	2115477504	1348
617	2	6	7	10	22	123	0	1	2643	2113118208	1351
618	2	6	7	11	22	123	0	1	2352	1969987584	1279
619	2	6	7	12	22	123	0	1	2148	1850056704	1372
620	2	6	7	13	22	123	0	1	1899	1630838784	1211
621	2	6	8	9	22	123	0	1	2748	1967431680	1277
622	2	6	8	10	22	123	0	1	2598	1987682304	1279
623	2	6	8	11	22	123	0	1	2484	1848287232	1346
624	2	6	8	12	22	123	0	1	2058	1662296064	1249
625	2	6	8	13	22	123	0	1	1860	1657380864	1186
626	2	6	9	10	22	123	0	1	3519	2593824768	1452
627	2	6	9	11	22	123	0	1	2463	1988272128	1230
628	2	6	9	12	22	123	0	1	2931	1986109440	1403
629	2	6	9	13	22	123	0	1	2004	1787731968	1162
630	2	6	10	11	22	123	0	1	2292	1957601280	1293
631	2	6	10	12	22	123	0	1	2970	2087755776	1421
632	2	6	10	13	22	123	0	1	2397	2017173504	1245
633	2	6	11	12	22	123	0	1	2091	1812307968	1314
634	2	6	11	13	22	123	0	1	2139	1659740160	1142
635	2	6	12	13	22	123	0	1	2247	1748410368	1257
636	2	7	8	9	22	123	0	1	2022	1758437376	1216
637	2	7	8	10	22	123	0	1	1926	1702207488	1218
638	2	7	8	11	22	123	0	1	3000	2009309184	1272
639	2	7	8	12	22	123	0	1	2391	1680777216	1270
640	2	7	8	13	22	123	0	1	1974	1847894016	1273
641	2	7	9	10	22	123	0	1	2199	1961336832	1388
642	2	7	9	11	22	123	0	1	2379	1745657856	1191
643	2	7	9	12	22	123	0	1	2544	1771216896	1429
644	2	7	9	13	22	123	0	1	2169	1648926720	1283
645	2	7	10	11	22	123	0	1	2703	1927127040	1213
646	2	7	10	12	22	123	0	1	2535	1926537216	1425
647	2	7	10	13	22	123	0	1	2166	1822728192	1342
648	2	7	11	12	22	123	0	1	3189	2005573632	1328
649	2	7	11	13	22	123	0	1	2721	1850056704	1190
650	2	7	12	13	22	123	0	1	3099	1794809856	1477
651	2	8	9	10	22	123	0	1	2298	1995743232	1254
652	2	8	9	11	22	123	0	1	2229	1821155328	1184
653	2	8	9	12	22	123	0	1	2052	1662689280	1245
654	2	8	9	13	22	123	0	1	1899	1844551680	1205
655	2	8	10	11	22	123	0	1	2484	1880530944	1225
656	2	8	10	12	22	123	0	1	1980	1760010240	1243
657	2	8	10	13	22	123	0	1	2325	1959174144	1308
658	2	8	11	12	22	123	0	1	2955	1848287232	1271
659	2	8	11	13	22	123	0	1	2763	1977655296	1296
660	2	8	12	13	22	123	0	1	2505	1752539136	1322
661	2	9	10	11	22	123	0	1	2091	1810735104	1215
662	2	9	10	12	22	123	0	1	2343	2000461824	1461
663	2	9	10	13	22	123	0	1	2133	2111152128	1307
664	2	9	11	12	22	123	0	1	2577	1673502720	1257
665	2	9	11	13	22	123	0	1	2292	1633984512	1109
666	2	9	12	13	22	123	0	1	2685	1847500800	1332
667	2	10	11	12	22	123	0	1	2547	1875615744	1292
668	2	10	11	13	22	123	0	1	2334	1869127680	1226
669	2	10	12	13	22	123	0	1	2544	2053152768	1466
670	2	11	12	13	22	123	0	1	3135	1889181696	1315
671	3	4	5	6	22	123	0	1	1980	1831968768	1127
672	3	4	5	7	22	123	0	1	1971	1877581824	1233
673	3	4	5	8	22	123	0	1	2133	1725997056	1232
674	3	4	5	9	22	123	0	1	1656	1677041664	1060
675	3	4	5	10	22	123	0	1	2082	1757847552	1255
676	3	4	5	11	22	123	0	1	2016	1694736384	1154
677	3	4	5	12	22	123	0	1	2376	1796186112	1179
678	3	4	5	13	22	123	0	1	2823	1910022144	1229
679	3	4	6	7	22	123	0	1	1953	1792843776	1174
680	3	4	6	8	22	123	0	1	1965	1935187968	1101
681	3	4	6	9	22	123	0	1	2100	1616289792	1129
682	3	4	6	10	22	123	0	1	2556	1852612608	1223
683	3	4	6	11	22	123	0	1	1980	1760796672	1151
684	3	4	6	12	22	123	0	1	2313	1781637120	1172
685	3	4	6	13	22	123	0	1	2052	1794220032	1060
686	3	4	7	8	22	123	0	1	2196	1753325568	1217
687	3	4	7	9	22	123	0	1	1884	1656201216	1156
688	3	4	7	10	22	123	0	1	1959	1637130240	1205
689	3	4	7	11	22	123	0	1	2190	1785176064	1204
690	3	4	7	12	22	123	0	1	2025	1817223168	1222
691	3	4	7	13	22	123	0	1	2388	1940496384	1171
692	3	4	8	9	22	123	0	1	1890	1784782848	1049
693	3	4	8	10	22	123	0	1	1788	1817026560	1131
694	3	4	8	11	22	123	0	1	2391	2004000768	1218
695	3	4	8	12	22	123	0	1	1848	1735630848	1137
696	3	4	8	13	22	123	0	1	2343	2021105664	1216
697	3	4	9	10	22	123	0	1	1980	1811914752	1206
698	3	4	9	11	22	123	0	1	1695	1607049216	1037
699	3	4	9	12	22	123	0	1	1923	1720688640	1172
700	3	4	9	13	22	123	0	1	1881	1788518400	1072
701	3	4	10	11	22	123	0	1	1992	1772003328	1161
702	3	4	10	12	22	123	0	1	2526	1805623296	1300
703	3	4	10	13	22	123	0	1	2739	2010685440	1253
704	3	4	11	12	22	123	0	1	1968	1727569920	1175
705	3	4	11	13	22	123	0	1	2169	1836294144	1163
706	3	4	12	13	22	123	0	1	2610	1872273408	1252
707	3	5	6	7	22	123	0	1	1764	1942265856	1133
708	3	5	6	8	22	123	0	1	1881	1894490112	1164
709	3	5	6	9	22	123	0	1	1761	1694343168	1100
710	3	5	6	10	22	123	0	1	2145	1876402176	1259
711	3	5	6	11	22	123	0	1	1746	1825677312	1070
712	3	5	6	12	22	123	0	1	1878	1904713728	1137
713	3	5	6	13	22	123	0	1	1833	1879547904	1097
714	3	5	7	8	22	123	0	1	2016	1911005184	1254
715	3	5	7	9	22	123	0	1	1893	1662885888	1106
716	3	5	7	10	22	123	0	1	2307	1762172928	1209
717	3	5	7	11	22	123	0	1	2109	1877778432	1130
718	3	5	7	12	22	123	0	1	1872	2004590592	1187
719	3	5	7	13	22	123	0	1	2355	2000658432	1178
720	3	5	8	9	22	123	0	1	1824	1770430464	1093
721	3	5	8	10	22	123	0	1	2325	1728749568	1266
722	3	5	8	11	22	123	0	1	2145	1961533440	1202
723	3	5	8	12	22	123	0	1	1896	1841799168	1181
724	3	5	8	13	22	123	0	1	2739	2179571712	1322
725	3	5	9	10	22	123	0	1	2484	1712234496	1207
726	3	5	9	11	22	123	0	1	1770	1566154752	972
727	3	5	9	12	22	123	0	1	1965	1732485120	1137
728	3	5	9	13	22	123	0	1	1722	1686675456	1092
729	3	5	10	11	22	123	0	1	2310	1639096320	1148
730	3	5	10	12	22	123	0	1	2322	1796186112	1286
731	3	5	10	13	22	123	0	1	2031	1774755840	1258
732	3	5	11	12	22	123	0	1	1875	1785962496	1103
733	3	5	11	13	22	123	0	1	1977	1850646528	1152
734	3	5	12	13	22	123	0	1	2322	1923588096	1277
735	3	6	7	8	22	123	0	1	2013	1969004544	1156
736	3	6	7	9	22	123	0	1	2211	1933025280	1173
737	3	6	7	10	22	123	0	1	2088	1851236352	1227
738	3	6	7	11	22	123	0	1	2064	1974706176	1137
739	3	6	7	12	22	123	0	1	1902	1980801024	1190
740	3	6	7	13	22	123	0	1	1872	1932828672	1079
741	3	6	8	9	22	123	0	1	1962	1859887104	1115
742	3	6	8	10	22	123	0	1	2190	1940299776	1173
743	3	6	8	11	22	123	0	1	2766	2138480640	1214
744	3	6	8	12	22	123	0	1	2247	1899208704	1154
745	3	6	8	13	22	123	0	1	2151	1952882688	1166
746	3	6	9	10	22	123	0	1	2268	1890951168	1301
747	3	6	9	11	22	123	0	1	1644	1770823680	1051
748	3	6	9	12	22	123	0	1	2094	1889574912	1249
749	3	6	9	13	22	123	0	1	1830	1679597568	1132
750	3	6	10	11	22	123	0	1	1965	1762959360	1169
751	3	6	10	12	22	123	0	1	2112	1836687360	1316
752	3	6	10	13	22	123	0	1	1971	1826463744	1197
753	3	6	11	12	22	123	0	1	2019	1851629568	1172
754	3	6	11	13	22	123	0	1	2010	1757650944	1091
755	3	6	12	13	22	123	0	1	1968	1851039744	1181
756	3	7	8	9	22	123	0	1	2004	1770823680	1121
757	3	7	8	10	22	123	0	1	2268	1606852608	1143
758	3	7	8	11	22	123	0	1	2847	1985126400	1224
759	3	7	8	12	22	123	0	1	2253	1765318656	1192
760	3	7	8	13	22	123	0	1	2157	2132189184	1228
761	3	7	9	10	22	123	0	1	2208	1691590656	1249
762	3	7	9	11	22	123	0	1	2091	1681956864	1060
763	3	7	9	12	22	123	0	1	2160	1817026560	1257
764	3	7	9	13	22	123	0	1	1812	1766891520	1129
765	3	7	10	11	22	123	0	1	2379	1659346944	1106
766	3	7	10	12	22	123	0	1	2178	1749000192	1251
767	3	7	10	13	22	123	0	1	1977	1762959360	1163
768	3	7	11	12	22	123	0	1	2370	1915723776	1156
769	3	7	11	13	22	123	0	1	1929	1875419136	1092
770	3	7	12	13	22	123	0	1	2010	1942462464	1227
771	3	8	9	10	22	123	0	1	2466	1756864512	1153
772	3	8	9	11	22	123	0	1	2586	1917100032	1090
773	3	8	9	12	22	123	0	1	2508	1771413504	1184
774	3	8	9	13	22	123	0	1	2190	1825873920	1180
775	3	8	10	11	22	123	0	1	2883	1930862592	1178
776	3	8	10	12	22	123	0	1	2475	1695719424	1185
777	3	8	10	13	22	123	0	1	2067	1906679808	1239
778	3	8	11	12	22	123	0	1	2949	1993777152	1217
779	3	8	11	13	22	123	0	1	2664	2055315456	1290
780	3	8	12	13	22	123	0	1	2349	1769250816	1304
781	3	9	10	11	22	123	0	1	2322	1549639680	1091
782	3	9	10	12	22	123	0	1	2646	1747034112	1373
783	3	9	10	13	22	123	0	1	2166	1802084352	1220
784	3	9	11	12	22	123	0	1	2415	1690017792	1142
785	3	9	11	13	22	123	0	1	2121	1593483264	1041
786	3	9	12	13	22	123	0	1	2307	1782620160	1230
787	3	10	11	12	22	123	0	1	2466	1708498944	1200
788	3	10	11	13	22	123	0	1	2148	1706729472	1152
789	3	10	12	13	22	123	0	1	2166	1818796032	1329
790	3	11	12	13	22	123	0	1	2382	1798348800	1216
791	4	5	6	7	22	123	0	1	2388	2159124480	1193
792	4	5	6	8	22	123	0	1	1833	1704960000	1072
793	4	5	6	9	22	123	0	1	1827	1736810496	1119
794	4	5	6	10	22	123	0	1	2028	1993777152	1263
795	4	5	6	11	22	123	0	1	2037	1818796032	1199
796	4	5	6	12	22	123	0	1	1962	1879941120	1202
797	4	5	6	13	22	123	0	1	1743	1864015872	1119
798	4	5	7	8	22	123	0	1	2064	1932238848	1185
799	4	5	7	9	22	123	0	1	2646	1954455552	1210
800	4	5	7	10	22	123	0	1	3051	2212012032	1343
801	4	5	7	11	22	123	0	1	2802	2064359424	1307
802	4	5	7	12	22	123	0	1	2862	2113511424	1355
803	4	5	7	13	22	123	0	1	2289	1918672896	1338
804	4	5	8	9	22	123	0	1	1806	1726586880	1058
805	4	5	8	10	22	123	0	1	1941	1729142784	1240
806	4	5	8	11	22	123	0	1	2139	1765711872	1284
807	4	5	8	12	22	123	0	1	2022	1699651584	1151
808	4	5	8	13	22	123	0	1	2784	2098569216	1293
809	4	5	9	10	22	123	0	1	2496	1999872000	1284
810	4	5	9	11	22	123	0	1	1788	1646567424	1127
811	4	5	9	12	22	123	0	1	2145	1751162880	1226
812	4	5	9	13	22	123	0	1	1965	1745854464	1172
813	4	5	10	11	22	123	0	1	2232	1824301056	1316
814	4	5	10	12	22	123	0	1	2499	1945411584	1414
815	4	5	10	13	22	123	0	1	2154	1893113856	1387
816	4	5	11	12	22	123	0	1	1992	1768267776	1284
817	4	5	11	13	22	123	0	1	2286	1866178560	1325
818	4	5	12	13	22	123	0	1	2169	1811914752	1402
819	4	6	7	8	22	123	0	1	2001	1744084992	1082
820	4	6	7	9	22	123	0	1	1854	1733664768	1195
821	4	6	7	10	22	123	0	1	2001	1819189248	1269
822	4	6	7	11	22	123	0	1	2382	1926930432	1256
823	4	6	7	12	22	123	0	1	2442	1907662848	1267
824	4	6	7	13	22	123	0	1	2100	1792647168	1165
825	4	6	8	9	22	123	0	1	1872	1596432384	1049
826	4	6	8	10	22	123	0	1	1908	1723047936	1107
827	4	6	8	11	22	123	0	1	2079	1747623936	1224
828	4	6	8	12	22	123	0	1	1767	1664262144	1066
829	4	6	8	13	22	123	0	1	1626	1802674176	1023
830	4	6	9	10	22	123	0	1	2673	1927323648	1361
831	4	6	9	11	22	123	0	1	2286	1730715648	1183
832	4	6	9	12	22	123	0	1	2214	1753522176	1274
833	4	6	9	13	22	123	0	1	1725	1630445568	1090
834	4	6	10	11	22	123	0	1	2382	1848877056	1294
835	4	6	10	12	22	123	0	1	2379	1829216256	1368
836	4	6	10	13	22	123	0	1	2109	1857724416	1212
837	4	6	11	12	22	123	0	1	2094	1851629568	1281
838	4	6	11	13	22	123	0	1	1824	1741725696	1142
839	4	6	12	13	22	123	0	1	2130	1820368896	1187
840	4	7	8	9	22	123	0	1	2046	1717936128	1084
841	4	7	8	10	22	123	0	1	2199	1679597568	1131
842	4	7	8	11	22	123	0	1	2775	1850253312	1280
843	4	7	8	12	22	123	0	1	2472	1682153472	1152
844	4	7	8	13	22	123	0	1	1965	2011471872	1226
845	4	7	9	10	22	123	0	1	2706	1893113856	1364
846	4	7	9	11	22	123	0	1	2535	1670750208	1214
847	4	7	9	12	22	123	0	1	2958	1816829952	1348
848	4	7	9	13	22	123	0	1	2430	1715970048	1260
849	4	7	10	11	22	123	0	1	2757	1887412224	1287
850	4	7	10	12	22	123	0	1	3051	1904517120	1409
851	4	7	10	13	22	123	0	1	2415	1845927936	1359
852	4	7	11	12	22	123	0	1	3087	1941676032	1336
853	4	7	11	13	22	123	0	1	2562	1827643392	1306
854	4	7	12	13	22	123	0	1	3108	1886232576	1452
855	4	8	9	10	22	123	0	1	1878	1835900928	1162
856	4	8	9	11	22	123	0	1	1950	1702993920	1146
857	4	8	9	12	22	123	0	1	2037	1630838784	1106
858	4	8	9	13	22	123	0	1	1746	1838653440	1102
859	4	8	10	11	22	123	0	1	2163	1845141504	1251
860	4	8	10	12	22	123	0	1	1977	1692377088	1174
861	4	8	10	13	22	123	0	1	2256	2052169728	1256
862	4	8	11	12	22	123	0	1	2370	1738776576	1223
863	4	8	11	13	22	123	0	1	2148	1985323008	1337
864	4	8	12	13	22	123	0	1	2052	1759617024	1218
865	4	9	10	11	22	123	0	1	2085	1792843776	1263
866	4	9	10	12	22	123	0	1	2643	1916706816	1454
867	4	9	10	13	22	123	0	1	2166	2040569856	1310
868	4	9	11	12	22	123	0	1	2292	1649713152	1244
869	4	9	11	13	22	123	0	1	1992	1608228864	1135
870	4	9	12	13	22	123	0	1	2532	1793040384	1265
871	4	10	11	12	22	123	0	1	2298	1836883968	1354
872	4	10	11	13	22	123	0	1	2073	1920245760	1325
873	4	10	12	13	22	123	0	1	2499	1911005184	1456
874	4	11	12	13	22	123	0	1	2454	1751162880	1312
875	5	6	7	8	22	123	0	1	1905	1852022784	1162
876	5	6	7	9	22	123	0	1	1899	1779081216	1199
877	5	6	7	10	22	123	0	1	2670	2060820480	1305
878	5	6	7	11	22	123	0	1	2361	1961926656	1216
879	5	6	7	12	22	123	0	1	2496	2056691712	1282
880	5	6	7	13	22	123	0	1	2214	1879744512	1211
881	5	6	8	9	22	123	0	1	2211	1665638400	1147
882	5	6	8	10	22	123	0	1	2073	1691197440	1229
883	5	6	8	11	22	123	0	1	1908	1746640896	1228
884	5	6	8	12	22	123	0	1	1782	1725014016	1123
885	5	6	8	13	22	123	0	1	1908	1928699904	1128
886	5	6	9	10	22	123	0	1	2295	1934008320	1320
887	5	6	9	11	22	123	0	1	1998	1739563008	1121
888	5	6	9	12	22	123	0	1	1980	1835114496	1269
889	5	6	9	13	22	123	0	1	2091	1666818048	1151
890	5	6	10	11	22	123	0	1	2373	1808965632	1254
891	5	6	10	12	22	123	0	1	2754	2003607552	1388
892	5	6	10	13	22	123	0	1	2547	1863426048	1289
893	5	6	11	12	22	123	0	1	2097	1912971264	1229
894	5	6	11	13	22	123	0	1	2109	1829806080	1169
895	5	6	12	13	22	123	0	1	2577	1982767104	1262
896	5	7	8	9	22	123	0	1	1794	1785765888	1142
897	5	7	8	10	22	123	0	1	2442	1828036608	1211
898	5	7	8	11	22	123	0	1	2364	1950523392	1269
899	5	7	8	12	22	123	0	1	2106	1906679808	1200
900	5	7	8	13	22	123	0	1	2544	2331353088	1327
901	5	7	9	10	22	123	0	1	3261	2023858176	1353
902	5	7	9	11	22	123	0	1	2454	1690804224	1177
903	5	7	9	12	22	123	0	1	2994	1871486976	1361
904	5	7	9	13	22	123	0	1	2544	1658363904	1295
905	5	7	10	11	22	123	0	1	3252	2028969984	1291
906	5	7	10	12	22	123	0	1	3675	2190778368	1485
907	5	7	10	13	22	123	0	1	2973	1861853184	1395
908	5	7	11	12	22	123	0	1	3045	2070061056	1325
909	5	7	11	13	22	123	0	1	2568	1907466240	1328
910	5	7	12	13	22	123	0	1	3186	1959763968	1516
911	5	8	9	10	22	123	0	1	2355	1812307968	1204
912	5	8	9	11	22	123	0	1	1767	1743298560	1138
913	5	8	9	12	22	123	0	1	1989	1755684864	1147
914	5	8	9	13	22	123	0	1	2001	1936760832	1172
915	5	8	10	11	22	123	0	1	2607	1739169792	1263
916	5	8	10	12	22	123	0	1	2559	1771610112	1249
917	5	8	10	13	22	123	0	1	2142	1987878912	1335
918	5	8	11	12	22	123	0	1	2208	1836687360	1199
919	5	8	11	13	22	123	0	1	2226	2172100608	1363
920	5	8	12	13	22	123	0	1	2019	1990041600	1289
921	5	9	10	11	22	123	0	1	2709	1711251456	1196
922	5	9	10	12	22	123	0	1	3534	2015600640	1476
923	5	9	10	13	22	123	0	1	3000	1920049152	1341
924	5	9	11	12	22	123	0	1	2484	1683529728	1211
925	5	9	11	13	22	123	0	1	2226	1613340672	1164
926	5	9	12	13	22	123	0	1	2976	1832361984	1335
927	5	10	11	12	22	123	0	1	3171	1912774656	1342
928	5	10	11	13	22	123	0	1	2826	1787731968	1346
929	5	10	12	13	22	123	0	1	3540	2009309184	1543
930	5	11	12	13	22	123	0	1	2853	1950720000	1365
931	6	7	8	9	22	123	0	1	2142	1910611968	1166
932	6	7	8	10	22	123	0	1	2019	1721081856	1172
933	6	7	8	11	22	123	0	1	2598	1833148416	1260
934	6	7	8	12	22	123	0	1	2250	1774755840	1151
935	6	7	8	13	22	123	0	1	1896	1937547264	1138
936	6	7	9	10	22	123	0	1	2403	2075369472	1422
937	6	7	9	11	22	123	0	1	1980	1987092480	1203
938	6	7	9	12	22	123	0	1	2223	2019926016	1363
939	6	7	9	13	22	123	0	1	2067	1769447424	1224
940	6	7	10	11	22	123	0	1	2460	1859493888	1267
941	6	7	10	12	22	123	0	1	2754	1954848768	1400
942	6	7	10	13	22	123	0	1	2349	1805623296	1288
943	6	7	11	12	22	123	0	1	2742	2084806656	1298
944	6	7	11	13	22	123	0	1	2511	1856937984	1190
945	6	7	12	13	22	123	0	1	3027	2013437952	1311
946	6	8	9	10	22	123	0	1	2091	1844748288	1262
947	6	8	9	11	22	123	0	1	1923	1788125184	1197
948	6	8	9	12	22	123	0	1	1920	1787928576	1194
949	6	8	9	13	22	123	0	1	1923	1679794176	1110
950	6	8	10	11	22	123	0	1	2490	1726390272	1246
951	6	8	10	12	22	123	0	1	2298	1724620800	1190
952	6	8	10	13	22	123	0	1	2124	1790484480	1168
953	6	8	11	12	22	123	0	1	2619	1813094400	1242
954	6	8	11	13	22	123	0	1	2637	1847107584	1233
955	6	8	12	13	22	123	0	1	2547	1825873920	1133
956	6	9	10	11	22	123	0	1	2163	1850646528	1291
957	6	9	10	12	22	123	0	1	2436	2047647744	1521
958	6	9	10	13	22	123	0	1	2301	1927913472	1309
959	6	9	11	12	22	123	0	1	1995	1962713088	1289
960	6	9	11	13	22	123	0	1	2091	1664655360	1098
961	6	9	12	13	22	123	0	1	2760	1999282176	1248
962	6	10	11	12	22	123	0	1	2559	1872470016	1347
963	6	10	11	13	22	123	0	1	2481	1731895296	1225
964	6	10	12	13	22	123	0	1	3030	2021892096	1357
965	6	11	12	13	22	123	0	1	2946	1989844992	1245
966	7	8	9	10	22	123	0	1	2484	1774362624	1220
967	7	8	9	11	22	123	0	1	2427	1737203712	1170
968	7	8	9	12	22	123	0	1	2649	1733664768	1215
969	7	8	9	13	22	123	0	1	2055	1928503296	1220
970	7	8	10	11	22	123	0	1	3027	1772789760	1204
971	7	8	10	12	22	123	0	1	2892	1689034752	1200
972	7	8	10	13	22	123	0	1	2304	1897046016	1254
973	7	8	11	12	22	123	0	1	3204	1862639616	1252
974	7	8	11	13	22	123	0	1	2754	2012848128	1330
975	7	8	12	13	22	123	0	1	2826	1876402176	1290
976	7	9	10	11	22	123	0	1	2967	1724227584	1285
977	7	9	10	12	22	123	0	1	3738	2053939200	1565
978	7	9	10	13	22	123	0	1	2982	1843961856	1418
979	7	9	11	12	22	123	0	1	3225	1794613248	1333
980	7	9	11	13	22	123	0	1	2691	1613537280	1234
981	7	9	12	13	22	123	0	1	3540	1922998272	1444
982	7	10	11	12	22	123	0	1	3627	1974312960	1376
983	7	10	11	13	22	123	0	1	3051	1793826816	1295
984	7	10	12	13	22	123	0	1	3846	1996922880	1546
985	7	11	12	13	22	123	0	1	3669	2027593728	1413
986	8	9	10	11	22	123	0	1	2661	1691590656	1187
987	8	9	10	12	22	123	0	1	3003	1798348800	1291
988	8	9	10	13	22	123	0	1	2484	1903140864	1247
989	8	9	11	12	22	123	0	1	2880	1710661632	1211
990	8	9	11	13	22	123	0	1	2574	1768071168	1219
991	8	9	12	13	22	123	0	1	2871	1802280960	1210
992	8	10	11	12	22	123	0	1	3165	1791467520	1242
993	8	10	11	13	22	123	0	1	2934	1926537216	1324
994	8	10	12	13	22	123	0	1	2994	1873649664	1290
995	8	11	12	13	22	123	0	1	3366	1957994496	1340
996	9	10	11	12	22	123	0	1	3375	1802674176	1382
997	9	10	11	13	22	123	0	1	2862	1715380224	1245
998	9	10	12	13	22	123	0	1	3789	2133368832	1514
999	9	11	12	13	22	123	0	1	3348	1823711232	1279
1000	10	11	12	13	22	123	0	1	3657	1949540352	1425
